=== RUN   TestLearningCapacitySourceVolume
    learning_capacity_test.go:455: LEARNING_CAPACITY actual published knowledge=1000 units=4000 paths=200 assets=1000 templates=200 instances=10000 blueprints=1000 rootCandidates=1000 core=8 directSuccessors=999 actualMaxPathNodes=16
    learning_capacity_test.go:455: LEARNING_CAPACITY approvalProofDifferential=1000 allEqual=true allApproved=true
=== RUN   TestLearningCapacitySourceVolume/safe-options
    learning_capacity_test.go:464: LEARNING_CAPACITY optionsWireBytes=211777
    learning_capacity_test.go:458: LEARNING_CAPACITY published-1000-options-1000-candidates elapsed=112.766416ms allocs=70108 bytes=14053368 heap=37358264 maxRSS=319438848 unit=bytes GOOS=darwin err=<nil>
=== RUN   TestLearningCapacitySourceVolume/overview-empty
    learning_capacity_test.go:472: LEARNING_CAPACITY overview-1000-unread elapsed=482.608042ms allocs=68810 bytes=4041584 heap=27606552 maxRSS=319455232 unit=bytes GOOS=darwin err=<nil>
=== NAME  TestLearningCapacitySourceVolume
    learning_capacity_test.go:489: LEARNING_CAPACITY five-body-projection elapsed=186.744834ms allocs=26697 bytes=2664872 heap=26152592 maxRSS=319471616 unit=bytes GOOS=darwin err=<nil>
    learning_capacity_test.go:501: LEARNING_CAPACITY SQLSUMMARY metadata-1000 actualRows=1000 executionMs=69.617000 sharedHits=146815 sharedReads=0
    learning_capacity_test.go:501: LEARNING_CAPACITY SQLPLAN metadata-1000 [
          {
            "Plan": {
              "Node Type": "Limit",
              "Parallel Aware": false,
              "Async Capable": false,
              "Startup Cost": 2940.31,
              "Total Cost": 2961.00,
              "Plan Rows": 1,
              "Plan Width": 271,
              "Actual Startup Time": 67.476,
              "Actual Total Time": 69.519,
              "Actual Rows": 1000,
              "Actual Loops": 1,
              "Shared Hit Blocks": 146815,
              "Shared Read Blocks": 0,
              "Shared Dirtied Blocks": 0,
              "Shared Written Blocks": 0,
              "Local Hit Blocks": 0,
              "Local Read Blocks": 0,
              "Local Dirtied Blocks": 0,
              "Local Written Blocks": 0,
              "Temp Read Blocks": 0,
              "Temp Written Blocks": 0,
              "Plans": [
                {
                  "Node Type": "Limit",
                  "Parent Relationship": "InitPlan",
                  "Subplan Name": "CTE recent",
                  "Parallel Aware": false,
                  "Async Capable": false,
                  "Startup Cost": 0.12,
                  "Total Cost": 8.14,
                  "Plan Rows": 1,
                  "Plan Width": 24,
                  "Actual Startup Time": 0.002,
                  "Actual Total Time": 0.002,
                  "Actual Rows": 0,
                  "Actual Loops": 1,
                  "Shared Hit Blocks": 2,
                  "Shared Read Blocks": 0,
                  "Shared Dirtied Blocks": 0,
                  "Shared Written Blocks": 0,
                  "Local Hit Blocks": 0,
                  "Local Read Blocks": 0,
                  "Local Dirtied Blocks": 0,
                  "Local Written Blocks": 0,
                  "Temp Read Blocks": 0,
                  "Temp Written Blocks": 0,
                  "Plans": [
                    {
                      "Node Type": "Index Only Scan",
                      "Parent Relationship": "Outer",
                      "Parallel Aware": false,
                      "Async Capable": false,
                      "Scan Direction": "Forward",
                      "Index Name": "learning_recent_submission",
                      "Relation Name": "assessment_attempts",
                      "Alias": "assessment_attempts",
                      "Startup Cost": 0.12,
                      "Total Cost": 8.14,
                      "Plan Rows": 1,
                      "Plan Width": 24,
                      "Actual Startup Time": 0.001,
                      "Actual Total Time": 0.001,
                      "Actual Rows": 0,
                      "Actual Loops": 1,
                      "Index Cond": "(owner_user_id = 'bef2d8f7-42db-470a-a9c0-66eaad36ff29'::uuid)",
                      "Rows Removed by Index Recheck": 0,
                      "Heap Fetches": 0,
                      "Shared Hit Blocks": 2,
                      "Shared Read Blocks": 0,
                      "Shared Dirtied Blocks": 0,
                      "Shared Written Blocks": 0,
                      "Local Hit Blocks": 0,
                      "Local Read Blocks": 0,
                      "Local Dirtied Blocks": 0,
                      "Local Written Blocks": 0,
                      "Temp Read Blocks": 0,
                      "Temp Written Blocks": 0
                    }
                  ]
                },
                {
                  "Node Type": "Hash Join",
                  "Parent Relationship": "InitPlan",
                  "Subplan Name": "CTE available_units",
                  "Parallel Aware": false,
                  "Async Capable": false,
                  "Join Type": "Inner",
                  "Startup Cost": 875.18,
                  "Total Cost": 1236.26,
                  "Plan Rows": 2576,
                  "Plan Width": 22,
                  "Actual Startup Time": 1.334,
                  "Actual Total Time": 2.130,
                  "Actual Rows": 4000,
                  "Actual Loops": 1,
                  "Inner Unique": true,
                  "Hash Cond": "((uv.id = m_1.id) AND (uv.version = m_1.version))",
                  "Shared Hit Blocks": 459,
                  "Shared Read Blocks": 0,
                  "Shared Dirtied Blocks": 0,
                  "Shared Written Blocks": 0,
                  "Local Hit Blocks": 0,
                  "Local Read Blocks": 0,
                  "Local Dirtied Blocks": 0,
                  "Local Written Blocks": 0,
                  "Temp Read Blocks": 0,
                  "Temp Written Blocks": 0,
                  "Plans": [
                    {
                      "Node Type": "Merge Join",
                      "Parent Relationship": "Outer",
                      "Parallel Aware": false,
                      "Async Capable": false,
                      "Join Type": "Anti",
                      "Startup Cost": 0.41,
                      "Total Cost": 340.47,
                      "Plan Rows": 4001,
                      "Plan Width": 22,
                      "Actual Startup Time": 0.004,
                      "Actual Total Time": 0.423,
                      "Actual Rows": 4001,
                      "Actual Loops": 1,
                      "Inner Unique": false,
                      "Merge Cond": "((uv.id = w_1.target_id) AND (uv.version = w_1.target_version))",
                      "Join Filter": "(w_1.sha256 = uv.sha256)",
                      "Rows Removed by Join Filter": 0,
                      "Shared Hit Blocks": 64,
                      "Shared Read Blocks": 0,
                      "Shared Dirtied Blocks": 0,
                      "Shared Written Blocks": 0,
                      "Local Hit Blocks": 0,
                      "Local Read Blocks": 0,
                      "Local Dirtied Blocks": 0,
                      "Local Written Blocks": 0,
                      "Temp Read Blocks": 0,
                      "Temp Written Blocks": 0,
                      "Plans": [
                        {
                          "Node Type": "Index Only Scan",
                          "Parent Relationship": "Outer",
                          "Parallel Aware": false,
                          "Async Capable": false,
                          "Scan Direction": "Forward",
                          "Index Name": "learning_unit_identity_sha",
                          "Relation Name": "unit_versions",
                          "Alias": "uv",
                          "Startup Cost": 0.28,
                          "Total Cost": 308.29,
                          "Plan Rows": 4001,
                          "Plan Width": 87,
                          "Actual Startup Time": 0.002,
                          "Actual Total Time": 0.219,
                          "Actual Rows": 4001,
                          "Actual Loops": 1,
                          "Heap Fetches": 0,
                          "Shared Hit Blocks": 62,
                          "Shared Read Blocks": 0,
                          "Shared Dirtied Blocks": 0,
                          "Shared Written Blocks": 0,
                          "Local Hit Blocks": 0,
                          "Local Read Blocks": 0,
                          "Local Dirtied Blocks": 0,
                          "Local Written Blocks": 0,
                          "Temp Read Blocks": 0,
                          "Temp Written Blocks": 0
                        },
                        {
                          "Node Type": "Index Scan",
                          "Parent Relationship": "Inner",
                          "Parallel Aware": false,
                          "Async Capable": false,
                          "Scan Direction": "Forward",
                          "Index Name": "content_withdrawal_version",
                          "Relation Name": "content_withdrawals",
                          "Alias": "w_1",
                          "Startup Cost": 0.12,
                          "Total Cost": 12.15,
                          "Plan Rows": 2,
                          "Plan Width": 68,
                          "Actual Startup Time": 0.001,
                          "Actual Total Time": 0.001,
                          "Actual Rows": 0,
                          "Actual Loops": 1,
                          "Index Cond": "(kind = 'unit'::text)",
                          "Rows Removed by Index Recheck": 0,
                          "Shared Hit Blocks": 2,
                          "Shared Read Blocks": 0,
                          "Shared Dirtied Blocks": 0,
                          "Shared Written Blocks": 0,
                          "Local Hit Blocks": 0,
                          "Local Read Blocks": 0,
                          "Local Dirtied Blocks": 0,
                          "Local Written Blocks": 0,
                          "Temp Read Blocks": 0,
                          "Temp Written Blocks": 0
                        }
                      ]
                    },
                    {
                      "Node Type": "Hash",
                      "Parent Relationship": "Inner",
                      "Parallel Aware": false,
                      "Async Capable": false,
                      "Startup Cost": 814.77,
                      "Total Cost": 814.77,
                      "Plan Rows": 4000,
                      "Plan Width": 21,
                      "Actual Startup Time": 1.329,
                      "Actual Total Time": 1.329,
                      "Actual Rows": 4000,
                      "Actual Loops": 1,
                      "Hash Buckets": 4096,
                      "Original Hash Buckets": 4096,
                      "Hash Batches": 1,
                      "Original Hash Batches": 1,
                      "Peak Memory Usage": 251,
                      "Shared Hit Blocks": 395,
                      "Shared Read Blocks": 0,
                      "Shared Dirtied Blocks": 0,
                      "Shared Written Blocks": 0,
                      "Local Hit Blocks": 0,
                      "Local Read Blocks": 0,
                      "Local Dirtied Blocks": 0,
                      "Local Written Blocks": 0,
                      "Temp Read Blocks": 0,
                      "Temp Written Blocks": 0,
                      "Plans": [
                        {
                          "Node Type": "Seq Scan",
                          "Parent Relationship": "Outer",
                          "Parallel Aware": false,
                          "Async Capable": false,
                          "Relation Name": "publication_members",
                          "Alias": "m_1",
                          "Startup Cost": 0.00,
                          "Total Cost": 814.77,
                          "Plan Rows": 4000,
                          "Plan Width": 21,
                          "Actual Startup Time": 0.752,
                          "Actual Total Time": 1.091,
                          "Actual Rows": 4000,
                          "Actual Loops": 1,
                          "Filter": "((snapshot_id = '1c639112-558a-4a50-a3d9-82c0a76130d9'::text) AND (kind = 'unit'::text) AND (availability = 'active'::text))",
                          "Rows Removed by Filter": 19987,
                          "Shared Hit Blocks": 395,
                          "Shared Read Blocks": 0,
                          "Shared Dirtied Blocks": 0,
                          "Shared Written Blocks": 0,
                          "Local Hit Blocks": 0,
                          "Local Read Blocks": 0,
                          "Local Dirtied Blocks": 0,
                          "Local Written Blocks": 0,
                          "Temp Read Blocks": 0,
                          "Temp Written Blocks": 0
                        }
                      ]
                    }
                  ]
                },
                {
                  "Node Type": "Nested Loop",
                  "Parent Relationship": "InitPlan",
                  "Subplan Name": "CTE available_assets",
                  "Parallel Aware": false,
                  "Async Capable": false,
                  "Join Type": "Anti",
                  "Startup Cost": 291.07,
                  "Total Cost": 712.30,
                  "Plan Rows": 5,
                  "Plan Width": 82,
                  "Actual Startup Time": 0.357,
                  "Actual Total Time": 0.803,
                  "Actual Rows": 1000,
                  "Actual Loops": 1,
                  "Inner Unique": false,
                  "Shared Hit Blocks": 2133,
                  "Shared Read Blocks": 0,
                  "Shared Dirtied Blocks": 0,
                  "Shared Written Blocks": 0,
                  "Local Hit Blocks": 0,
                  "Local Read Blocks": 0,
                  "Local Dirtied Blocks": 0,
                  "Local Written Blocks": 0,
                  "Temp Read Blocks": 0,
                  "Temp Written Blocks": 0,
                  "Plans": [
                    {
                      "Node Type": "Hash Join",
                      "Parent Relationship": "Outer",
                      "Parallel Aware": false,
                      "Async Capable": false,
                      "Join Type": "Inner",
                      "Startup Cost": 290.95,
                      "Total Cost": 711.32,
                      "Plan Rows": 5,
                      "Plan Width": 82,
                      "Actual Startup Time": 0.356,
                      "Actual Total Time": 0.556,
                      "Actual Rows": 1000,
                      "Actual Loops": 1,
                      "Inner Unique": true,
                      "Hash Cond": "((m_2.package_id = pm.package_id) AND (m_2.package_version = pm.package_version) AND (m_2.id = pm.id))",
                      "Shared Hit Blocks": 133,
                      "Shared Read Blocks": 0,
                      "Shared Dirtied Blocks": 0,
                      "Shared Written Blocks": 0,
                      "Local Hit Blocks": 0,
                      "Local Read Blocks": 0,
                      "Local Dirtied Blocks": 0,
                      "Local Written Blocks": 0,
                      "Temp Read Blocks": 0,
                      "Temp Written Blocks": 0,
                      "Plans": [
                        {
                          "Node Type": "Bitmap Heap Scan",
                          "Parent Relationship": "Outer",
                          "Parallel Aware": false,
                          "Async Capable": false,
                          "Relation Name": "publication_members",
                          "Alias": "m_2",
                          "Startup Cost": 94.66,
                          "Total Cost": 507.16,
                          "Plan Rows": 1000,
                          "Plan Width": 36,
                          "Actual Startup Time": 0.026,
                          "Actual Total Time": 0.095,
                          "Actual Rows": 1000,
                          "Actual Loops": 1,
                          "Recheck Cond": "((snapshot_id = '1c639112-558a-4a50-a3d9-82c0a76130d9'::text) AND (kind = 'asset'::text))",
                          "Rows Removed by Index Recheck": 0,
                          "Filter": "(availability = 'active'::text)",
                          "Rows Removed by Filter": 0,
                          "Exact Heap Blocks": 17,
                          "Lossy Heap Blocks": 0,
                          "Shared Hit Blocks": 38,
                          "Shared Read Blocks": 0,
                          "Shared Dirtied Blocks": 0,
                          "Shared Written Blocks": 0,
                          "Local Hit Blocks": 0,
                          "Local Read Blocks": 0,
                          "Local Dirtied Blocks": 0,
                          "Local Written Blocks": 0,
                          "Temp Read Blocks": 0,
                          "Temp Written Blocks": 0,
                          "Plans": [
                            {
                              "Node Type": "Bitmap Index Scan",
                              "Parent Relationship": "Outer",
                              "Parallel Aware": false,
                              "Async Capable": false,
                              "Index Name": "publication_members_pkey",
                              "Startup Cost": 0.00,
                              "Total Cost": 94.41,
                              "Plan Rows": 1000,
                              "Plan Width": 0,
                              "Actual Startup Time": 0.024,
                              "Actual Total Time": 0.024,
                              "Actual Rows": 1000,
                              "Actual Loops": 1,
                              "Index Cond": "((snapshot_id = '1c639112-558a-4a50-a3d9-82c0a76130d9'::text) AND (kind = 'asset'::text))",
                              "Shared Hit Blocks": 21,
                              "Shared Read Blocks": 0,
                              "Shared Dirtied Blocks": 0,
                              "Shared Written Blocks": 0,
                              "Local Hit Blocks": 0,
                              "Local Read Blocks": 0,
                              "Local Dirtied Blocks": 0,
                              "Local Written Blocks": 0,
                              "Temp Read Blocks": 0,
                              "Temp Written Blocks": 0
                            }
                          ]
                        },
                        {
                          "Node Type": "Hash",
                          "Parent Relationship": "Inner",
                          "Parallel Aware": false,
                          "Async Capable": false,
                          "Startup Cost": 177.61,
                          "Total Cost": 177.61,
                          "Plan Rows": 1067,
                          "Plan Width": 101,
                          "Actual Startup Time": 0.326,
                          "Actual Total Time": 0.326,
                          "Actual Rows": 1067,
                          "Actual Loops": 1,
                          "Hash Buckets": 2048,
                          "Original Hash Buckets": 2048,
                          "Hash Batches": 1,
                          "Original Hash Batches": 1,
                          "Peak Memory Usage": 154,
                          "Shared Hit Blocks": 95,
                          "Shared Read Blocks": 0,
                          "Shared Dirtied Blocks": 0,
                          "Shared Written Blocks": 0,
                          "Local Hit Blocks": 0,
                          "Local Read Blocks": 0,
                          "Local Dirtied Blocks": 0,
                          "Local Written Blocks": 0,
                          "Temp Read Blocks": 0,
                          "Temp Written Blocks": 0,
                          "Plans": [
                            {
                              "Node Type": "Seq Scan",
                              "Parent Relationship": "Outer",
                              "Parallel Aware": false,
                              "Async Capable": false,
                              "Relation Name": "package_members",
                              "Alias": "pm",
                              "Startup Cost": 0.00,
                              "Total Cost": 177.61,
                              "Plan Rows": 1067,
                              "Plan Width": 101,
                              "Actual Startup Time": 0.002,
                              "Actual Total Time": 0.242,
                              "Actual Rows": 1067,
                              "Actual Loops": 1,
                              "Filter": "(kind = 'asset'::text)",
                              "Rows Removed by Filter": 5542,
                              "Shared Hit Blocks": 95,
                              "Shared Read Blocks": 0,
                              "Shared Dirtied Blocks": 0,
                              "Shared Written Blocks": 0,
                              "Local Hit Blocks": 0,
                              "Local Read Blocks": 0,
                              "Local Dirtied Blocks": 0,
                              "Local Written Blocks": 0,
                              "Temp Read Blocks": 0,
                              "Temp Written Blocks": 0
                            }
                          ]
                        }
                      ]
                    },
                    {
                      "Node Type": "Index Only Scan",
                      "Parent Relationship": "Inner",
                      "Parallel Aware": false,
                      "Async Capable": false,
                      "Scan Direction": "Forward",
                      "Index Name": "content_withdrawal_asset",
                      "Relation Name": "content_withdrawals",
                      "Alias": "w_2",
                      "Startup Cost": 0.12,
                      "Total Cost": 0.18,
                      "Plan Rows": 1,
                      "Plan Width": 32,
                      "Actual Startup Time": 0.000,
                      "Actual Total Time": 0.000,
                      "Actual Rows": 0,
                      "Actual Loops": 1000,
                      "Index Cond": "(sha256 = pm.asset_sha256)",
                      "Rows Removed by Index Recheck": 0,
                      "Heap Fetches": 0,
                      "Shared Hit Blocks": 2000,
                      "Shared Read Blocks": 0,
                      "Shared Dirtied Blocks": 0,
                      "Shared Written Blocks": 0,
                      "Local Hit Blocks": 0,
                      "Local Read Blocks": 0,
                      "Local Dirtied Blocks": 0,
                      "Local Written Blocks": 0,
                      "Temp Read Blocks": 0,
                      "Temp Written Blocks": 0
                    }
                  ]
                },
                {
                  "Node Type": "Result",
                  "Parent Relationship": "Outer",
                  "Parallel Aware": false,
                  "Async Capable": false,
                  "Startup Cost": 983.60,
                  "Total Cost": 1004.29,
                  "Plan Rows": 1,
                  "Plan Width": 271,
                  "Actual Startup Time": 67.476,
                  "Actual Total Time": 69.481,
                  "Actual Rows": 1000,
                  "Actual Loops": 1,
                  "Shared Hit Blocks": 146815,
                  "Shared Read Blocks": 0,
                  "Shared Dirtied Blocks": 0,
                  "Shared Written Blocks": 0,
                  "Local Hit Blocks": 0,
                  "Local Read Blocks": 0,
                  "Local Dirtied Blocks": 0,
                  "Local Written Blocks": 0,
                  "Temp Read Blocks": 0,
                  "Temp Written Blocks": 0,
                  "Plans": [
                    {
                      "Node Type": "Sort",
                      "Parent Relationship": "Outer",
                      "Parallel Aware": false,
                      "Async Capable": false,
                      "Startup Cost": 983.60,
                      "Total Cost": 983.61,
                      "Plan Rows": 1,
                      "Plan Width": 238,
                      "Actual Startup Time": 67.460,
                      "Actual Total Time": 67.492,
                      "Actual Rows": 1000,
                      "Actual Loops": 1,
                      "Sort Key": ["i.id", "i.version"],
                      "Sort Method": "quicksort",
                      "Sort Space Used": 282,
                      "Sort Space Type": "Memory",
                      "Shared Hit Blocks": 143812,
                      "Shared Read Blocks": 0,
                      "Shared Dirtied Blocks": 0,
                      "Shared Written Blocks": 0,
                      "Local Hit Blocks": 0,
                      "Local Read Blocks": 0,
                      "Local Dirtied Blocks": 0,
                      "Local Written Blocks": 0,
                      "Temp Read Blocks": 0,
                      "Temp Written Blocks": 0,
                      "Plans": [
                        {
                          "Node Type": "Nested Loop",
                          "Parent Relationship": "Outer",
                          "Parallel Aware": false,
                          "Async Capable": false,
                          "Join Type": "Anti",
                          "Startup Cost": 87.34,
                          "Total Cost": 983.59,
                          "Plan Rows": 1,
                          "Plan Width": 238,
                          "Actual Startup Time": 18.395,
                          "Actual Total Time": 67.282,
                          "Actual Rows": 1000,
                          "Actual Loops": 1,
                          "Inner Unique": false,
                          "Shared Hit Blocks": 143812,
                          "Shared Read Blocks": 0,
                          "Shared Dirtied Blocks": 0,
                          "Shared Written Blocks": 0,
                          "Local Hit Blocks": 0,
                          "Local Read Blocks": 0,
                          "Local Dirtied Blocks": 0,
                          "Local Written Blocks": 0,
                          "Temp Read Blocks": 0,
                          "Temp Written Blocks": 0,
                          "Plans": [
                            {
                              "Node Type": "Nested Loop",
                              "Parent Relationship": "Outer",
                              "Parallel Aware": false,
                              "Async Capable": false,
                              "Join Type": "Left",
                              "Startup Cost": 86.89,
                              "Total Cost": 979.10,
                              "Plan Rows": 1,
                              "Plan Width": 238,
                              "Actual Startup Time": 18.391,
                              "Actual Total Time": 66.383,
                              "Actual Rows": 1000,
                              "Actual Loops": 1,
                              "Inner Unique": false,
                              "Shared Hit Blocks": 139812,
                              "Shared Read Blocks": 0,
                              "Shared Dirtied Blocks": 0,
                              "Shared Written Blocks": 0,
                              "Local Hit Blocks": 0,
                              "Local Read Blocks": 0,
                              "Local Dirtied Blocks": 0,
                              "Local Written Blocks": 0,
                              "Temp Read Blocks": 0,
                              "Temp Written Blocks": 0,
                              "Plans": [
                                {
                                  "Node Type": "Nested Loop",
                                  "Parent Relationship": "Outer",
                                  "Parallel Aware": false,
                                  "Async Capable": false,
                                  "Join Type": "Left",
                                  "Startup Cost": 82.58,
                                  "Total Cost": 974.77,
                                  "Plan Rows": 1,
                                  "Plan Width": 230,
                                  "Actual Startup Time": 18.387,
                                  "Actual Total Time": 65.788,
                                  "Actual Rows": 1000,
                                  "Actual Loops": 1,
                                  "Inner Unique": true,
                                  "Shared Hit Blocks": 137812,
                                  "Shared Read Blocks": 0,
                                  "Shared Dirtied Blocks": 0,
                                  "Shared Written Blocks": 0,
                                  "Local Hit Blocks": 0,
                                  "Local Read Blocks": 0,
                                  "Local Dirtied Blocks": 0,
                                  "Local Written Blocks": 0,
                                  "Temp Read Blocks": 0,
                                  "Temp Written Blocks": 0,
                                  "Plans": [
                                    {
                                      "Node Type": "Nested Loop",
                                      "Parent Relationship": "Outer",
                                      "Parallel Aware": false,
                                      "Async Capable": false,
                                      "Join Type": "Inner",
                                      "Startup Cost": 82.43,
                                      "Total Cost": 973.44,
                                      "Plan Rows": 1,
                                      "Plan Width": 222,
                                      "Actual Startup Time": 18.383,
                                      "Actual Total Time": 65.278,
                                      "Actual Rows": 1000,
                                      "Actual Loops": 1,
                                      "Inner Unique": true,
                                      "Join Filter": "((i.id = m.id) AND (i.version = m.version) AND (i.sha256 = m.sha256))",
                                      "Rows Removed by Join Filter": 0,
                                      "Shared Hit Blocks": 136807,
                                      "Shared Read Blocks": 0,
                                      "Shared Dirtied Blocks": 0,
                                      "Shared Written Blocks": 0,
                                      "Local Hit Blocks": 0,
                                      "Local Read Blocks": 0,
                                      "Local Dirtied Blocks": 0,
                                      "Local Written Blocks": 0,
                                      "Temp Read Blocks": 0,
                                      "Temp Written Blocks": 0,
                                      "Plans": [
                                        {
                                          "Node Type": "Nested Loop",
                                          "Parent Relationship": "Outer",
                                          "Parallel Aware": false,
                                          "Async Capable": false,
                                          "Join Type": "Inner",
                                          "Startup Cost": 82.02,
                                          "Total Cost": 892.61,
                                          "Plan Rows": 1,
                                          "Plan Width": 264,
                                          "Actual Startup Time": 14.500,
                                          "Actual Total Time": 33.504,
                                          "Actual Rows": 10000,
                                          "Actual Loops": 1,
                                          "Inner Unique": true,
                                          "Join Filter": "((m.review_id = rd.id) AND (qs.id = m.submission_id))",
                                          "Rows Removed by Join Filter": 0,
                                          "Shared Hit Blocks": 77215,
                                          "Shared Read Blocks": 0,
                                          "Shared Dirtied Blocks": 0,
                                          "Shared Written Blocks": 0,
                                          "Local Hit Blocks": 0,
                                          "Local Read Blocks": 0,
                                          "Local Dirtied Blocks": 0,
                                          "Local Written Blocks": 0,
                                          "Temp Read Blocks": 0,
                                          "Temp Written Blocks": 0,
                                          "Plans": [
                                            {
                                              "Node Type": "Nested Loop",
                                              "Parent Relationship": "Outer",
                                              "Parallel Aware": false,
                                              "Async Capable": false,
                                              "Join Type": "Inner",
                                              "Startup Cost": 81.61,
                                              "Total Cost": 237.61,
                                              "Plan Rows": 1000,
                                              "Plan Width": 197,
                                              "Actual Startup Time": 0.032,
                                              "Actual Total Time": 2.990,
                                              "Actual Rows": 19000,
                                              "Actual Loops": 1,
                                              "Inner Unique": false,
                                              "Shared Hit Blocks": 1215,
                                              "Shared Read Blocks": 0,
                                              "Shared Dirtied Blocks": 0,
                                              "Shared Written Blocks": 0,
                                              "Local Hit Blocks": 0,
                                              "Local Read Blocks": 0,
                                              "Local Dirtied Blocks": 0,
                                              "Local Written Blocks": 0,
                                              "Temp Read Blocks": 0,
                                              "Temp Written Blocks": 0,
                                              "Plans": [
                                                {
                                                  "Node Type": "Nested Loop",
                                                  "Parent Relationship": "Outer",
                                                  "Parallel Aware": false,
                                                  "Async Capable": false,
                                                  "Join Type": "Inner",
                                                  "Startup Cost": 0.00,
                                                  "Total Cost": 15.15,
                                                  "Plan Rows": 1,
                                                  "Plan Width": 48,
                                                  "Actual Startup Time": 0.004,
                                                  "Actual Total Time": 0.053,
                                                  "Actual Rows": 19,
                                                  "Actual Loops": 1,
                                                  "Inner Unique": true,
                                                  "Join Filter": "((rd.submission_id = qs.id) AND (qs.frozen_digest = rd.frozen_digest))",
                                                  "Rows Removed by Join Filter": 171,
                                                  "Shared Hit Blocks": 21,
                                                  "Shared Read Blocks": 0,
                                                  "Shared Dirtied Blocks": 0,
                                                  "Shared Written Blocks": 0,
                                                  "Local Hit Blocks": 0,
                                                  "Local Read Blocks": 0,
                                                  "Local Dirtied Blocks": 0,
                                                  "Local Written Blocks": 0,
                                                  "Temp Read Blocks": 0,
                                                  "Temp Written Blocks": 0,
                                                  "Plans": [
                                                    {
                                                      "Node Type": "Seq Scan",
                                                      "Parent Relationship": "Outer",
                                                      "Parallel Aware": false,
                                                      "Async Capable": false,
                                                      "Relation Name": "question_review_decisions",
                                                      "Alias": "rd",
                                                      "Startup Cost": 0.00,
                                                      "Total Cost": 13.62,
                                                      "Plan Rows": 1,
                                                      "Plan Width": 64,
                                                      "Actual Startup Time": 0.002,
                                                      "Actual Total Time": 0.009,
                                                      "Actual Rows": 19,
                                                      "Actual Loops": 1,
                                                      "Filter": "(decision = 'approve'::text)",
                                                      "Rows Removed by Filter": 0,
                                                      "Shared Hit Blocks": 2,
                                                      "Shared Read Blocks": 0,
                                                      "Shared Dirtied Blocks": 0,
                                                      "Shared Written Blocks": 0,
                                                      "Local Hit Blocks": 0,
                                                      "Local Read Blocks": 0,
                                                      "Local Dirtied Blocks": 0,
                                                      "Local Written Blocks": 0,
                                                      "Temp Read Blocks": 0,
                                                      "Temp Written Blocks": 0
                                                    },
                                                    {
                                                      "Node Type": "Seq Scan",
                                                      "Parent Relationship": "Inner",
                                                      "Parallel Aware": false,
                                                      "Async Capable": false,
                                                      "Relation Name": "question_submissions",
                                                      "Alias": "qs",
                                                      "Startup Cost": 0.00,
                                                      "Total Cost": 1.24,
                                                      "Plan Rows": 19,
                                                      "Plan Width": 81,
                                                      "Actual Startup Time": 0.000,
                                                      "Actual Total Time": 0.001,
                                                      "Actual Rows": 10,
                                                      "Actual Loops": 19,
                                                      "Filter": "(sealed AND (status = 'approved'::text))",
                                                      "Rows Removed by Filter": 0,
                                                      "Shared Hit Blocks": 19,
                                                      "Shared Read Blocks": 0,
                                                      "Shared Dirtied Blocks": 0,
                                                      "Shared Written Blocks": 0,
                                                      "Local Hit Blocks": 0,
                                                      "Local Read Blocks": 0,
                                                      "Local Dirtied Blocks": 0,
                                                      "Local Written Blocks": 0,
                                                      "Temp Read Blocks": 0,
                                                      "Temp Written Blocks": 0
                                                    }
                                                  ]
                                                },
                                                {
                                                  "Node Type": "Bitmap Heap Scan",
                                                  "Parent Relationship": "Inner",
                                                  "Parallel Aware": false,
                                                  "Async Capable": false,
                                                  "Relation Name": "question_submission_members",
                                                  "Alias": "sm",
                                                  "Startup Cost": 81.61,
                                                  "Total Cost": 212.47,
                                                  "Plan Rows": 1000,
                                                  "Plan Width": 149,
                                                  "Actual Startup Time": 0.035,
                                                  "Actual Total Time": 0.089,
                                                  "Actual Rows": 1000,
                                                  "Actual Loops": 19,
                                                  "Recheck Cond": "((qs.id = submission_id) AND (kind = 'instance'::text))",
                                                  "Rows Removed by Index Recheck": 0,
                                                  "Exact Heap Blocks": 653,
                                                  "Lossy Heap Blocks": 0,
                                                  "Shared Hit Blocks": 1194,
                                                  "Shared Read Blocks": 0,
                                                  "Shared Dirtied Blocks": 0,
                                                  "Shared Written Blocks": 0,
                                                  "Local Hit Blocks": 0,
                                                  "Local Read Blocks": 0,
                                                  "Local Dirtied Blocks": 0,
                                                  "Local Written Blocks": 0,
                                                  "Temp Read Blocks": 0,
                                                  "Temp Written Blocks": 0,
                                                  "Plans": [
                                                    {
                                                      "Node Type": "Bitmap Index Scan",
                                                      "Parent Relationship": "Outer",
                                                      "Parallel Aware": false,
                                                      "Async Capable": false,
                                                      "Index Name": "question_submission_members_pkey",
                                                      "Startup Cost": 0.00,
                                                      "Total Cost": 81.36,
                                                      "Plan Rows": 1000,
                                                      "Plan Width": 0,
                                                      "Actual Startup Time": 0.033,
                                                      "Actual Total Time": 0.033,
                                                      "Actual Rows": 1000,
                                                      "Actual Loops": 19,
                                                      "Index Cond": "((submission_id = qs.id) AND (kind = 'instance'::text))",
                                                      "Shared Hit Blocks": 541,
                                                      "Shared Read Blocks": 0,
                                                      "Shared Dirtied Blocks": 0,
                                                      "Shared Written Blocks": 0,
                                                      "Local Hit Blocks": 0,
                                                      "Local Read Blocks": 0,
                                                      "Local Dirtied Blocks": 0,
                                                      "Local Written Blocks": 0,
                                                      "Temp Read Blocks": 0,
                                                      "Temp Written Blocks": 0
                                                    }
                                                  ]
                                                }
                                              ]
                                            },
                                            {
                                              "Node Type": "Index Scan",
                                              "Parent Relationship": "Inner",
                                              "Parallel Aware": false,
                                              "Async Capable": false,
                                              "Scan Direction": "Forward",
                                              "Index Name": "question_publication_members_pkey",
                                              "Relation Name": "question_publication_members",
                                              "Alias": "m",
                                              "Startup Cost": 0.41,
                                              "Total Cost": 0.64,
                                              "Plan Rows": 1,
                                              "Plan Width": 163,
                                              "Actual Startup Time": 0.001,
                                              "Actual Total Time": 0.001,
                                              "Actual Rows": 1,
                                              "Actual Loops": 19000,
                                              "Index Cond": "((publication_id = 'fddbf138-0dc8-4480-bfc4-9d4e9fa30209'::uuid) AND (kind = 'instance'::text) AND (id = sm.id))",
                                              "Rows Removed by Index Recheck": 0,
                                              "Filter": "((version = sm.version) AND (sm.sha256 = sha256) AND (sm.submission_id = submission_id))",
                                              "Rows Removed by Filter": 0,
                                              "Shared Hit Blocks": 76000,
                                              "Shared Read Blocks": 0,
                                              "Shared Dirtied Blocks": 0,
                                              "Shared Written Blocks": 0,
                                              "Local Hit Blocks": 0,
                                              "Local Read Blocks": 0,
                                              "Local Dirtied Blocks": 0,
                                              "Local Written Blocks": 0,
                                              "Temp Read Blocks": 0,
                                              "Temp Written Blocks": 0
                                            }
                                          ]
                                        },
                                        {
                                          "Node Type": "Index Scan",
                                          "Parent Relationship": "Inner",
                                          "Parallel Aware": false,
                                          "Async Capable": false,
                                          "Scan Direction": "Forward",
                                          "Index Name": "question_instances_pkey",
                                          "Relation Name": "question_instances",
                                          "Alias": "i",
                                          "Startup Cost": 0.41,
                                          "Total Cost": 80.81,
                                          "Plan Rows": 1,
                                          "Plan Width": 222,
                                          "Actual Startup Time": 0.003,
                                          "Actual Total Time": 0.003,
                                          "Actual Rows": 0,
                                          "Actual Loops": 10000,
                                          "Index Cond": "((id = sm.id) AND (version = sm.version))",
                                          "Rows Removed by Index Recheck": 0,
                                          "Filter": "(sealed AND (knowledge_id = 'capacity-k-0000'::text) AND (knowledge_version = 1) AND (sha256 = sm.sha256) AND (NOT EXISTS(SubPlan 13)) AND ((template_id IS NULL) OR EXISTS(SubPlan 8)) AND EXISTS(SubPlan 7) AND (NOT EXISTS(SubPlan 11)))",
                                          "Rows Removed by Filter": 1,
                                          "Shared Hit Blocks": 59592,
                                          "Shared Read Blocks": 0,
                                          "Shared Dirtied Blocks": 0,
                                          "Shared Written Blocks": 0,
                                          "Local Hit Blocks": 0,
                                          "Local Read Blocks": 0,
                                          "Local Dirtied Blocks": 0,
                                          "Local Written Blocks": 0,
                                          "Temp Read Blocks": 0,
                                          "Temp Written Blocks": 0,
                                          "Plans": [
                                            {
                                              "Node Type": "Function Scan",
                                              "Parent Relationship": "SubPlan",
                                              "Subplan Name": "SubPlan 13",
                                              "Parallel Aware": false,
                                              "Async Capable": false,
                                              "Function Name": "jsonb_array_elements",
                                              "Alias": "a",
                                              "Startup Cost": 0.12,
                                              "Total Cost": 2.12,
                                              "Plan Rows": 50,
                                              "Plan Width": 0,
                                              "Actual Startup Time": 0.003,
                                              "Actual Total Time": 0.003,
                                              "Actual Rows": 0,
                                              "Actual Loops": 1000,
                                              "Filter": "((ANY (((value ->> 'id'::text) = (hashed SubPlan 12).col1) AND ((value ->> 'sha256'::text) = (hashed SubPlan 12).col2))) IS NOT TRUE)",
                                              "Rows Removed by Filter": 1,
                                              "Shared Hit Blocks": 5133,
                                              "Shared Read Blocks": 0,
                                              "Shared Dirtied Blocks": 0,
                                              "Shared Written Blocks": 0,
                                              "Local Hit Blocks": 0,
                                              "Local Read Blocks": 0,
                                              "Local Dirtied Blocks": 0,
                                              "Local Written Blocks": 0,
                                              "Temp Read Blocks": 0,
                                              "Temp Written Blocks": 0,
                                              "Plans": [
                                                {
                                                  "Node Type": "CTE Scan",
                                                  "Parent Relationship": "SubPlan",
                                                  "Subplan Name": "SubPlan 12",
                                                  "Parallel Aware": false,
                                                  "Async Capable": false,
                                                  "CTE Name": "available_assets",
                                                  "Alias": "available_assets",
                                                  "Startup Cost": 0.00,
                                                  "Total Cost": 0.10,
                                                  "Plan Rows": 5,
                                                  "Plan Width": 64,
                                                  "Actual Startup Time": 0.358,
                                                  "Actual Total Time": 0.887,
                                                  "Actual Rows": 1000,
                                                  "Actual Loops": 1,
                                                  "Shared Hit Blocks": 2133,
                                                  "Shared Read Blocks": 0,
                                                  "Shared Dirtied Blocks": 0,
                                                  "Shared Written Blocks": 0,
                                                  "Local Hit Blocks": 0,
                                                  "Local Read Blocks": 0,
                                                  "Local Dirtied Blocks": 0,
                                                  "Local Written Blocks": 0,
                                                  "Temp Read Blocks": 0,
                                                  "Temp Written Blocks": 0
                                                }
                                              ]
                                            },
                                            {
                                              "Node Type": "Index Scan",
                                              "Parent Relationship": "SubPlan",
                                              "Subplan Name": "SubPlan 8",
                                              "Parallel Aware": false,
                                              "Async Capable": false,
                                              "Scan Direction": "Forward",
                                              "Index Name": "question_member_history",
                                              "Relation Name": "question_publication_members",
                                              "Alias": "tm",
                                              "Startup Cost": 0.41,
                                              "Total Cost": 8.44,
                                              "Plan Rows": 1,
                                              "Plan Width": 0,
                                              "Actual Startup Time": 0.002,
                                              "Actual Total Time": 0.002,
                                              "Actual Rows": 1,
                                              "Actual Loops": 1000,
                                              "Index Cond": "((kind = 'template'::text) AND (id = i.template_id) AND (version = i.template_version) AND (publication_id = 'fddbf138-0dc8-4480-bfc4-9d4e9fa30209'::uuid))",
                                              "Rows Removed by Index Recheck": 0,
                                              "Filter": "(sha256 = i.template_sha256)",
                                              "Rows Removed by Filter": 0,
                                              "Shared Hit Blocks": 4000,
                                              "Shared Read Blocks": 0,
                                              "Shared Dirtied Blocks": 0,
                                              "Shared Written Blocks": 0,
                                              "Local Hit Blocks": 0,
                                              "Local Read Blocks": 0,
                                              "Local Dirtied Blocks": 0,
                                              "Local Written Blocks": 0,
                                              "Temp Read Blocks": 0,
                                              "Temp Written Blocks": 0
                                            },
                                            {
                                              "Node Type": "Bitmap Heap Scan",
                                              "Parent Relationship": "SubPlan",
                                              "Subplan Name": "SubPlan 7",
                                              "Parallel Aware": false,
                                              "Async Capable": false,
                                              "Relation Name": "question_blueprint_sources",
                                              "Alias": "bs",
                                              "Startup Cost": 8.86,
                                              "Total Cost": 12.89,
                                              "Plan Rows": 1,
                                              "Plan Width": 0,
                                              "Actual Startup Time": 0.004,
                                              "Actual Total Time": 0.004,
                                              "Actual Rows": 1,
                                              "Actual Loops": 1000,
                                              "Recheck Cond": "(((blueprint_id = 'lc-blueprint-0-0'::text) AND (blueprint_version = 1) AND (kind = 'instance'::text) AND (id = i.id)) OR ((blueprint_id = 'lc-blueprint-0-0'::text) AND (blueprint_version = 1) AND (kind = 'template'::text) AND (id = i.template_id)))",
                                              "Rows Removed by Index Recheck": 0,
                                              "Filter": "(((kind = 'instance'::text) AND (id = i.id) AND (version = i.version)) OR ((kind = 'template'::text) AND (id = i.template_id) AND (version = i.template_version)))",
                                              "Rows Removed by Filter": 0,
                                              "Exact Heap Blocks": 1000,
                                              "Lossy Heap Blocks": 0,
                                              "Shared Hit Blocks": 7000,
                                              "Shared Read Blocks": 0,
                                              "Shared Dirtied Blocks": 0,
                                              "Shared Written Blocks": 0,
                                              "Local Hit Blocks": 0,
                                              "Local Read Blocks": 0,
                                              "Local Dirtied Blocks": 0,
                                              "Local Written Blocks": 0,
                                              "Temp Read Blocks": 0,
                                              "Temp Written Blocks": 0,
                                              "Plans": [
                                                {
                                                  "Node Type": "BitmapOr",
                                                  "Parent Relationship": "Outer",
                                                  "Parallel Aware": false,
                                                  "Async Capable": false,
                                                  "Startup Cost": 8.86,
                                                  "Total Cost": 8.86,
                                                  "Plan Rows": 1,
                                                  "Plan Width": 0,
                                                  "Actual Startup Time": 0.004,
                                                  "Actual Total Time": 0.004,
                                                  "Actual Rows": 0,
                                                  "Actual Loops": 1000,
                                                  "Shared Hit Blocks": 6000,
                                                  "Shared Read Blocks": 0,
                                                  "Shared Dirtied Blocks": 0,
                                                  "Shared Written Blocks": 0,
                                                  "Local Hit Blocks": 0,
                                                  "Local Read Blocks": 0,
                                                  "Local Dirtied Blocks": 0,
                                                  "Local Written Blocks": 0,
                                                  "Temp Read Blocks": 0,
                                                  "Temp Written Blocks": 0,
                                                  "Plans": [
                                                    {
                                                      "Node Type": "Bitmap Index Scan",
                                                      "Parent Relationship": "Member",
                                                      "Parallel Aware": false,
                                                      "Async Capable": false,
                                                      "Index Name": "question_blueprint_sources_pkey",
                                                      "Startup Cost": 0.00,
                                                      "Total Cost": 4.43,
                                                      "Plan Rows": 1,
                                                      "Plan Width": 0,
                                                      "Actual Startup Time": 0.002,
                                                      "Actual Total Time": 0.002,
                                                      "Actual Rows": 0,
                                                      "Actual Loops": 1000,
                                                      "Index Cond": "((blueprint_id = 'lc-blueprint-0-0'::text) AND (blueprint_version = 1) AND (kind = 'instance'::text) AND (id = i.id))",
                                                      "Shared Hit Blocks": 3000,
                                                      "Shared Read Blocks": 0,
                                                      "Shared Dirtied Blocks": 0,
                                                      "Shared Written Blocks": 0,
                                                      "Local Hit Blocks": 0,
                                                      "Local Read Blocks": 0,
                                                      "Local Dirtied Blocks": 0,
                                                      "Local Written Blocks": 0,
                                                      "Temp Read Blocks": 0,
                                                      "Temp Written Blocks": 0
                                                    },
                                                    {
                                                      "Node Type": "Bitmap Index Scan",
                                                      "Parent Relationship": "Member",
                                                      "Parallel Aware": false,
                                                      "Async Capable": false,
                                                      "Index Name": "question_blueprint_sources_pkey",
                                                      "Startup Cost": 0.00,
                                                      "Total Cost": 4.43,
                                                      "Plan Rows": 1,
                                                      "Plan Width": 0,
                                                      "Actual Startup Time": 0.002,
                                                      "Actual Total Time": 0.002,
                                                      "Actual Rows": 1,
                                                      "Actual Loops": 1000,
                                                      "Index Cond": "((blueprint_id = 'lc-blueprint-0-0'::text) AND (blueprint_version = 1) AND (kind = 'template'::text) AND (id = i.template_id))",
                                                      "Shared Hit Blocks": 3000,
                                                      "Shared Read Blocks": 0,
                                                      "Shared Dirtied Blocks": 0,
                                                      "Shared Written Blocks": 0,
                                                      "Local Hit Blocks": 0,
                                                      "Local Read Blocks": 0,
                                                      "Local Dirtied Blocks": 0,
                                                      "Local Written Blocks": 0,
                                                      "Temp Read Blocks": 0,
                                                      "Temp Written Blocks": 0
                                                    }
                                                  ]
                                                }
                                              ]
                                            },
                                            {
                                              "Node Type": "Function Scan",
                                              "Parent Relationship": "SubPlan",
                                              "Subplan Name": "SubPlan 11",
                                              "Parallel Aware": false,
                                              "Async Capable": false,
                                              "Function Name": "jsonb_array_elements",
                                              "Alias": "u",
                                              "Startup Cost": 57.97,
                                              "Total Cost": 60.47,
                                              "Plan Rows": 50,
                                              "Plan Width": 0,
                                              "Actual Startup Time": 0.005,
                                              "Actual Total Time": 0.005,
                                              "Actual Rows": 0,
                                              "Actual Loops": 1000,
                                              "Filter": "((ANY (((value ->> 'id'::text) = (hashed SubPlan 10).col1) AND (((value ->> 'version'::text))::integer = (hashed SubPlan 10).col2))) IS NOT TRUE)",
                                              "Rows Removed by Filter": 1,
                                              "Shared Hit Blocks": 3459,
                                              "Shared Read Blocks": 0,
                                              "Shared Dirtied Blocks": 0,
                                              "Shared Written Blocks": 0,
                                              "Local Hit Blocks": 0,
                                              "Local Read Blocks": 0,
                                              "Local Dirtied Blocks": 0,
                                              "Local Written Blocks": 0,
                                              "Temp Read Blocks": 0,
                                              "Temp Written Blocks": 0,
                                              "Plans": [
                                                {
                                                  "Node Type": "CTE Scan",
                                                  "Parent Relationship": "SubPlan",
                                                  "Subplan Name": "SubPlan 10",
                                                  "Parallel Aware": false,
                                                  "Async Capable": false,
                                                  "CTE Name": "available_units",
                                                  "Alias": "available_units",
                                                  "Startup Cost": 0.00,
                                                  "Total Cost": 51.52,
                                                  "Plan Rows": 2576,
                                                  "Plan Width": 36,
                                                  "Actual Startup Time": 1.335,
                                                  "Actual Total Time": 2.442,
                                                  "Actual Rows": 4000,
                                                  "Actual Loops": 1,
                                                  "Shared Hit Blocks": 459,
                                                  "Shared Read Blocks": 0,
                                                  "Shared Dirtied Blocks": 0,
                                                  "Shared Written Blocks": 0,
                                                  "Local Hit Blocks": 0,
                                                  "Local Read Blocks": 0,
                                                  "Local Dirtied Blocks": 0,
                                                  "Local Written Blocks": 0,
                                                  "Temp Read Blocks": 0,
                                                  "Temp Written Blocks": 0
                                                }
                                              ]
                                            }
                                          ]
                                        }
                                      ]
                                    },
                                    {
                                      "Node Type": "Index Scan",
                                      "Parent Relationship": "Inner",
                                      "Parallel Aware": false,
                                      "Async Capable": false,
                                      "Scan Direction": "Forward",
                                      "Index Name": "learner_question_views_pkey",
                                      "Relation Name": "learner_question_views",
                                      "Alias": "v",
                                      "Startup Cost": 0.15,
                                      "Total Cost": 0.94,
                                      "Plan Rows": 1,
                                      "Plan Width": 76,
                                      "Actual Startup Time": 0.000,
                                      "Actual Total Time": 0.000,
                                      "Actual Rows": 0,
                                      "Actual Loops": 1000,
                                      "Index Cond": "((owner_user_id = 'bef2d8f7-42db-470a-a9c0-66eaad36ff29'::uuid) AND (instance_id = i.id) AND (instance_version = i.version) AND (instance_sha256 = i.sha256))",
                                      "Rows Removed by Index Recheck": 0,
                                      "Shared Hit Blocks": 1005,
                                      "Shared Read Blocks": 0,
                                      "Shared Dirtied Blocks": 0,
                                      "Shared Written Blocks": 0,
                                      "Local Hit Blocks": 0,
                                      "Local Read Blocks": 0,
                                      "Local Dirtied Blocks": 0,
                                      "Local Written Blocks": 0,
                                      "Temp Read Blocks": 0,
                                      "Temp Written Blocks": 0
                                    }
                                  ]
                                },
                                {
                                  "Node Type": "Result",
                                  "Parent Relationship": "Inner",
                                  "Parallel Aware": false,
                                  "Async Capable": false,
                                  "Startup Cost": 4.31,
                                  "Total Cost": 4.32,
                                  "Plan Rows": 1,
                                  "Plan Width": 8,
                                  "Actual Startup Time": 0.000,
                                  "Actual Total Time": 0.000,
                                  "Actual Rows": 1,
                                  "Actual Loops": 1000,
                                  "Shared Hit Blocks": 2000,
                                  "Shared Read Blocks": 0,
                                  "Shared Dirtied Blocks": 0,
                                  "Shared Written Blocks": 0,
                                  "Local Hit Blocks": 0,
                                  "Local Read Blocks": 0,
                                  "Local Dirtied Blocks": 0,
                                  "Local Written Blocks": 0,
                                  "Temp Read Blocks": 0,
                                  "Temp Written Blocks": 0,
                                  "Plans": [
                                    {
                                      "Node Type": "Limit",
                                      "Parent Relationship": "InitPlan",
                                      "Subplan Name": "InitPlan 14",
                                      "Parallel Aware": false,
                                      "Async Capable": false,
                                      "Startup Cost": 0.27,
                                      "Total Cost": 4.31,
                                      "Plan Rows": 1,
                                      "Plan Width": 8,
                                      "Actual Startup Time": 0.000,
                                      "Actual Total Time": 0.000,
                                      "Actual Rows": 0,
                                      "Actual Loops": 1000,
                                      "Shared Hit Blocks": 2000,
                                      "Shared Read Blocks": 0,
                                      "Shared Dirtied Blocks": 0,
                                      "Shared Written Blocks": 0,
                                      "Local Hit Blocks": 0,
                                      "Local Read Blocks": 0,
                                      "Local Dirtied Blocks": 0,
                                      "Local Written Blocks": 0,
                                      "Temp Read Blocks": 0,
                                      "Temp Written Blocks": 0,
                                      "Plans": [
                                        {
                                          "Node Type": "Index Only Scan",
                                          "Parent Relationship": "Outer",
                                          "Parallel Aware": false,
                                          "Async Capable": false,
                                          "Scan Direction": "Backward",
                                          "Index Name": "learning_exposure_reverse",
                                          "Relation Name": "learner_answer_exposures",
                                          "Alias": "e",
                                          "Startup Cost": 0.27,
                                          "Total Cost": 4.31,
                                          "Plan Rows": 1,
                                          "Plan Width": 8,
                                          "Actual Startup Time": 0.000,
                                          "Actual Total Time": 0.000,
                                          "Actual Rows": 0,
                                          "Actual Loops": 1000,
                                          "Index Cond": "(owner_user_id = 'bef2d8f7-42db-470a-a9c0-66eaad36ff29'::uuid)",
                                          "Rows Removed by Index Recheck": 0,
                                          "Filter": "(((kind = 'instance'::text) AND (id = i.id) AND (version = i.version) AND (sha256 = i.sha256)) OR ((kind = 'template'::text) AND (id = i.template_id) AND (version = i.template_version) AND (sha256 = i.template_sha256)))",
                                          "Rows Removed by Filter": 0,
                                          "Heap Fetches": 0,
                                          "Shared Hit Blocks": 2000,
                                          "Shared Read Blocks": 0,
                                          "Shared Dirtied Blocks": 0,
                                          "Shared Written Blocks": 0,
                                          "Local Hit Blocks": 0,
                                          "Local Read Blocks": 0,
                                          "Local Dirtied Blocks": 0,
                                          "Local Written Blocks": 0,
                                          "Temp Read Blocks": 0,
                                          "Temp Written Blocks": 0
                                        }
                                      ]
                                    }
                                  ]
                                }
                              ]
                            },
                            {
                              "Node Type": "Bitmap Heap Scan",
                              "Parent Relationship": "Inner",
                              "Parallel Aware": false,
                              "Async Capable": false,
                              "Relation Name": "question_withdrawals",
                              "Alias": "w",
                              "Startup Cost": 0.45,
                              "Total Cost": 4.48,
                              "Plan Rows": 1,
                              "Plan Width": 100,
                              "Actual Startup Time": 0.001,
                              "Actual Total Time": 0.001,
                              "Actual Rows": 0,
                              "Actual Loops": 1000,
                              "Recheck Cond": "(((kind = 'instance'::text) AND (target_id = i.id) AND (target_version = i.version)) OR ((kind = 'template'::text) AND (target_id = i.template_id) AND (target_version = i.template_version)))",
                              "Rows Removed by Index Recheck": 0,
                              "Filter": "(((kind = 'instance'::text) AND (target_id = i.id) AND (target_version = i.version) AND (sha256 = i.sha256)) OR ((kind = 'template'::text) AND (target_id = i.template_id) AND (target_version = i.template_version) AND (sha256 = i.template_sha256)))",
                              "Rows Removed by Filter": 0,
                              "Exact Heap Blocks": 0,
                              "Lossy Heap Blocks": 0,
                              "Shared Hit Blocks": 4000,
                              "Shared Read Blocks": 0,
                              "Shared Dirtied Blocks": 0,
                              "Shared Written Blocks": 0,
                              "Local Hit Blocks": 0,
                              "Local Read Blocks": 0,
                              "Local Dirtied Blocks": 0,
                              "Local Written Blocks": 0,
                              "Temp Read Blocks": 0,
                              "Temp Written Blocks": 0,
                              "Plans": [
                                {
                                  "Node Type": "BitmapOr",
                                  "Parent Relationship": "Outer",
                                  "Parallel Aware": false,
                                  "Async Capable": false,
                                  "Startup Cost": 0.45,
                                  "Total Cost": 0.45,
                                  "Plan Rows": 1,
                                  "Plan Width": 0,
                                  "Actual Startup Time": 0.000,
                                  "Actual Total Time": 0.000,
                                  "Actual Rows": 0,
                                  "Actual Loops": 1000,
                                  "Shared Hit Blocks": 4000,
                                  "Shared Read Blocks": 0,
                                  "Shared Dirtied Blocks": 0,
                                  "Shared Written Blocks": 0,
                                  "Local Hit Blocks": 0,
                                  "Local Read Blocks": 0,
                                  "Local Dirtied Blocks": 0,
                                  "Local Written Blocks": 0,
                                  "Temp Read Blocks": 0,
                                  "Temp Written Blocks": 0,
                                  "Plans": [
                                    {
                                      "Node Type": "Bitmap Index Scan",
                                      "Parent Relationship": "Member",
                                      "Parallel Aware": false,
                                      "Async Capable": false,
                                      "Index Name": "question_withdrawals_kind_target_id_target_version_key",
                                      "Startup Cost": 0.00,
                                      "Total Cost": 0.22,
                                      "Plan Rows": 1,
                                      "Plan Width": 0,
                                      "Actual Startup Time": 0.000,
                                      "Actual Total Time": 0.000,
                                      "Actual Rows": 0,
                                      "Actual Loops": 1000,
                                      "Index Cond": "((kind = 'instance'::text) AND (target_id = i.id) AND (target_version = i.version))",
                                      "Shared Hit Blocks": 2000,
                                      "Shared Read Blocks": 0,
                                      "Shared Dirtied Blocks": 0,
                                      "Shared Written Blocks": 0,
                                      "Local Hit Blocks": 0,
                                      "Local Read Blocks": 0,
                                      "Local Dirtied Blocks": 0,
                                      "Local Written Blocks": 0,
                                      "Temp Read Blocks": 0,
                                      "Temp Written Blocks": 0
                                    },
                                    {
                                      "Node Type": "Bitmap Index Scan",
                                      "Parent Relationship": "Member",
                                      "Parallel Aware": false,
                                      "Async Capable": false,
                                      "Index Name": "question_withdrawals_kind_target_id_target_version_key",
                                      "Startup Cost": 0.00,
                                      "Total Cost": 0.22,
                                      "Plan Rows": 1,
                                      "Plan Width": 0,
                                      "Actual Startup Time": 0.000,
                                      "Actual Total Time": 0.000,
                                      "Actual Rows": 0,
                                      "Actual Loops": 1000,
                                      "Index Cond": "((kind = 'template'::text) AND (target_id = i.template_id) AND (target_version = i.template_version))",
                                      "Shared Hit Blocks": 2000,
                                      "Shared Read Blocks": 0,
                                      "Shared Dirtied Blocks": 0,
                                      "Shared Written Blocks": 0,
                                      "Local Hit Blocks": 0,
                                      "Local Read Blocks": 0,
                                      "Local Dirtied Blocks": 0,
                                      "Local Written Blocks": 0,
                                      "Temp Read Blocks": 0,
                                      "Temp Written Blocks": 0
                                    }
                                  ]
                                }
                              ]
                            }
                          ]
                        }
                      ]
                    },
                    {
                      "Node Type": "Aggregate",
                      "Strategy": "Plain",
                      "Partial Mode": "Simple",
                      "Parent Relationship": "SubPlan",
                      "Subplan Name": "SubPlan 4",
                      "Parallel Aware": false,
                      "Async Capable": false,
                      "Startup Cost": 4.44,
                      "Total Cost": 4.45,
                      "Plan Rows": 1,
                      "Plan Width": 32,
                      "Actual Startup Time": 0.002,
                      "Actual Total Time": 0.002,
                      "Actual Rows": 1,
                      "Actual Loops": 1000,
                      "Shared Hit Blocks": 3001,
                      "Shared Read Blocks": 0,
                      "Shared Dirtied Blocks": 0,
                      "Shared Written Blocks": 0,
                      "Local Hit Blocks": 0,
                      "Local Read Blocks": 0,
                      "Local Dirtied Blocks": 0,
                      "Local Written Blocks": 0,
                      "Temp Read Blocks": 0,
                      "Temp Written Blocks": 0,
                      "Plans": [
                        {
                          "Node Type": "Index Only Scan",
                          "Parent Relationship": "Outer",
                          "Parallel Aware": false,
                          "Async Capable": false,
                          "Scan Direction": "Forward",
                          "Index Name": "learning_coverage_knowledge",
                          "Relation Name": "question_instance_coverage",
                          "Alias": "c",
                          "Startup Cost": 0.41,
                          "Total Cost": 4.43,
                          "Plan Rows": 1,
                          "Plan Width": 4,
                          "Actual Startup Time": 0.001,
                          "Actual Total Time": 0.001,
                          "Actual Rows": 1,
                          "Actual Loops": 1000,
                          "Index Cond": "((knowledge_id = 'capacity-k-0000'::text) AND (knowledge_version = 1) AND (instance_id = i.id) AND (instance_version = i.version))",
                          "Rows Removed by Index Recheck": 0,
                          "Heap Fetches": 0,
                          "Shared Hit Blocks": 3001,
                          "Shared Read Blocks": 0,
                          "Shared Dirtied Blocks": 0,
                          "Shared Written Blocks": 0,
                          "Local Hit Blocks": 0,
                          "Local Read Blocks": 0,
                          "Local Dirtied Blocks": 0,
                          "Local Written Blocks": 0,
                          "Temp Read Blocks": 0,
                          "Temp Written Blocks": 0
                        }
                      ]
                    },
                    {
                      "Node Type": "Nested Loop",
                      "Parent Relationship": "SubPlan",
                      "Subplan Name": "SubPlan 6",
                      "Parallel Aware": false,
                      "Async Capable": false,
                      "Join Type": "Inner",
                      "Startup Cost": 4.17,
                      "Total Cost": 11.33,
                      "Plan Rows": 3,
                      "Plan Width": 68,
                      "Actual Startup Time": 0.002,
                      "Actual Total Time": 0.002,
                      "Actual Rows": 0,
                      "Actual Loops": 1,
                      "Inner Unique": false,
                      "Shared Hit Blocks": 2,
                      "Shared Read Blocks": 0,
                      "Shared Dirtied Blocks": 0,
                      "Shared Written Blocks": 0,
                      "Local Hit Blocks": 0,
                      "Local Read Blocks": 0,
                      "Local Dirtied Blocks": 0,
                      "Local Written Blocks": 0,
                      "Temp Read Blocks": 0,
                      "Temp Written Blocks": 0,
                      "Plans": [
                        {
                          "Node Type": "CTE Scan",
                          "Parent Relationship": "Outer",
                          "Parallel Aware": false,
                          "Async Capable": false,
                          "CTE Name": "recent",
                          "Alias": "r",
                          "Startup Cost": 0.00,
                          "Total Cost": 0.02,
                          "Plan Rows": 1,
                          "Plan Width": 16,
                          "Actual Startup Time": 0.002,
                          "Actual Total Time": 0.002,
                          "Actual Rows": 0,
                          "Actual Loops": 1,
                          "Shared Hit Blocks": 2,
                          "Shared Read Blocks": 0,
                          "Shared Dirtied Blocks": 0,
                          "Shared Written Blocks": 0,
                          "Local Hit Blocks": 0,
                          "Local Read Blocks": 0,
                          "Local Dirtied Blocks": 0,
                          "Local Written Blocks": 0,
                          "Temp Read Blocks": 0,
                          "Temp Written Blocks": 0
                        },
                        {
                          "Node Type": "Bitmap Heap Scan",
                          "Parent Relationship": "Inner",
                          "Parallel Aware": false,
                          "Async Capable": false,
                          "Relation Name": "assessment_items",
                          "Alias": "ai",
                          "Startup Cost": 4.17,
                          "Total Cost": 11.28,
                          "Plan Rows": 3,
                          "Plan Width": 84,
                          "Actual Startup Time": 0.000,
                          "Actual Total Time": 0.000,
                          "Actual Rows": 0,
                          "Actual Loops": 0,
                          "Recheck Cond": "(attempt_id = r.id)",
                          "Rows Removed by Index Recheck": 0,
                          "Exact Heap Blocks": 0,
                          "Lossy Heap Blocks": 0,
                          "Shared Hit Blocks": 0,
                          "Shared Read Blocks": 0,
                          "Shared Dirtied Blocks": 0,
                          "Shared Written Blocks": 0,
                          "Local Hit Blocks": 0,
                          "Local Read Blocks": 0,
                          "Local Dirtied Blocks": 0,
                          "Local Written Blocks": 0,
                          "Temp Read Blocks": 0,
                          "Temp Written Blocks": 0,
                          "Plans": [
                            {
                              "Node Type": "Bitmap Index Scan",
                              "Parent Relationship": "Outer",
                              "Parallel Aware": false,
                              "Async Capable": false,
                              "Index Name": "assessment_items_attempt_id_position_instance_id_instance_v_key",
                              "Startup Cost": 0.00,
                              "Total Cost": 4.17,
                              "Plan Rows": 3,
                              "Plan Width": 0,
                              "Actual Startup Time": 0.000,
                              "Actual Total Time": 0.000,
                              "Actual Rows": 0,
                              "Actual Loops": 0,
                              "Index Cond": "(attempt_id = r.id)",
                              "Shared Hit Blocks": 0,
                              "Shared Read Blocks": 0,
                              "Shared Dirtied Blocks": 0,
                              "Shared Written Blocks": 0,
                              "Local Hit Blocks": 0,
                              "Local Read Blocks": 0,
                              "Local Dirtied Blocks": 0,
                              "Local Written Blocks": 0,
                              "Temp Read Blocks": 0,
                              "Temp Written Blocks": 0
                            }
                          ]
                        }
                      ]
                    }
                  ]
                }
              ]
            },
            "Planning": {
              "Shared Hit Blocks": 39,
              "Shared Read Blocks": 0,
              "Shared Dirtied Blocks": 0,
              "Shared Written Blocks": 0,
              "Local Hit Blocks": 0,
              "Local Read Blocks": 0,
              "Local Dirtied Blocks": 0,
              "Local Written Blocks": 0,
              "Temp Read Blocks": 0,
              "Temp Written Blocks": 0
            },
            "Planning Time": 2.776,
            "Triggers": [
            ],
            "Execution Time": 69.617
          }
        ]
    learning_capacity_test.go:501: LEARNING_CAPACITY SQLSUMMARY private-five-bodies actualRows=5 executionMs=4.349000 sharedHits=1607 sharedReads=0
    learning_capacity_test.go:501: LEARNING_CAPACITY SQLPLAN private-five-bodies [
          {
            "Plan": {
              "Node Type": "Sort",
              "Parallel Aware": false,
              "Async Capable": false,
              "Startup Cost": 267.87,
              "Total Cost": 267.88,
              "Plan Rows": 1,
              "Plan Width": 1208,
              "Actual Startup Time": 4.329,
              "Actual Total Time": 4.330,
              "Actual Rows": 5,
              "Actual Loops": 1,
              "Sort Key": ["r.\"position\""],
              "Sort Method": "quicksort",
              "Sort Space Used": 31,
              "Sort Space Type": "Memory",
              "Shared Hit Blocks": 1607,
              "Shared Read Blocks": 0,
              "Shared Dirtied Blocks": 0,
              "Shared Written Blocks": 0,
              "Local Hit Blocks": 0,
              "Local Read Blocks": 0,
              "Local Dirtied Blocks": 0,
              "Local Written Blocks": 0,
              "Temp Read Blocks": 0,
              "Temp Written Blocks": 0,
              "Plans": [
                {
                  "Node Type": "Nested Loop",
                  "Parent Relationship": "Outer",
                  "Parallel Aware": false,
                  "Async Capable": false,
                  "Join Type": "Inner",
                  "Startup Cost": 98.97,
                  "Total Cost": 267.86,
                  "Plan Rows": 1,
                  "Plan Width": 1208,
                  "Actual Startup Time": 2.653,
                  "Actual Total Time": 4.326,
                  "Actual Rows": 5,
                  "Actual Loops": 1,
                  "Inner Unique": false,
                  "Shared Hit Blocks": 1607,
                  "Shared Read Blocks": 0,
                  "Shared Dirtied Blocks": 0,
                  "Shared Written Blocks": 0,
                  "Local Hit Blocks": 0,
                  "Local Read Blocks": 0,
                  "Local Dirtied Blocks": 0,
                  "Local Written Blocks": 0,
                  "Temp Read Blocks": 0,
                  "Temp Written Blocks": 0,
                  "Plans": [
                    {
                      "Node Type": "Nested Loop",
                      "Parent Relationship": "Outer",
                      "Parallel Aware": false,
                      "Async Capable": false,
                      "Join Type": "Inner",
                      "Startup Cost": 98.82,
                      "Total Cost": 259.69,
                      "Plan Rows": 1,
                      "Plan Width": 1224,
                      "Actual Startup Time": 2.651,
                      "Actual Total Time": 4.321,
                      "Actual Rows": 5,
                      "Actual Loops": 1,
                      "Inner Unique": true,
                      "Join Filter": "((i.id = m.id) AND (i.version = m.version) AND (i.sha256 = m.sha256) AND (m.review_id = rd.id) AND (s.id = m.submission_id))",
                      "Rows Removed by Join Filter": 0,
                      "Shared Hit Blocks": 1597,
                      "Shared Read Blocks": 0,
                      "Shared Dirtied Blocks": 0,
                      "Shared Written Blocks": 0,
                      "Local Hit Blocks": 0,
                      "Local Read Blocks": 0,
                      "Local Dirtied Blocks": 0,
                      "Local Written Blocks": 0,
                      "Temp Read Blocks": 0,
                      "Temp Written Blocks": 0,
                      "Plans": [
                        {
                          "Node Type": "Nested Loop",
                          "Parent Relationship": "Outer",
                          "Parallel Aware": false,
                          "Async Capable": false,
                          "Join Type": "Inner",
                          "Startup Cost": 98.41,
                          "Total Cost": 259.03,
                          "Plan Rows": 1,
                          "Plan Width": 1286,
                          "Actual Startup Time": 0.063,
                          "Actual Total Time": 4.228,
                          "Actual Rows": 50,
                          "Actual Loops": 1,
                          "Inner Unique": true,
                          "Shared Hit Blocks": 1397,
                          "Shared Read Blocks": 0,
                          "Shared Dirtied Blocks": 0,
                          "Shared Written Blocks": 0,
                          "Local Hit Blocks": 0,
                          "Local Read Blocks": 0,
                          "Local Dirtied Blocks": 0,
                          "Local Written Blocks": 0,
                          "Temp Read Blocks": 0,
                          "Temp Written Blocks": 0,
                          "Plans": [
                            {
                              "Node Type": "Hash Join",
                              "Parent Relationship": "Outer",
                              "Parallel Aware": false,
                              "Async Capable": false,
                              "Join Type": "Inner",
                              "Startup Cost": 98.00,
                              "Total Cost": 257.71,
                              "Plan Rows": 1,
                              "Plan Width": 233,
                              "Actual Startup Time": 0.058,
                              "Actual Total Time": 4.148,
                              "Actual Rows": 50,
                              "Actual Loops": 1,
                              "Inner Unique": false,
                              "Hash Cond": "((sm.id = (r.instance ->> 'id'::text)) AND (sm.version = ((r.instance ->> 'version'::text))::integer) AND (sm.sha256 = (r.instance ->> 'sha256'::text)))",
                              "Shared Hit Blocks": 1197,
                              "Shared Read Blocks": 0,
                              "Shared Dirtied Blocks": 0,
                              "Shared Written Blocks": 0,
                              "Local Hit Blocks": 0,
                              "Local Read Blocks": 0,
                              "Local Dirtied Blocks": 0,
                              "Local Written Blocks": 0,
                              "Temp Read Blocks": 0,
                              "Temp Written Blocks": 0,
                              "Plans": [
                                {
                                  "Node Type": "Nested Loop",
                                  "Parent Relationship": "Outer",
                                  "Parallel Aware": false,
                                  "Async Capable": false,
                                  "Join Type": "Inner",
                                  "Startup Cost": 95.25,
                                  "Total Cost": 237.44,
                                  "Plan Rows": 1000,
                                  "Plan Width": 197,
                                  "Actual Startup Time": 0.037,
                                  "Actual Total Time": 2.696,
                                  "Actual Rows": 19000,
                                  "Actual Loops": 1,
                                  "Inner Unique": false,
                                  "Shared Hit Blocks": 1197,
                                  "Shared Read Blocks": 0,
                                  "Shared Dirtied Blocks": 0,
                                  "Shared Written Blocks": 0,
                                  "Local Hit Blocks": 0,
                                  "Local Read Blocks": 0,
                                  "Local Dirtied Blocks": 0,
                                  "Local Written Blocks": 0,
                                  "Temp Read Blocks": 0,
                                  "Temp Written Blocks": 0,
                                  "Plans": [
                                    {
                                      "Node Type": "Hash Join",
                                      "Parent Relationship": "Outer",
                                      "Parallel Aware": false,
                                      "Async Capable": false,
                                      "Join Type": "Inner",
                                      "Startup Cost": 13.64,
                                      "Total Cost": 14.98,
                                      "Plan Rows": 1,
                                      "Plan Width": 48,
                                      "Actual Startup Time": 0.009,
                                      "Actual Total Time": 0.017,
                                      "Actual Rows": 19,
                                      "Actual Loops": 1,
                                      "Inner Unique": true,
                                      "Hash Cond": "((s.id = rd.submission_id) AND (s.frozen_digest = rd.frozen_digest))",
                                      "Shared Hit Blocks": 3,
                                      "Shared Read Blocks": 0,
                                      "Shared Dirtied Blocks": 0,
                                      "Shared Written Blocks": 0,
                                      "Local Hit Blocks": 0,
                                      "Local Read Blocks": 0,
                                      "Local Dirtied Blocks": 0,
                                      "Local Written Blocks": 0,
                                      "Temp Read Blocks": 0,
                                      "Temp Written Blocks": 0,
                                      "Plans": [
                                        {
                                          "Node Type": "Seq Scan",
                                          "Parent Relationship": "Outer",
                                          "Parallel Aware": false,
                                          "Async Capable": false,
                                          "Relation Name": "question_submissions",
                                          "Alias": "s",
                                          "Startup Cost": 0.00,
                                          "Total Cost": 1.24,
                                          "Plan Rows": 19,
                                          "Plan Width": 81,
                                          "Actual Startup Time": 0.002,
                                          "Actual Total Time": 0.006,
                                          "Actual Rows": 19,
                                          "Actual Loops": 1,
                                          "Filter": "(sealed AND (status = 'approved'::text))",
                                          "Rows Removed by Filter": 0,
                                          "Shared Hit Blocks": 1,
                                          "Shared Read Blocks": 0,
                                          "Shared Dirtied Blocks": 0,
                                          "Shared Written Blocks": 0,
                                          "Local Hit Blocks": 0,
                                          "Local Read Blocks": 0,
                                          "Local Dirtied Blocks": 0,
                                          "Local Written Blocks": 0,
                                          "Temp Read Blocks": 0,
                                          "Temp Written Blocks": 0
                                        },
                                        {
                                          "Node Type": "Hash",
                                          "Parent Relationship": "Inner",
                                          "Parallel Aware": false,
                                          "Async Capable": false,
                                          "Startup Cost": 13.62,
                                          "Total Cost": 13.62,
                                          "Plan Rows": 1,
                                          "Plan Width": 64,
                                          "Actual Startup Time": 0.006,
                                          "Actual Total Time": 0.006,
                                          "Actual Rows": 19,
                                          "Actual Loops": 1,
                                          "Hash Buckets": 1024,
                                          "Original Hash Buckets": 1024,
                                          "Hash Batches": 1,
                                          "Original Hash Batches": 1,
                                          "Peak Memory Usage": 11,
                                          "Shared Hit Blocks": 2,
                                          "Shared Read Blocks": 0,
                                          "Shared Dirtied Blocks": 0,
                                          "Shared Written Blocks": 0,
                                          "Local Hit Blocks": 0,
                                          "Local Read Blocks": 0,
                                          "Local Dirtied Blocks": 0,
                                          "Local Written Blocks": 0,
                                          "Temp Read Blocks": 0,
                                          "Temp Written Blocks": 0,
                                          "Plans": [
                                            {
                                              "Node Type": "Seq Scan",
                                              "Parent Relationship": "Outer",
                                              "Parallel Aware": false,
                                              "Async Capable": false,
                                              "Relation Name": "question_review_decisions",
                                              "Alias": "rd",
                                              "Startup Cost": 0.00,
                                              "Total Cost": 13.62,
                                              "Plan Rows": 1,
                                              "Plan Width": 64,
                                              "Actual Startup Time": 0.002,
                                              "Actual Total Time": 0.003,
                                              "Actual Rows": 19,
                                              "Actual Loops": 1,
                                              "Filter": "(decision = 'approve'::text)",
                                              "Rows Removed by Filter": 0,
                                              "Shared Hit Blocks": 2,
                                              "Shared Read Blocks": 0,
                                              "Shared Dirtied Blocks": 0,
                                              "Shared Written Blocks": 0,
                                              "Local Hit Blocks": 0,
                                              "Local Read Blocks": 0,
                                              "Local Dirtied Blocks": 0,
                                              "Local Written Blocks": 0,
                                              "Temp Read Blocks": 0,
                                              "Temp Written Blocks": 0
                                            }
                                          ]
                                        }
                                      ]
                                    },
                                    {
                                      "Node Type": "Bitmap Heap Scan",
                                      "Parent Relationship": "Inner",
                                      "Parallel Aware": false,
                                      "Async Capable": false,
                                      "Relation Name": "question_submission_members",
                                      "Alias": "sm",
                                      "Startup Cost": 81.61,
                                      "Total Cost": 212.47,
                                      "Plan Rows": 1000,
                                      "Plan Width": 149,
                                      "Actual Startup Time": 0.030,
                                      "Actual Total Time": 0.081,
                                      "Actual Rows": 1000,
                                      "Actual Loops": 19,
                                      "Recheck Cond": "((s.id = submission_id) AND (kind = 'instance'::text))",
                                      "Rows Removed by Index Recheck": 0,
                                      "Exact Heap Blocks": 653,
                                      "Lossy Heap Blocks": 0,
                                      "Shared Hit Blocks": 1194,
                                      "Shared Read Blocks": 0,
                                      "Shared Dirtied Blocks": 0,
                                      "Shared Written Blocks": 0,
                                      "Local Hit Blocks": 0,
                                      "Local Read Blocks": 0,
                                      "Local Dirtied Blocks": 0,
                                      "Local Written Blocks": 0,
                                      "Temp Read Blocks": 0,
                                      "Temp Written Blocks": 0,
                                      "Plans": [
                                        {
                                          "Node Type": "Bitmap Index Scan",
                                          "Parent Relationship": "Outer",
                                          "Parallel Aware": false,
                                          "Async Capable": false,
                                          "Index Name": "question_submission_members_pkey",
                                          "Startup Cost": 0.00,
                                          "Total Cost": 81.36,
                                          "Plan Rows": 1000,
                                          "Plan Width": 0,
                                          "Actual Startup Time": 0.028,
                                          "Actual Total Time": 0.028,
                                          "Actual Rows": 1000,
                                          "Actual Loops": 19,
                                          "Index Cond": "((submission_id = s.id) AND (kind = 'instance'::text))",
                                          "Shared Hit Blocks": 541,
                                          "Shared Read Blocks": 0,
                                          "Shared Dirtied Blocks": 0,
                                          "Shared Written Blocks": 0,
                                          "Local Hit Blocks": 0,
                                          "Local Read Blocks": 0,
                                          "Local Dirtied Blocks": 0,
                                          "Local Written Blocks": 0,
                                          "Temp Read Blocks": 0,
                                          "Temp Written Blocks": 0
                                        }
                                      ]
                                    }
                                  ]
                                },
                                {
                                  "Node Type": "Hash",
                                  "Parent Relationship": "Inner",
                                  "Parallel Aware": false,
                                  "Async Capable": false,
                                  "Startup Cost": 1.00,
                                  "Total Cost": 1.00,
                                  "Plan Rows": 100,
                                  "Plan Width": 36,
                                  "Actual Startup Time": 0.007,
                                  "Actual Total Time": 0.007,
                                  "Actual Rows": 5,
                                  "Actual Loops": 1,
                                  "Hash Buckets": 1024,
                                  "Original Hash Buckets": 1024,
                                  "Hash Batches": 1,
                                  "Original Hash Batches": 1,
                                  "Peak Memory Usage": 10,
                                  "Shared Hit Blocks": 0,
                                  "Shared Read Blocks": 0,
                                  "Shared Dirtied Blocks": 0,
                                  "Shared Written Blocks": 0,
                                  "Local Hit Blocks": 0,
                                  "Local Read Blocks": 0,
                                  "Local Dirtied Blocks": 0,
                                  "Local Written Blocks": 0,
                                  "Temp Read Blocks": 0,
                                  "Temp Written Blocks": 0,
                                  "Plans": [
                                    {
                                      "Node Type": "Function Scan",
                                      "Parent Relationship": "Outer",
                                      "Parallel Aware": false,
                                      "Async Capable": false,
                                      "Function Name": "jsonb_to_recordset",
                                      "Alias": "r",
                                      "Startup Cost": 0.00,
                                      "Total Cost": 1.00,
                                      "Plan Rows": 100,
                                      "Plan Width": 36,
                                      "Actual Startup Time": 0.004,
                                      "Actual Total Time": 0.005,
                                      "Actual Rows": 5,
                                      "Actual Loops": 1,
                                      "Shared Hit Blocks": 0,
                                      "Shared Read Blocks": 0,
                                      "Shared Dirtied Blocks": 0,
                                      "Shared Written Blocks": 0,
                                      "Local Hit Blocks": 0,
                                      "Local Read Blocks": 0,
                                      "Local Dirtied Blocks": 0,
                                      "Local Written Blocks": 0,
                                      "Temp Read Blocks": 0,
                                      "Temp Written Blocks": 0
                                    }
                                  ]
                                }
                              ]
                            },
                            {
                              "Node Type": "Index Scan",
                              "Parent Relationship": "Inner",
                              "Parallel Aware": false,
                              "Async Capable": false,
                              "Scan Direction": "Forward",
                              "Index Name": "question_instances_pkey",
                              "Relation Name": "question_instances",
                              "Alias": "i",
                              "Startup Cost": 0.41,
                              "Total Cost": 1.31,
                              "Plan Rows": 1,
                              "Plan Width": 1053,
                              "Actual Startup Time": 0.001,
                              "Actual Total Time": 0.001,
                              "Actual Rows": 1,
                              "Actual Loops": 50,
                              "Index Cond": "((id = sm.id) AND (version = sm.version))",
                              "Rows Removed by Index Recheck": 0,
                              "Filter": "(sealed AND (sha256 = sm.sha256))",
                              "Rows Removed by Filter": 0,
                              "Shared Hit Blocks": 200,
                              "Shared Read Blocks": 0,
                              "Shared Dirtied Blocks": 0,
                              "Shared Written Blocks": 0,
                              "Local Hit Blocks": 0,
                              "Local Read Blocks": 0,
                              "Local Dirtied Blocks": 0,
                              "Local Written Blocks": 0,
                              "Temp Read Blocks": 0,
                              "Temp Written Blocks": 0
                            }
                          ]
                        },
                        {
                          "Node Type": "Index Scan",
                          "Parent Relationship": "Inner",
                          "Parallel Aware": false,
                          "Async Capable": false,
                          "Scan Direction": "Forward",
                          "Index Name": "question_publication_members_pkey",
                          "Relation Name": "question_publication_members",
                          "Alias": "m",
                          "Startup Cost": 0.41,
                          "Total Cost": 0.64,
                          "Plan Rows": 1,
                          "Plan Width": 402,
                          "Actual Startup Time": 0.002,
                          "Actual Total Time": 0.002,
                          "Actual Rows": 0,
                          "Actual Loops": 50,
                          "Index Cond": "((publication_id = 'fddbf138-0dc8-4480-bfc4-9d4e9fa30209'::uuid) AND (kind = 'instance'::text) AND (id = sm.id))",
                          "Rows Removed by Index Recheck": 0,
                          "Filter": "((version = sm.version) AND (sm.sha256 = sha256) AND (sm.submission_id = submission_id))",
                          "Rows Removed by Filter": 1,
                          "Shared Hit Blocks": 200,
                          "Shared Read Blocks": 0,
                          "Shared Dirtied Blocks": 0,
                          "Shared Written Blocks": 0,
                          "Local Hit Blocks": 0,
                          "Local Read Blocks": 0,
                          "Local Dirtied Blocks": 0,
                          "Local Written Blocks": 0,
                          "Temp Read Blocks": 0,
                          "Temp Written Blocks": 0
                        }
                      ]
                    },
                    {
                      "Node Type": "Index Scan",
                      "Parent Relationship": "Inner",
                      "Parallel Aware": false,
                      "Async Capable": false,
                      "Scan Direction": "Forward",
                      "Index Name": "question_publications_pkey",
                      "Relation Name": "question_publications",
                      "Alias": "p",
                      "Startup Cost": 0.14,
                      "Total Cost": 8.16,
                      "Plan Rows": 1,
                      "Plan Width": 16,
                      "Actual Startup Time": 0.001,
                      "Actual Total Time": 0.001,
                      "Actual Rows": 1,
                      "Actual Loops": 5,
                      "Index Cond": "(id = 'fddbf138-0dc8-4480-bfc4-9d4e9fa30209'::uuid)",
                      "Rows Removed by Index Recheck": 0,
                      "Filter": "(sealed AND (status = 'published'::text))",
                      "Rows Removed by Filter": 0,
                      "Shared Hit Blocks": 10,
                      "Shared Read Blocks": 0,
                      "Shared Dirtied Blocks": 0,
                      "Shared Written Blocks": 0,
                      "Local Hit Blocks": 0,
                      "Local Read Blocks": 0,
                      "Local Dirtied Blocks": 0,
                      "Local Written Blocks": 0,
                      "Temp Read Blocks": 0,
                      "Temp Written Blocks": 0
                    }
                  ]
                }
              ]
            },
            "Planning": {
              "Shared Hit Blocks": 24,
              "Shared Read Blocks": 0,
              "Shared Dirtied Blocks": 0,
              "Shared Written Blocks": 0,
              "Local Hit Blocks": 0,
              "Local Read Blocks": 0,
              "Local Dirtied Blocks": 0,
              "Local Written Blocks": 0,
              "Temp Read Blocks": 0,
              "Temp Written Blocks": 0
            },
            "Planning Time": 2.997,
            "Triggers": [
            ],
            "Execution Time": 4.349
          }
        ]
=== RUN   TestLearningCapacitySourceVolume/submit-999-successors
    learning_capacity_test.go:504: LEARNING_CAPACITY node-pass-and-999-successors elapsed=2.087851708s allocs=32234 bytes=4880944 heap=5967840 maxRSS=319504384 unit=bytes GOOS=darwin err=<nil>
=== RUN   TestLearningCapacitySourceVolume/overview-after-node-pass
    learning_capacity_test.go:513: LEARNING_CAPACITY overview-1000-with-actual-pass elapsed=490.346167ms allocs=68920 bytes=4041480 heap=4670552 maxRSS=319504384 unit=bytes GOOS=darwin err=<nil>
=== NAME  TestLearningCapacitySourceVolume
    learning_capacity_test.go:522: LEARNING_CAPACITY maximum-template-exposure-20-families elapsed=26.750375ms allocs=120862 bytes=27494936 heap=19227888 maxRSS=319504384 unit=bytes GOOS=darwin err=<nil>
    learning_capacity_test.go:542: LEARNING_CAPACITY maximum-alternative-pass-antijoin elapsed=85.137708ms allocs=69708 bytes=12900704 heap=30357568 maxRSS=319668224 unit=bytes GOOS=darwin err=<nil>
    learning_capacity_test.go:549: LEARNING_CAPACITY maximum-owned-historical-svg elapsed=10.232584ms allocs=1112 bytes=234208 heap=17703696 maxRSS=319668224 unit=bytes GOOS=darwin err=<nil>
    learning_capacity_test.go:566: LEARNING_CAPACITY maximum-owned-history-101-offset-0 elapsed=8.144625ms allocs=2666 bytes=139464 heap=17616960 maxRSS=319930368 unit=bytes GOOS=darwin err=<nil>
    learning_capacity_test.go:566: LEARNING_CAPACITY maximum-owned-history-101-offset-100 elapsed=7.098542ms allocs=677 bytes=39312 heap=17490504 maxRSS=319930368 unit=bytes GOOS=darwin err=<nil>
=== RUN   TestLearningCapacitySourceVolume/maximum-shared-two-slots-and-exclusive-lock
    learning_capacity_test.go:436: LEARNING_CAPACITY twoRealHeavyCreations=true differentUsers=true twoSharedSlots=true elapsed=257.516583ms
    learning_capacity_test.go:450: LEARNING_CAPACITY exclusiveLockWait=1.00945225s no-writing-read=true
--- PASS: TestLearningCapacitySourceVolume (91.30s)
    --- PASS: TestLearningCapacitySourceVolume/safe-options (0.11s)
    --- PASS: TestLearningCapacitySourceVolume/overview-empty (0.48s)
    --- PASS: TestLearningCapacitySourceVolume/submit-999-successors (2.09s)
    --- PASS: TestLearningCapacitySourceVolume/overview-after-node-pass (0.49s)
    --- PASS: TestLearningCapacitySourceVolume/maximum-shared-two-slots-and-exclusive-lock (1.27s)
PASS
ok  	github.com/yyl1212/math_master/backend/internal/store	91.577s
