2026-10-04T00:06:53.3544133Z Current runner version: '2.337.0'
2026-10-04T00:06:53.3571007Z ##[group]Runner Image Provisioner
2026-10-04T00:06:53.3571902Z Hosted Compute Agent
2026-10-04T00:06:53.3572531Z Version: 20260901.588
2026-10-04T00:06:53.3573267Z Commit: f88ec8081b781fac6c440065ac7ff9e710ce3d0b
2026-10-04T00:06:53.3574062Z Build Date: 2026-09-01T19:56:44Z
2026-10-04T00:06:53.3574809Z Worker ID: {51731e37-da23-4d6a-b910-fad7f830403d}
2026-10-04T00:06:53.3575566Z Azure Region: westus
2026-10-04T00:06:53.3576156Z ##[endgroup]
2026-10-04T00:06:53.3577969Z ##[group]Operating System
2026-10-04T00:06:53.3578675Z Ubuntu
2026-10-04T00:06:53.3579280Z 24.04.5
2026-10-04T00:06:53.3579837Z LTS
2026-10-04T00:06:53.3580423Z ##[endgroup]
2026-10-04T00:06:53.3581043Z ##[group]Runner Image
2026-10-04T00:06:53.3581724Z Image: ubuntu-24.04
2026-10-04T00:06:53.3582287Z Version: 20260927.320.1
2026-10-04T00:06:53.3583639Z Included Software: https://github.com/actions/runner-images/blob/ubuntu24/20260927.320/images/ubuntu/Ubuntu2404-Readme.md
2026-10-04T00:06:53.3585309Z Image Release: https://github.com/actions/runner-images/releases/tag/ubuntu24%2F20260927.320
2026-10-04T00:06:53.3586349Z ##[endgroup]
2026-10-04T00:06:53.3587765Z ##[group]GITHUB_TOKEN Permissions
2026-10-04T00:06:53.3589717Z Contents: read
2026-10-04T00:06:53.3590334Z Metadata: read
2026-10-04T00:06:53.3591062Z ##[endgroup]
2026-10-04T00:06:53.3593230Z Secret source: Actions
2026-10-04T00:06:53.3594268Z Cache mode: write
2026-10-04T00:06:53.3594981Z Prepare workflow directory
2026-10-04T00:06:53.4102706Z Prepare all required actions
2026-10-04T00:06:53.4150114Z Getting action download info
2026-10-04T00:06:53.7920433Z Download action repository 'actions/checkout@3d3c42e5aac5ba805825da76410c181273ba90b1' (SHA:3d3c42e5aac5ba805825da76410c181273ba90b1)
2026-10-04T00:06:53.9068330Z Download action repository 'actions/setup-go@b7ad1dad31e06c5925ef5d2fc7ad053ef454303e' (SHA:b7ad1dad31e06c5925ef5d2fc7ad053ef454303e)
2026-10-04T00:06:54.3813914Z Download action repository 'actions/setup-node@820762786026740c76f36085b0efc47a31fe5020' (SHA:820762786026740c76f36085b0efc47a31fe5020)
2026-10-04T00:06:54.5757132Z Complete job name: correction_verify
2026-10-04T00:06:54.6287507Z ##[group]Checking docker version
2026-10-04T00:06:54.6300405Z ##[command]/usr/bin/docker version --format '{{.Server.APIVersion}}'
2026-10-04T00:06:54.7314459Z '1.48'
2026-10-04T00:06:54.7333184Z Docker daemon API version: '1.48'
2026-10-04T00:06:54.7334061Z ##[command]/usr/bin/docker version --format '{{.Client.APIVersion}}'
2026-10-04T00:06:54.7518427Z '1.48'
2026-10-04T00:06:54.7533156Z Docker client API version: '1.48'
2026-10-04T00:06:54.7538446Z ##[endgroup]
2026-10-04T00:06:54.7541415Z ##[group]Clean up resources from previous jobs
2026-10-04T00:06:54.7547904Z ##[command]/usr/bin/docker ps --all --quiet --no-trunc --filter "label=180e4c"
2026-10-04T00:06:54.7717423Z ##[command]/usr/bin/docker network prune --force --filter "label=180e4c"
2026-10-04T00:06:54.7864196Z ##[endgroup]
2026-10-04T00:06:54.7864832Z ##[group]Create local container network
2026-10-04T00:06:54.7875144Z ##[command]/usr/bin/docker network create --label 180e4c github_network_1706f76ca3024fe7a920bad267fe3797
2026-10-04T00:06:54.8543723Z 51de694fe55cd7c02dcd964c440191f6531feacc52cadd8cf0c105dabd4948c3
2026-10-04T00:06:54.8562594Z ##[endgroup]
2026-10-04T00:06:54.8588434Z ##[group]Starting postgres service container
2026-10-04T00:06:54.8610498Z ##[command]/usr/bin/docker pull postgres:17.11
2026-10-04T00:06:55.8018214Z 17.11: Pulling from library/postgres
2026-10-04T00:06:56.0654879Z 6b37362b3da7: Pulling fs layer
2026-10-04T00:06:56.0656135Z 0725a8be915e: Pulling fs layer
2026-10-04T00:06:56.0657822Z 71f55f60a786: Pulling fs layer
2026-10-04T00:06:56.0659254Z 564dc3c4a6f9: Pulling fs layer
2026-10-04T00:06:56.0660763Z 752819419f50: Pulling fs layer
2026-10-04T00:06:56.0662190Z 8b51b9245051: Pulling fs layer
2026-10-04T00:06:56.0663437Z 498b9ff7d682: Pulling fs layer
2026-10-04T00:06:56.0664899Z 755a851127eb: Pulling fs layer
2026-10-04T00:06:56.0666258Z bbe7b3469b20: Pulling fs layer
2026-10-04T00:06:56.0668821Z 73872941ba23: Pulling fs layer
2026-10-04T00:06:56.0670157Z 2f9b6cf2e417: Pulling fs layer
2026-10-04T00:06:56.0671640Z 3feaebf93d15: Pulling fs layer
2026-10-04T00:06:56.0673119Z 50e228e2fe6d: Pulling fs layer
2026-10-04T00:06:56.0674690Z bed9376b51dc: Pulling fs layer
2026-10-04T00:06:56.0676082Z 8b51b9245051: Waiting
2026-10-04T00:06:56.0677443Z 498b9ff7d682: Waiting
2026-10-04T00:06:56.0678817Z 755a851127eb: Waiting
2026-10-04T00:06:56.0679870Z bbe7b3469b20: Waiting
2026-10-04T00:06:56.0681298Z 73872941ba23: Waiting
2026-10-04T00:06:56.0682422Z 2f9b6cf2e417: Waiting
2026-10-04T00:06:56.0683461Z 3feaebf93d15: Waiting
2026-10-04T00:06:56.0684895Z 50e228e2fe6d: Waiting
2026-10-04T00:06:56.0686110Z 564dc3c4a6f9: Waiting
2026-10-04T00:06:56.0687465Z 752819419f50: Waiting
2026-10-04T00:06:56.0688512Z bed9376b51dc: Waiting
2026-10-04T00:06:56.2969291Z 0725a8be915e: Verifying Checksum
2026-10-04T00:06:56.2993281Z 0725a8be915e: Download complete
2026-10-04T00:06:56.3223597Z 71f55f60a786: Verifying Checksum
2026-10-04T00:06:56.3236003Z 71f55f60a786: Download complete
2026-10-04T00:06:56.4198036Z 6b37362b3da7: Verifying Checksum
2026-10-04T00:06:56.4200552Z 6b37362b3da7: Download complete
2026-10-04T00:06:56.5380576Z 564dc3c4a6f9: Verifying Checksum
2026-10-04T00:06:56.5400762Z 564dc3c4a6f9: Download complete
2026-10-04T00:06:56.6042808Z 752819419f50: Verifying Checksum
2026-10-04T00:06:56.6068411Z 752819419f50: Download complete
2026-10-04T00:06:56.6537187Z 8b51b9245051: Verifying Checksum
2026-10-04T00:06:56.6540953Z 8b51b9245051: Download complete
2026-10-04T00:06:56.7481969Z 498b9ff7d682: Verifying Checksum
2026-10-04T00:06:56.7484610Z 498b9ff7d682: Download complete
2026-10-04T00:06:56.8105268Z 755a851127eb: Verifying Checksum
2026-10-04T00:06:56.8114162Z 755a851127eb: Download complete
2026-10-04T00:06:56.9651180Z 73872941ba23: Verifying Checksum
2026-10-04T00:06:56.9652467Z 73872941ba23: Download complete
2026-10-04T00:06:57.0476615Z 2f9b6cf2e417: Verifying Checksum
2026-10-04T00:06:57.0478297Z 2f9b6cf2e417: Download complete
2026-10-04T00:06:57.1959710Z 3feaebf93d15: Verifying Checksum
2026-10-04T00:06:57.1966524Z 3feaebf93d15: Download complete
2026-10-04T00:06:57.2805584Z 50e228e2fe6d: Verifying Checksum
2026-10-04T00:06:57.2810041Z 50e228e2fe6d: Download complete
2026-10-04T00:06:57.4296668Z bed9376b51dc: Verifying Checksum
2026-10-04T00:06:57.4300404Z bed9376b51dc: Download complete
2026-10-04T00:06:57.4538581Z bbe7b3469b20: Verifying Checksum
2026-10-04T00:06:57.4539566Z bbe7b3469b20: Download complete
2026-10-04T00:06:58.0910430Z 6b37362b3da7: Pull complete
2026-10-04T00:06:58.9558101Z 0725a8be915e: Pull complete
2026-10-04T00:06:59.1688034Z 71f55f60a786: Pull complete
2026-10-04T00:06:59.2190014Z 564dc3c4a6f9: Pull complete
2026-10-04T00:06:59.5955779Z 752819419f50: Pull complete
2026-10-04T00:06:59.6854594Z 8b51b9245051: Pull complete
2026-10-04T00:06:59.6960844Z 498b9ff7d682: Pull complete
2026-10-04T00:06:59.7107587Z 755a851127eb: Pull complete
2026-10-04T00:07:04.2144068Z bbe7b3469b20: Pull complete
2026-10-04T00:07:04.2315687Z 73872941ba23: Pull complete
2026-10-04T00:07:04.2488076Z 2f9b6cf2e417: Pull complete
2026-10-04T00:07:04.2612555Z 3feaebf93d15: Pull complete
2026-10-04T00:07:04.2735188Z 50e228e2fe6d: Pull complete
2026-10-04T00:07:04.2821163Z bed9376b51dc: Pull complete
2026-10-04T00:07:04.2863076Z Digest: sha256:d74eeac9a635390a49bc21bd49fccd973de707e2a53a76ac49b552b8712ec46f
2026-10-04T00:07:04.2872646Z Status: Downloaded newer image for postgres:17.11
2026-10-04T00:07:04.2882179Z docker.io/library/postgres:17.11
2026-10-04T00:07:04.2946414Z ##[command]/usr/bin/docker create --name 9e448e28b9f84374ad8e34b1f814d0e1_postgres1711_74e050 --label 180e4c --network github_network_1706f76ca3024fe7a920bad267fe3797 --network-alias postgres -p 5432:5432 --health-cmd "pg_isready -U math_master -d math_master_test_ci" --health-interval 2s --health-timeout 3s --health-retries 20 -e "POSTGRES_USER=math_master" -e "POSTGRES_PASSWORD=ci-only" -e "POSTGRES_DB=math_master_test_ci" -e GITHUB_ACTIONS=true -e CI=true postgres:17.11
2026-10-04T00:07:04.3264381Z 6d8294815ff4028bb4e7ce54c06ffea5e63b681dc68b6758abb02a9b70c1db9a
2026-10-04T00:07:04.3289420Z ##[command]/usr/bin/docker start 6d8294815ff4028bb4e7ce54c06ffea5e63b681dc68b6758abb02a9b70c1db9a
2026-10-04T00:07:04.5620990Z 6d8294815ff4028bb4e7ce54c06ffea5e63b681dc68b6758abb02a9b70c1db9a
2026-10-04T00:07:04.5662303Z ##[command]/usr/bin/docker ps --all --filter id=6d8294815ff4028bb4e7ce54c06ffea5e63b681dc68b6758abb02a9b70c1db9a --filter status=running --no-trunc --format "{{.ID}} {{.Status}}"
2026-10-04T00:07:04.5839890Z 6d8294815ff4028bb4e7ce54c06ffea5e63b681dc68b6758abb02a9b70c1db9a Up Less than a second (health: starting)
2026-10-04T00:07:04.5873640Z ##[command]/usr/bin/docker port 6d8294815ff4028bb4e7ce54c06ffea5e63b681dc68b6758abb02a9b70c1db9a
2026-10-04T00:07:04.6077431Z 5432/tcp -> 0.0.0.0:5432
2026-10-04T00:07:04.6084451Z 5432/tcp -> [::]:5432
2026-10-04T00:07:04.6142834Z ##[endgroup]
2026-10-04T00:07:04.6154755Z ##[group]Waiting for all services to be ready
2026-10-04T00:07:04.6175443Z ##[command]/usr/bin/docker inspect --format="{{if .Config.Healthcheck}}{{print .State.Health.Status}}{{end}}" 6d8294815ff4028bb4e7ce54c06ffea5e63b681dc68b6758abb02a9b70c1db9a
2026-10-04T00:07:04.6390698Z starting
2026-10-04T00:07:04.6425168Z postgres service is starting, waiting 2 seconds before checking again.
2026-10-04T00:07:06.6427750Z ##[command]/usr/bin/docker inspect --format="{{if .Config.Healthcheck}}{{print .State.Health.Status}}{{end}}" 6d8294815ff4028bb4e7ce54c06ffea5e63b681dc68b6758abb02a9b70c1db9a
2026-10-04T00:07:06.6568331Z healthy
2026-10-04T00:07:06.6584258Z postgres service is healthy.
2026-10-04T00:07:06.6584717Z ##[endgroup]
2026-10-04T00:07:06.6877957Z ##[group]Run actions/checkout@3d3c42e5aac5ba805825da76410c181273ba90b1
2026-10-04T00:07:06.6878649Z with:
2026-10-04T00:07:06.6878885Z   repository: yyl1212/math_master
2026-10-04T00:07:06.6881510Z   token: ***
2026-10-04T00:07:06.6881731Z   ssh-strict: true
2026-10-04T00:07:06.6881960Z   ssh-user: git
2026-10-04T00:07:06.6882179Z   persist-credentials: true
2026-10-04T00:07:06.6882422Z   clean: true
2026-10-04T00:07:06.6882641Z   sparse-checkout-cone-mode: true
2026-10-04T00:07:06.6882903Z   fetch-depth: 1
2026-10-04T00:07:06.6883119Z   fetch-tags: false
2026-10-04T00:07:06.6883338Z   show-progress: true
2026-10-04T00:07:06.6883556Z   lfs: false
2026-10-04T00:07:06.6883764Z   submodules: false
2026-10-04T00:07:06.6883982Z   set-safe-directory: true
2026-10-04T00:07:06.6884242Z   allow-unsafe-pr-checkout: false
2026-10-04T00:07:06.6884688Z env:
2026-10-04T00:07:06.6884886Z   CGO_ENABLED: 0
2026-10-04T00:07:06.6885104Z   GOTOOLCHAIN: go1.27.1
2026-10-04T00:07:06.6885710Z   TEST_DATABASE_URL: ***127.0.0.1:5432/math_master_test_ci?sslmode=disable
2026-10-04T00:07:06.6886100Z ##[endgroup]
2026-10-04T00:07:06.8038514Z Syncing repository: yyl1212/math_master
2026-10-04T00:07:06.8040680Z ##[group]Getting Git version info
2026-10-04T00:07:06.8041357Z Working directory is '/home/runner/work/math_master/math_master'
2026-10-04T00:07:06.8069340Z [command]/usr/bin/git version
2026-10-04T00:07:06.8215454Z git version 2.55.0
2026-10-04T00:07:06.8259377Z ##[endgroup]
2026-10-04T00:07:06.8266493Z Temporarily overriding HOME='/home/runner/work/_temp/38eb2ca9-07ec-44e6-ab95-216ab63a6db3' before making global git config changes
2026-10-04T00:07:06.8268362Z Adding repository directory to the temporary git global config as a safe directory
2026-10-04T00:07:06.8277515Z [command]/usr/bin/git config --global --add safe.directory /home/runner/work/math_master/math_master
2026-10-04T00:07:06.8369383Z Deleting the contents of '/home/runner/work/math_master/math_master'
2026-10-04T00:07:06.8371317Z ##[group]Determining repository object format
2026-10-04T00:07:06.8373218Z ##[endgroup]
2026-10-04T00:07:06.8374235Z ##[group]Initializing the repository
2026-10-04T00:07:06.8379166Z [command]/usr/bin/git init /home/runner/work/math_master/math_master
2026-10-04T00:07:06.8513179Z hint: Using 'master' as the name for the initial branch. This default branch name
2026-10-04T00:07:06.8518448Z hint: will change to "main" in Git 3.0. To configure the initial branch name
2026-10-04T00:07:06.8519605Z hint: to use in all of your new repositories, which will suppress this warning,
2026-10-04T00:07:06.8520469Z hint: call:
2026-10-04T00:07:06.8520998Z hint:
2026-10-04T00:07:06.8521692Z hint: 	git config --global init.defaultBranch <name>
2026-10-04T00:07:06.8522456Z hint:
2026-10-04T00:07:06.8523182Z hint: Names commonly chosen instead of 'master' are 'main', 'trunk' and
2026-10-04T00:07:06.8524244Z hint: 'development'. The just-created branch can be renamed via this command:
2026-10-04T00:07:06.8525066Z hint:
2026-10-04T00:07:06.8525594Z hint: 	git branch -m <name>
2026-10-04T00:07:06.8526148Z hint:
2026-10-04T00:07:06.8527220Z hint: Disable this message with "git config set advice.defaultBranchName false"
2026-10-04T00:07:06.8545573Z Initialized empty Git repository in /home/runner/work/math_master/math_master/.git/
2026-10-04T00:07:06.8577415Z [command]/usr/bin/git remote add origin https://github.com/yyl1212/math_master
2026-10-04T00:07:06.8714409Z ##[endgroup]
2026-10-04T00:07:06.8790124Z ##[group]Disabling automatic garbage collection
2026-10-04T00:07:06.8791209Z [command]/usr/bin/git config --local gc.auto 0
2026-10-04T00:07:06.8794056Z ##[endgroup]
2026-10-04T00:07:06.8797422Z ##[group]Setting up auth
2026-10-04T00:07:06.8798553Z Removing SSH command configuration
2026-10-04T00:07:06.8799630Z [command]/usr/bin/git config --local --name-only --get-regexp core\.sshCommand
2026-10-04T00:07:06.8803469Z [command]/usr/bin/git submodule foreach --recursive sh -c "git config --local --name-only --get-regexp 'core\.sshCommand' && git config --local --unset-all 'core.sshCommand' || :"
2026-10-04T00:07:06.9299463Z Removing HTTP extra header
2026-10-04T00:07:06.9322482Z [command]/usr/bin/git config --local --name-only --get-regexp http\.https\:\/\/github\.com\/\.extraheader
2026-10-04T00:07:06.9358373Z [command]/usr/bin/git submodule foreach --recursive sh -c "git config --local --name-only --get-regexp 'http\.https\:\/\/github\.com\/\.extraheader' && git config --local --unset-all 'http.https://github.com/.extraheader' || :"
2026-10-04T00:07:06.9697338Z Removing includeIf entries pointing to credentials config files
2026-10-04T00:07:06.9698771Z [command]/usr/bin/git config --local --name-only --get-regexp ^includeIf\.gitdir:
2026-10-04T00:07:06.9759317Z [command]/usr/bin/git submodule foreach --recursive git config --local --show-origin --name-only --get-regexp remote.origin.url
2026-10-04T00:07:07.0265180Z [command]/usr/bin/git config --file /home/runner/work/_temp/git-credentials-2f4a36e5-d289-47a7-acb4-92c0909adc64.config http.https://github.com/.extraheader AUTHORIZATION: basic ***
2026-10-04T00:07:07.0270555Z [command]/usr/bin/git config --local includeIf.gitdir:/home/runner/work/math_master/math_master/.git.path /home/runner/work/_temp/git-credentials-2f4a36e5-d289-47a7-acb4-92c0909adc64.config
2026-10-04T00:07:07.0274628Z [command]/usr/bin/git config --local includeIf.gitdir:/home/runner/work/math_master/math_master/.git/worktrees/*.path /home/runner/work/_temp/git-credentials-2f4a36e5-d289-47a7-acb4-92c0909adc64.config
2026-10-04T00:07:07.0341445Z [command]/usr/bin/git config --local includeIf.gitdir:/github/workspace/.git.path /github/runner_temp/git-credentials-2f4a36e5-d289-47a7-acb4-92c0909adc64.config
2026-10-04T00:07:07.0439815Z [command]/usr/bin/git config --local includeIf.gitdir:/github/workspace/.git/worktrees/*.path /github/runner_temp/git-credentials-2f4a36e5-d289-47a7-acb4-92c0909adc64.config
2026-10-04T00:07:07.0454146Z ##[endgroup]
2026-10-04T00:07:07.0455358Z ##[group]Fetching the repository
2026-10-04T00:07:07.0457918Z [command]/usr/bin/git -c protocol.version=2 fetch --no-tags --prune --no-recurse-submodules --depth=1 origin +b9a02dbdd4fafa0a916cf9ce3710e87f9d07f3cb:refs/remotes/pull/23/merge
2026-10-04T00:07:08.0923206Z From https://github.com/yyl1212/math_master
2026-10-04T00:07:08.0933675Z  * [new ref]         b9a02dbdd4fafa0a916cf9ce3710e87f9d07f3cb -> pull/23/merge
2026-10-04T00:07:08.0946975Z ##[endgroup]
2026-10-04T00:07:08.0947857Z ##[group]Determining the checkout info
2026-10-04T00:07:08.0948733Z ##[endgroup]
2026-10-04T00:07:08.0949325Z [command]/usr/bin/git sparse-checkout disable
2026-10-04T00:07:08.1025633Z [command]/usr/bin/git config --local --unset-all extensions.worktreeConfig
2026-10-04T00:07:08.1063227Z ##[group]Checking out the ref
2026-10-04T00:07:08.1068700Z [command]/usr/bin/git checkout --progress --force refs/remotes/pull/23/merge
2026-10-04T00:07:08.2475557Z Note: switching to 'refs/remotes/pull/23/merge'.
2026-10-04T00:07:08.2476212Z 
2026-10-04T00:07:08.2478412Z You are in 'detached HEAD' state. You can look around, make experimental
2026-10-04T00:07:08.2479567Z changes and commit them, and you can discard any commits you make in this
2026-10-04T00:07:08.2480697Z state without impacting any branches by switching back to a branch.
2026-10-04T00:07:08.2481440Z 
2026-10-04T00:07:08.2481988Z If you want to create a new branch to retain commits you create, you may
2026-10-04T00:07:08.2486216Z do so (now or later) by using -c with the switch command. Example:
2026-10-04T00:07:08.2487133Z 
2026-10-04T00:07:08.2487477Z   git switch -c <new-branch-name>
2026-10-04T00:07:08.2487951Z 
2026-10-04T00:07:08.2488265Z Or undo this operation with:
2026-10-04T00:07:08.2497235Z 
2026-10-04T00:07:08.2497668Z   git switch -
2026-10-04T00:07:08.2498177Z 
2026-10-04T00:07:08.2498901Z Turn off this advice by setting config variable advice.detachedHead to false
2026-10-04T00:07:08.2499957Z 
2026-10-04T00:07:08.2501048Z HEAD is now at b9a02db Merge 90fd12ddf393d573454ee4e747bcde2f124c512c into dad438d13b37d1053e3bf42e7c32e3829e4518a6
2026-10-04T00:07:08.2503690Z ##[endgroup]
2026-10-04T00:07:08.2582866Z [command]/usr/bin/git log -1 --format=%H
2026-10-04T00:07:08.2615943Z b9a02dbdd4fafa0a916cf9ce3710e87f9d07f3cb
2026-10-04T00:07:08.2869339Z ##[group]Run actions/setup-go@b7ad1dad31e06c5925ef5d2fc7ad053ef454303e
2026-10-04T00:07:08.2869765Z with:
2026-10-04T00:07:08.2869970Z   go-version: 1.27.1
2026-10-04T00:07:08.2870222Z   cache-dependency-path: backend/go.sum
2026-10-04T00:07:08.2870510Z   check-latest: false
2026-10-04T00:07:08.2873064Z   token: ***
2026-10-04T00:07:08.2873269Z   cache: true
2026-10-04T00:07:08.2873467Z env:
2026-10-04T00:07:08.2873655Z   CGO_ENABLED: 0
2026-10-04T00:07:08.2873866Z   GOTOOLCHAIN: go1.27.1
2026-10-04T00:07:08.2874368Z   TEST_DATABASE_URL: ***127.0.0.1:5432/math_master_test_ci?sslmode=disable
2026-10-04T00:07:08.2874745Z ##[endgroup]
2026-10-04T00:07:08.4101486Z Setup go version spec 1.27.1
2026-10-04T00:07:08.4113262Z Attempting to download 1.27.1...
2026-10-04T00:07:08.9657701Z matching 1.27.1...
2026-10-04T00:07:08.9754686Z Acquiring 1.27.1 from https://github.com/actions/go-versions/releases/download/1.27.1-33583469715/go-1.27.1-linux-x64.tar.gz
2026-10-04T00:07:09.6930869Z Extracting Go...
2026-10-04T00:07:09.7069921Z [command]/usr/bin/tar xz --warning=no-unknown-keyword --overwrite -C /home/runner/work/_temp/45679ebf-5e87-481d-a284-cd557b0ab222 -f /home/runner/work/_temp/e5076783-9931-4bc2-9ede-7b0fb32050fd
2026-10-04T00:07:11.6862817Z Successfully extracted go to /home/runner/work/_temp/45679ebf-5e87-481d-a284-cd557b0ab222
2026-10-04T00:07:11.6863903Z Adding to the cache ...
2026-10-04T00:07:18.6657939Z Successfully cached go to /opt/hostedtoolcache/go/1.27.1/x64
2026-10-04T00:07:18.6677220Z Added go to the path
2026-10-04T00:07:18.6677813Z Successfully set up Go version 1.27.1
2026-10-04T00:07:18.6965725Z [command]/opt/hostedtoolcache/go/1.27.1/x64/bin/go env GOMODCACHE
2026-10-04T00:07:18.7028720Z [command]/opt/hostedtoolcache/go/1.27.1/x64/bin/go env GOCACHE
2026-10-04T00:07:18.7106092Z /home/runner/go/pkg/mod
2026-10-04T00:07:18.7107450Z /home/runner/.cache/go-build
2026-10-04T00:07:18.9841789Z Cache hit for: setup-go-Linux-x64-ubuntu24-go-1.27.1-6f926d71642f0f7c618aaf48183d120ae01c676eeeea6094ca09a10a0292f233
2026-10-04T00:07:20.3087689Z Received 0 of 65855688 (0.0%), 0.0 MBs/sec
2026-10-04T00:07:20.9977879Z Received 65855688 of 65855688 (100.0%), 37.1 MBs/sec
2026-10-04T00:07:20.9982857Z Cache Size: ~63 MB (65855688 B)
2026-10-04T00:07:21.0050490Z [command]/usr/bin/tar -xf /home/runner/work/_temp/589ac83c-ff8f-48a1-bd68-3b0fb6077815/cache.tzst -P -C /home/runner/work/math_master/math_master --use-compress-program unzstd
2026-10-04T00:07:22.0707684Z Cache restored successfully
2026-10-04T00:07:22.0768078Z Cache restored from key: setup-go-Linux-x64-ubuntu24-go-1.27.1-6f926d71642f0f7c618aaf48183d120ae01c676eeeea6094ca09a10a0292f233
2026-10-04T00:07:22.0815836Z go version go1.27.1 linux/amd64
2026-10-04T00:07:22.0839039Z 
2026-10-04T00:07:22.0857525Z ##[group]go env
2026-10-04T00:07:22.0954609Z AR='ar'
2026-10-04T00:07:22.0967237Z CC='gcc'
2026-10-04T00:07:22.0988072Z CGO_CFLAGS='-O2 -g'
2026-10-04T00:07:22.0998353Z CGO_CPPFLAGS=''
2026-10-04T00:07:22.1007241Z CGO_CXXFLAGS='-O2 -g'
2026-10-04T00:07:22.1037217Z CGO_ENABLED='0'
2026-10-04T00:07:22.1057079Z CGO_FFLAGS='-O2 -g'
2026-10-04T00:07:22.1067935Z CGO_LDFLAGS='-O2 -g'
2026-10-04T00:07:22.1077023Z CXX='g++'
2026-10-04T00:07:22.1098603Z GCCGO='gccgo'
2026-10-04T00:07:22.1101933Z GO111MODULE=''
2026-10-04T00:07:22.1104740Z GOAMD64='v1'
2026-10-04T00:07:22.1105349Z GOARCH='amd64'
2026-10-04T00:07:22.1105899Z GOAUTH='netrc'
2026-10-04T00:07:22.1106458Z GOBIN='/home/runner/go/bin'
2026-10-04T00:07:22.1108055Z GOCACHE='/home/runner/.cache/go-build'
2026-10-04T00:07:22.1108736Z GOCACHEPROG=''
2026-10-04T00:07:22.1109277Z GODEBUG=''
2026-10-04T00:07:22.1109825Z GOENV='/home/runner/.config/go/env'
2026-10-04T00:07:22.1110474Z GOEXE=''
2026-10-04T00:07:22.1110982Z GOEXPERIMENT=''
2026-10-04T00:07:22.1111520Z GOFIPS140='off'
2026-10-04T00:07:22.1112046Z GOFLAGS=''
2026-10-04T00:07:22.1113333Z GOGCCFLAGS='-fPIC -m64 -Wl,--no-gc-sections -fmessage-length=0 -ffile-prefix-map=/tmp/go-build3486728317=/tmp/go-build -gno-record-gcc-switches'
2026-10-04T00:07:22.1114958Z GOHOSTARCH='amd64'
2026-10-04T00:07:22.1115569Z GOHOSTOS='linux'
2026-10-04T00:07:22.1116128Z GOINSECURE=''
2026-10-04T00:07:22.1116983Z GOMOD='/dev/null'
2026-10-04T00:07:22.1117630Z GOMODCACHE='/home/runner/go/pkg/mod'
2026-10-04T00:07:22.1118287Z GONOPROXY=''
2026-10-04T00:07:22.1118830Z GONOSUMDB=''
2026-10-04T00:07:22.1119352Z GOOS='linux'
2026-10-04T00:07:22.1119883Z GOPACKAGESDRIVER=''
2026-10-04T00:07:22.1120454Z GOPATH='/home/runner/go'
2026-10-04T00:07:22.1121037Z GOPRIVATE=''
2026-10-04T00:07:22.1121653Z GOPROXY='https://proxy.golang.org,direct'
2026-10-04T00:07:22.1122408Z GOROOT='/opt/hostedtoolcache/go/1.27.1/x64'
2026-10-04T00:07:22.1123108Z GOSUMDB='sum.golang.org'
2026-10-04T00:07:22.1123707Z GOTELEMETRY='local'
2026-10-04T00:07:22.1124353Z GOTELEMETRYDIR='/home/runner/.config/go/telemetry'
2026-10-04T00:07:22.1125063Z GOTMPDIR=''
2026-10-04T00:07:22.1125593Z GOTOOLCHAIN='local'
2026-10-04T00:07:22.1126341Z GOTOOLDIR='/opt/hostedtoolcache/go/1.27.1/x64/pkg/tool/linux_amd64'
2026-10-04T00:07:22.1128011Z GOVCS=''
2026-10-04T00:07:22.1128553Z GOVERSION='go1.27.1'
2026-10-04T00:07:22.1129124Z GOWORK=''
2026-10-04T00:07:22.1129659Z PKG_CONFIG='pkg-config'
2026-10-04T00:07:22.1130095Z 
2026-10-04T00:07:22.1130766Z ##[endgroup]
2026-10-04T00:07:22.1279247Z ##[group]Run actions/setup-node@820762786026740c76f36085b0efc47a31fe5020
2026-10-04T00:07:22.1279940Z with:
2026-10-04T00:07:22.1280286Z   node-version: 24.17.0
2026-10-04T00:07:22.1280695Z   check-latest: false
2026-10-04T00:07:22.1285513Z   token: ***
2026-10-04T00:07:22.1285898Z   package-manager-cache: true
2026-10-04T00:07:22.1286346Z env:
2026-10-04T00:07:22.1286988Z   CGO_ENABLED: 0
2026-10-04T00:07:22.1287377Z   GOTOOLCHAIN: local
2026-10-04T00:07:22.1288204Z   TEST_DATABASE_URL: ***127.0.0.1:5432/math_master_test_ci?sslmode=disable
2026-10-04T00:07:22.1288869Z ##[endgroup]
2026-10-04T00:07:22.3347207Z Attempting to download 24.17.0...
2026-10-04T00:07:22.9352444Z Acquiring 24.17.0 - x64 from https://github.com/actions/node-versions/releases/download/24.17.0-27765711116/node-24.17.0-linux-x64.tar.gz
2026-10-04T00:07:23.4964960Z Extracting ...
2026-10-04T00:07:23.5113127Z [command]/usr/bin/tar xz --strip 1 --warning=no-unknown-keyword --overwrite -C /home/runner/work/_temp/a40c80cf-c648-4f15-ac5b-e1559aee2d13 -f /home/runner/work/_temp/1abae715-c0ac-45f6-8736-ec0354d53799
2026-10-04T00:07:24.9997115Z Adding to the cache ...
2026-10-04T00:07:29.1710124Z ##[group]Environment details
2026-10-04T00:07:29.4542225Z node: v24.17.0
2026-10-04T00:07:29.4542969Z npm: 11.13.0
2026-10-04T00:07:29.4543698Z yarn: 1.22.22
2026-10-04T00:07:29.4544803Z ##[endgroup]
2026-10-04T00:07:29.4726298Z ##[group]Run node tools/verify/run.mjs --cwd backend -- env CGO_ENABLED=0 GOTOOLCHAIN=go1.27.1 go test ./internal/store ./internal/cli -run '^Test(Correction|Notification)' -skip '^TestCorrectionCapacity' -timeout 5m -count=1
2026-10-04T00:07:29.4728315Z node tools/verify/run.mjs --cwd backend -- env CGO_ENABLED=0 GOTOOLCHAIN=go1.27.1 go test ./internal/store ./internal/cli -run '^Test(Correction|Notification)' -skip '^TestCorrectionCapacity' -timeout 5m -count=1
2026-10-04T00:07:29.4949672Z shell: /usr/bin/bash -e {0}
2026-10-04T00:07:29.4949972Z env:
2026-10-04T00:07:29.4950186Z   CGO_ENABLED: 0
2026-10-04T00:07:29.4950429Z   GOTOOLCHAIN: local
2026-10-04T00:07:29.4951054Z   TEST_DATABASE_URL: ***127.0.0.1:5432/math_master_test_ci?sslmode=disable
2026-10-04T00:07:29.4951492Z ##[endgroup]
2026-10-04T00:11:04.0587142Z ok  	github.com/yyl1212/math_master/backend/internal/store	205.042s
2026-10-04T00:11:04.0588374Z ok  	github.com/yyl1212/math_master/backend/internal/cli	1.371s
2026-10-04T00:11:04.1034203Z ##[group]Run node tools/verify/run.mjs --cwd backend -- env CGO_ENABLED=0 GOTOOLCHAIN=go1.27.1 go test ./internal/store -run '^TestCorrectionCapacityImpact$' -timeout 5m -count=1 -v
2026-10-04T00:11:04.1035481Z node tools/verify/run.mjs --cwd backend -- env CGO_ENABLED=0 GOTOOLCHAIN=go1.27.1 go test ./internal/store -run '^TestCorrectionCapacityImpact$' -timeout 5m -count=1 -v
2026-10-04T00:11:04.1100028Z shell: /usr/bin/bash -e {0}
2026-10-04T00:11:04.1100317Z env:
2026-10-04T00:11:04.1100516Z   CGO_ENABLED: 0
2026-10-04T00:11:04.1100744Z   GOTOOLCHAIN: local
2026-10-04T00:11:04.1101313Z   TEST_DATABASE_URL: ***127.0.0.1:5432/math_master_test_ci?sslmode=disable
2026-10-04T00:11:04.1101710Z ##[endgroup]
2026-10-04T00:11:04.8038214Z === RUN   TestCorrectionCapacityImpact
2026-10-04T00:12:55.0945808Z     correction_capacity_test.go:238: capacity worker processed=1000 elapsed=1m50.29020246s
2026-10-04T00:13:12.0521669Z     correction_capacity_test.go:238: capacity worker processed=2000 elapsed=2m7.24767279s
2026-10-04T00:13:28.9676076Z     correction_capacity_test.go:238: capacity worker processed=3000 elapsed=2m24.1634414s
2026-10-04T00:13:45.8748749Z     correction_capacity_test.go:238: capacity worker processed=4000 elapsed=2m41.06997823s
2026-10-04T00:14:02.9150136Z     correction_capacity_test.go:238: capacity worker processed=5000 elapsed=2m58.110796094s
2026-10-04T00:14:20.2232532Z     correction_capacity_test.go:238: capacity worker processed=6000 elapsed=3m15.418839735s
2026-10-04T00:14:37.3658946Z     correction_capacity_test.go:238: capacity worker processed=7000 elapsed=3m32.561440441s
2026-10-04T00:14:54.5994478Z     correction_capacity_test.go:238: capacity worker processed=8000 elapsed=3m49.79506975s
2026-10-04T00:15:12.1647836Z     correction_capacity_test.go:238: capacity worker processed=9000 elapsed=4m7.360060727s
2026-10-04T00:15:29.4600242Z     correction_capacity_test.go:238: capacity worker processed=10000 elapsed=4m24.655871546s
2026-10-04T00:15:29.5527753Z     correction_capacity_test.go:264: capacity worker complete elapsed=4m24.748429643s
2026-10-04T00:15:38.3640054Z     correction_capacity_test.go:293: capacity metadata complete elapsed=4m33.559110678s
2026-10-04T00:16:04.8079651Z panic: test timed out after 5m0s
2026-10-04T00:16:04.8080748Z 	running tests:
2026-10-04T00:16:04.8106088Z 		TestCorrectionCapacityImpact (5m0s)
2026-10-04T00:16:04.8107236Z 
2026-10-04T00:16:04.8107822Z goroutine 123701 [running]:
2026-10-04T00:16:04.8109793Z testing.(*M).startAlarm.func1()
2026-10-04T00:16:04.8111839Z 	/opt/hostedtoolcache/go/1.27.1/x64/src/testing/testing.go:2959 +0x34a
2026-10-04T00:16:04.8113334Z created by time.goFunc
2026-10-04T00:16:04.8139974Z 	/opt/hostedtoolcache/go/1.27.1/x64/src/time/sleep.go:182 +0x2d
2026-10-04T00:16:04.8144159Z 
2026-10-04T00:16:04.8144639Z goroutine 1 [chan receive, 4 minutes]:
2026-10-04T00:16:04.8145704Z testing.(*T).Run(0x830f6a95448, {0xc16884?, 0x830f6cbfaa0?}, 0x13cfd28)
2026-10-04T00:16:04.8147205Z 	/opt/hostedtoolcache/go/1.27.1/x64/src/testing/testing.go:2266 +0x4f2
2026-10-04T00:16:04.8148238Z testing.runTests.func1(0x830f6a95448)
2026-10-04T00:16:04.8149199Z 	/opt/hostedtoolcache/go/1.27.1/x64/src/testing/testing.go:2742 +0x37
2026-10-04T00:16:04.8150195Z testing.tRunner(0x830f6a95448, 0x830f6cbfbc8)
2026-10-04T00:16:04.8151167Z 	/opt/hostedtoolcache/go/1.27.1/x64/src/testing/testing.go:2193 +0xea
2026-10-04T00:16:04.8152762Z testing.runTests({0xc23b52, 0x26}, {0xc32523, 0x35}, 0x830f68357b8, {0x1446930, 0x142, 0x142}, {0xc2a884912fe3e204, 0x45d9ff205f, ...})
2026-10-04T00:16:04.8154169Z 	/opt/hostedtoolcache/go/1.27.1/x64/src/testing/testing.go:2740 +0x510
2026-10-04T00:16:04.8155117Z testing.(*M).Run(0x830f6b91540)
2026-10-04T00:16:04.8156039Z 	/opt/hostedtoolcache/go/1.27.1/x64/src/testing/testing.go:2600 +0x6af
2026-10-04T00:16:04.8157006Z main.main()
2026-10-04T00:16:04.8157547Z 	_testmain.go:690 +0x9b
2026-10-04T00:16:04.8158152Z 
2026-10-04T00:16:04.8158665Z goroutine 8 [runnable]:
2026-10-04T00:16:04.8159839Z runtime.CallersFrames(...)
2026-10-04T00:16:04.8178582Z 	/opt/hostedtoolcache/go/1.27.1/x64/src/runtime/symtab.go:81
2026-10-04T00:16:04.8217527Z testing.(*common).frameSkip(0x830f6a95688, 0x3)
2026-10-04T00:16:04.8218499Z 	/opt/hostedtoolcache/go/1.27.1/x64/src/testing/testing.go:817 +0x105
2026-10-04T00:16:04.8237564Z testing.(*common).callSite(0x830f6a95688, 0x3)
2026-10-04T00:16:04.8253191Z 	/opt/hostedtoolcache/go/1.27.1/x64/src/testing/testing.go:1160 +0x87
2026-10-04T00:16:04.8277423Z testing.(*common).log(0x830f6a95688, {0x830f6e3d400?, 0x3?}, 0x1)
2026-10-04T00:16:04.8278894Z 	/opt/hostedtoolcache/go/1.27.1/x64/src/testing/testing.go:1128 +0xb9
2026-10-04T00:16:04.8298101Z testing.(*common).Fatal(0x830f6a95688, {0x830f6d69ed0?, 0x830f6a910a0?, 0x0?})
2026-10-04T00:16:04.8317619Z 	/opt/hostedtoolcache/go/1.27.1/x64/src/testing/testing.go:1363 +0x4a
2026-10-04T00:16:04.8327047Z github.com/yyl1212/math_master/backend/internal/store_test.TestCorrectionCapacityImpact(0x830f6a95688)
2026-10-04T00:16:04.8343816Z 	/home/runner/work/math_master/math_master/backend/internal/store/correction_capacity_test.go:298 +0x1a6b
2026-10-04T00:16:04.8369039Z testing.tRunner(0x830f6a95688, 0x13cfd28)
2026-10-04T00:16:04.8372740Z 	/opt/hostedtoolcache/go/1.27.1/x64/src/testing/testing.go:2193 +0xea
2026-10-04T00:16:04.8387660Z created by testing.(*T).Run in goroutine 1
2026-10-04T00:16:04.8403475Z 	/opt/hostedtoolcache/go/1.27.1/x64/src/testing/testing.go:2258 +0x4d4
2026-10-04T00:16:04.8405030Z 
2026-10-04T00:16:04.8407216Z goroutine 9 [select, 4 minutes]:
2026-10-04T00:16:04.8408500Z database/sql.(*DB).connectionOpener(0x830f6ad32b0, {0x13caff8, 0x830f6ae7950})
2026-10-04T00:16:04.8409871Z 	/opt/hostedtoolcache/go/1.27.1/x64/src/database/sql/sql.go:1266 +0x89
2026-10-04T00:16:04.8411041Z created by database/sql.OpenDB in goroutine 8
2026-10-04T00:16:04.8412200Z 	/opt/hostedtoolcache/go/1.27.1/x64/src/database/sql/sql.go:846 +0x135
2026-10-04T00:16:04.8412983Z 
2026-10-04T00:16:04.8413518Z goroutine 10 [select, 4 minutes]:
2026-10-04T00:16:04.8414715Z database/sql.(*DB).connectionOpener(0x830f68c9110, {0x13caff8, 0x830f6ae60f0})
2026-10-04T00:16:04.8416054Z 	/opt/hostedtoolcache/go/1.27.1/x64/src/database/sql/sql.go:1266 +0x89
2026-10-04T00:16:04.8418560Z created by database/sql.OpenDB in goroutine 8
2026-10-04T00:16:04.8419835Z 	/opt/hostedtoolcache/go/1.27.1/x64/src/database/sql/sql.go:846 +0x135
2026-10-04T00:16:04.8420626Z 
2026-10-04T00:16:04.8421099Z goroutine 123615 [runnable]:
2026-10-04T00:16:04.8422310Z database/sql.(*Tx).awaitDone(0x830f6ae82d0)
2026-10-04T00:16:04.8423467Z 	/opt/hostedtoolcache/go/1.27.1/x64/src/database/sql/sql.go:2217 +0x2b
2026-10-04T00:16:04.8424664Z created by database/sql.(*DB).beginDC in goroutine 8
2026-10-04T00:16:04.8425873Z 	/opt/hostedtoolcache/go/1.27.1/x64/src/database/sql/sql.go:1930 +0x1ff
2026-10-04T00:16:04.8427678Z 
2026-10-04T00:16:04.8428206Z goroutine 123690 [runnable]:
2026-10-04T00:16:04.8429268Z github.com/jackc/pgx/v5/pgconn.(*PgConn).asyncClose.func1()
2026-10-04T00:16:04.8430594Z 	/home/runner/go/pkg/mod/github.com/jackc/pgx/v5@v5.11.0/pgconn/pgconn.go:776
2026-10-04T00:16:04.8432038Z created by github.com/jackc/pgx/v5/pgconn.(*PgConn).asyncClose in goroutine 8
2026-10-04T00:16:04.8433485Z 	/home/runner/go/pkg/mod/github.com/jackc/pgx/v5@v5.11.0/pgconn/pgconn.go:776 +0x65
2026-10-04T00:16:04.8434935Z FAIL	github.com/yyl1212/math_master/backend/internal/store	300.022s
2026-10-04T00:16:04.8435860Z FAIL
2026-10-04T00:16:04.8453180Z ##[error]Process completed with exit code 1.
2026-10-04T00:16:04.8655636Z Post job cleanup.
2026-10-04T00:16:04.9662153Z [command]/usr/bin/git version
2026-10-04T00:16:04.9737986Z git version 2.55.0
2026-10-04T00:16:04.9807728Z Temporarily overriding HOME='/home/runner/work/_temp/9c954167-f004-4441-8b0f-d9c35ae48a06' before making global git config changes
2026-10-04T00:16:04.9809534Z Adding repository directory to the temporary git global config as a safe directory
2026-10-04T00:16:04.9811094Z [command]/usr/bin/git config --global --add safe.directory /home/runner/work/math_master/math_master
2026-10-04T00:16:04.9877470Z Removing SSH command configuration
2026-10-04T00:16:04.9892232Z [command]/usr/bin/git config --local --name-only --get-regexp core\.sshCommand
2026-10-04T00:16:04.9959342Z [command]/usr/bin/git submodule foreach --recursive sh -c "git config --local --name-only --get-regexp 'core\.sshCommand' && git config --local --unset-all 'core.sshCommand' || :"
2026-10-04T00:16:05.0517641Z Removing HTTP extra header
2026-10-04T00:16:05.0538121Z [command]/usr/bin/git config --local --name-only --get-regexp http\.https\:\/\/github\.com\/\.extraheader
2026-10-04T00:16:05.0616964Z [command]/usr/bin/git submodule foreach --recursive sh -c "git config --local --name-only --get-regexp 'http\.https\:\/\/github\.com\/\.extraheader' && git config --local --unset-all 'http.https://github.com/.extraheader' || :"
2026-10-04T00:16:05.1094974Z Removing includeIf entries pointing to credentials config files
2026-10-04T00:16:05.1134848Z [command]/usr/bin/git config --local --name-only --get-regexp ^includeIf\.gitdir:
2026-10-04T00:16:05.1150041Z includeif.gitdir:/home/runner/work/math_master/math_master/.git.path
2026-10-04T00:16:05.1151438Z includeif.gitdir:/home/runner/work/math_master/math_master/.git/worktrees/*.path
2026-10-04T00:16:05.1152525Z includeif.gitdir:/github/workspace/.git.path
2026-10-04T00:16:05.1153466Z includeif.gitdir:/github/workspace/.git/worktrees/*.path
2026-10-04T00:16:05.1208325Z [command]/usr/bin/git config --local --get-all includeif.gitdir:/home/runner/work/math_master/math_master/.git.path
2026-10-04T00:16:05.1216475Z /home/runner/work/_temp/git-credentials-2f4a36e5-d289-47a7-acb4-92c0909adc64.config
2026-10-04T00:16:05.1230579Z [command]/usr/bin/git config --local --unset includeif.gitdir:/home/runner/work/math_master/math_master/.git.path \/home\/runner\/work\/_temp\/git\-credentials\-2f4a36e5\-d289\-47a7\-acb4\-92c0909adc64\.config
2026-10-04T00:16:05.1338327Z [command]/usr/bin/git config --local --get-all includeif.gitdir:/home/runner/work/math_master/math_master/.git/worktrees/*.path
2026-10-04T00:16:05.1359029Z /home/runner/work/_temp/git-credentials-2f4a36e5-d289-47a7-acb4-92c0909adc64.config
2026-10-04T00:16:05.1384889Z [command]/usr/bin/git config --local --unset includeif.gitdir:/home/runner/work/math_master/math_master/.git/worktrees/*.path \/home\/runner\/work\/_temp\/git\-credentials\-2f4a36e5\-d289\-47a7\-acb4\-92c0909adc64\.config
2026-10-04T00:16:05.1458383Z [command]/usr/bin/git config --local --get-all includeif.gitdir:/github/workspace/.git.path
2026-10-04T00:16:05.1494029Z /github/runner_temp/git-credentials-2f4a36e5-d289-47a7-acb4-92c0909adc64.config
2026-10-04T00:16:05.1507016Z [command]/usr/bin/git config --local --unset includeif.gitdir:/github/workspace/.git.path \/github\/runner_temp\/git\-credentials\-2f4a36e5\-d289\-47a7\-acb4\-92c0909adc64\.config
2026-10-04T00:16:05.1548079Z [command]/usr/bin/git config --local --get-all includeif.gitdir:/github/workspace/.git/worktrees/*.path
2026-10-04T00:16:05.1577244Z /github/runner_temp/git-credentials-2f4a36e5-d289-47a7-acb4-92c0909adc64.config
2026-10-04T00:16:05.1589914Z [command]/usr/bin/git config --local --unset includeif.gitdir:/github/workspace/.git/worktrees/*.path \/github\/runner_temp\/git\-credentials\-2f4a36e5\-d289\-47a7\-acb4\-92c0909adc64\.config
2026-10-04T00:16:05.1628625Z [command]/usr/bin/git submodule foreach --recursive git config --local --show-origin --name-only --get-regexp remote.origin.url
2026-10-04T00:16:05.1872160Z Removing credentials config '/home/runner/work/_temp/git-credentials-2f4a36e5-d289-47a7-acb4-92c0909adc64.config'
2026-10-04T00:16:05.2003448Z Print service container logs: 9e448e28b9f84374ad8e34b1f814d0e1_postgres1711_74e050
2026-10-04T00:16:05.2008541Z ##[command]/usr/bin/docker logs --details 6d8294815ff4028bb4e7ce54c06ffea5e63b681dc68b6758abb02a9b70c1db9a
2026-10-04T00:16:05.2176418Z  initdb: warning: enabling "trust" authentication for local connections
2026-10-04T00:16:05.2182392Z  The files belonging to this database system will be owned by user "postgres".
2026-10-04T00:16:05.2190556Z  initdb: hint: You can change this by editing pg_hba.conf or using the option -A, or --auth-local and --auth-host, the next time you run initdb.
2026-10-04T00:16:05.2193050Z  This user must also own the server process.
2026-10-04T00:16:05.2195609Z  2026-10-04 00:07:05.608 UTC [1] LOG:  starting PostgreSQL 17.11 (Debian 17.11-1.pgdg13+2) on x86_64-pc-linux-gnu, compiled by gcc (Debian 14.2.0-19) 14.2.0, 64-bit
2026-10-04T00:16:05.2198035Z  
2026-10-04T00:16:05.2199508Z  2026-10-04 00:07:05.608 UTC [1] LOG:  listening on IPv4 address "0.0.0.0", port 5432
2026-10-04T00:16:05.2202274Z  The database cluster will be initialized with locale "en_US.utf8".
2026-10-04T00:16:05.2203469Z  The default database encoding has accordingly been set to "UTF8".
2026-10-04T00:16:05.2204418Z  The default text search configuration will be set to "english".
2026-10-04T00:16:05.2205020Z  
2026-10-04T00:16:05.2205370Z  Data page checksums are disabled.
2026-10-04T00:16:05.2205814Z  
2026-10-04T00:16:05.2206337Z  fixing permissions on existing directory /var/lib/postgresql/data ... ok
2026-10-04T00:16:05.2207228Z  creating subdirectories ... ok
2026-10-04T00:16:05.2207781Z  selecting dynamic shared memory implementation ... posix
2026-10-04T00:16:05.2208402Z  selecting default "max_connections" ... 100
2026-10-04T00:16:05.2208958Z  selecting default "shared_buffers" ... 128MB
2026-10-04T00:16:05.2209496Z  selecting default time zone ... Etc/UTC
2026-10-04T00:16:05.2210018Z  creating configuration files ... ok
2026-10-04T00:16:05.2210541Z  running bootstrap script ... ok
2026-10-04T00:16:05.2211079Z  performing post-bootstrap initialization ... ok
2026-10-04T00:16:05.2211639Z  syncing data to disk ... ok
2026-10-04T00:16:05.2212043Z  
2026-10-04T00:16:05.2212349Z  
2026-10-04T00:16:05.2212754Z  Success. You can now start the database server using:
2026-10-04T00:16:05.2213288Z  
2026-10-04T00:16:05.2213710Z      pg_ctl -D /var/lib/postgresql/data -l logfile start
2026-10-04T00:16:05.2214241Z  
2026-10-04T00:16:05.2215346Z  waiting for server to start....2026-10-04 00:07:05.296 UTC [48] LOG:  starting PostgreSQL 17.11 (Debian 17.11-1.pgdg13+2) on x86_64-pc-linux-gnu, compiled by gcc (Debian 14.2.0-19) 14.2.0, 64-bit
2026-10-04T00:16:05.2217063Z  2026-10-04 00:07:05.296 UTC [48] LOG:  listening on Unix socket "/var/run/postgresql/.s.PGSQL.5432"
2026-10-04T00:16:05.2217738Z  2026-10-04 00:07:05.299 UTC [51] LOG:  database system was shut down at 2026-10-04 00:07:05 UTC
2026-10-04T00:16:05.2218508Z  2026-10-04 00:07:05.302 UTC [48] LOG:  database system is ready to accept connections
2026-10-04T00:16:05.2218908Z   done
2026-10-04T00:16:05.2219103Z  server started
2026-10-04T00:16:05.2219317Z  CREATE DATABASE
2026-10-04T00:16:05.2219519Z  
2026-10-04T00:16:05.2219702Z  
2026-10-04T00:16:05.2220040Z  /usr/local/bin/docker-entrypoint.sh: ignoring /docker-entrypoint-initdb.d/*
2026-10-04T00:16:05.2220442Z  
2026-10-04T00:16:05.2220877Z  waiting for server to shut down....2026-10-04 00:07:05.483 UTC [48] LOG:  received fast shutdown request
2026-10-04T00:16:05.2221428Z  2026-10-04 00:07:05.484 UTC [48] LOG:  aborting any active transactions
2026-10-04T00:16:05.2222021Z  2026-10-04 00:07:05.486 UTC [48] LOG:  background worker "logical replication launcher" (PID 54) exited with exit code 1
2026-10-04T00:16:05.2222573Z  2026-10-04 00:07:05.487 UTC [49] LOG:  shutting down
2026-10-04T00:16:05.2222975Z  2026-10-04 00:07:05.487 UTC [49] LOG:  checkpoint starting: shutdown immediate
2026-10-04T00:16:05.2224282Z  2026-10-04 00:07:05.504 UTC [49] LOG:  checkpoint complete: wrote 925 buffers (5.6%); 0 WAL file(s) added, 0 removed, 0 recycled; write=0.014 s, sync=0.003 s, total=0.017 s; sync files=301, longest=0.001 s, average=0.001 s; distance=4256 kB, estimate=4256 kB; lsn=0/19179B8, redo lsn=0/19179B8
2026-10-04T00:16:05.2225363Z  2026-10-04 00:07:05.511 UTC [48] LOG:  database system is shut down
2026-10-04T00:16:05.2225701Z   done
2026-10-04T00:16:05.2225896Z  server stopped
2026-10-04T00:16:05.2226109Z  
2026-10-04T00:16:05.2226355Z  PostgreSQL init process complete; ready for start up.
2026-10-04T00:16:05.2234986Z  
2026-10-04T00:16:05.2235635Z  2026-10-04 00:07:05.608 UTC [1] LOG:  listening on IPv6 address "::", port 5432
2026-10-04T00:16:05.2236881Z  2026-10-04 00:07:05.609 UTC [1] LOG:  listening on Unix socket "/var/run/postgresql/.s.PGSQL.5432"
2026-10-04T00:16:05.2237911Z  2026-10-04 00:07:05.614 UTC [64] LOG:  database system was shut down at 2026-10-04 00:07:05 UTC
2026-10-04T00:16:05.2238900Z  2026-10-04 00:07:05.618 UTC [1] LOG:  database system is ready to accept connections
2026-10-04T00:16:05.2239779Z  2026-10-04 00:07:39.608 UTC [62] LOG:  checkpoint starting: immediate force wait
2026-10-04T00:16:05.2240696Z  2026-10-04 00:07:39.617 UTC [199] FATAL:  terminating connection due to administrator command
2026-10-04T00:16:05.2244087Z  2026-10-04 00:07:39.719 UTC [62] LOG:  checkpoint complete: wrote 1205 buffers (7.4%); 0 WAL file(s) added, 0 removed, 1 recycled; write=0.020 s, sync=0.087 s, total=0.111 s; sync files=657, longest=0.011 s, average=0.001 s; distance=15564 kB, estimate=15564 kB; lsn=0/284B230, redo lsn=0/284AD08
2026-10-04T00:16:05.2245276Z  2026-10-04 00:07:39.719 UTC [62] LOG:  checkpoint starting: immediate force wait
2026-10-04T00:16:05.2246374Z  2026-10-04 00:07:39.722 UTC [62] LOG:  checkpoint complete: wrote 1 buffers (0.0%); 0 WAL file(s) added, 0 removed, 0 recycled; write=0.001 s, sync=0.001 s, total=0.003 s; sync files=1, longest=0.001 s, average=0.001 s; distance=1 kB, estimate=14008 kB; lsn=0/284B308, redo lsn=0/284B2A8
2026-10-04T00:16:05.2248136Z  2026-10-04 00:07:40.283 UTC [62] LOG:  checkpoint starting: immediate force wait
2026-10-04T00:16:05.2249250Z  2026-10-04 00:07:40.316 UTC [62] LOG:  checkpoint complete: wrote 1149 buffers (7.0%); 0 WAL file(s) added, 0 removed, 1 recycled; write=0.013 s, sync=0.018 s, total=0.033 s; sync files=152, longest=0.001 s, average=0.001 s; distance=14970 kB, estimate=14970 kB; lsn=0/36EA520, redo lsn=0/36E9E98
2026-10-04T00:16:05.2250388Z  2026-10-04 00:07:40.316 UTC [62] LOG:  checkpoint starting: immediate force wait
2026-10-04T00:16:05.2251480Z  2026-10-04 00:07:40.318 UTC [62] LOG:  checkpoint complete: wrote 1 buffers (0.0%); 0 WAL file(s) added, 0 removed, 0 recycled; write=0.001 s, sync=0.001 s, total=0.002 s; sync files=1, longest=0.001 s, average=0.001 s; distance=1 kB, estimate=13474 kB; lsn=0/36EA5F8, redo lsn=0/36EA598
2026-10-04T00:16:05.2252547Z  2026-10-04 00:07:40.711 UTC [62] LOG:  checkpoint starting: immediate force wait
2026-10-04T00:16:05.2253831Z  2026-10-04 00:07:40.714 UTC [62] LOG:  checkpoint complete: wrote 4 buffers (0.0%); 0 WAL file(s) added, 0 removed, 0 recycled; write=0.001 s, sync=0.001 s, total=0.004 s; sync files=4, longest=0.001 s, average=0.001 s; distance=7792 kB, estimate=12905 kB; lsn=0/3E86750, redo lsn=0/3E866F8
2026-10-04T00:16:05.2254929Z  2026-10-04 00:07:41.192 UTC [62] LOG:  checkpoint starting: immediate force wait
2026-10-04T00:16:05.2256009Z  2026-10-04 00:07:41.195 UTC [62] LOG:  checkpoint complete: wrote 4 buffers (0.0%); 0 WAL file(s) added, 0 removed, 1 recycled; write=0.001 s, sync=0.001 s, total=0.003 s; sync files=4, longest=0.001 s, average=0.001 s; distance=8049 kB, estimate=12420 kB; lsn=0/4662E58, redo lsn=0/4662E00
2026-10-04T00:16:05.2258010Z  2026-10-04 00:07:41.614 UTC [62] LOG:  checkpoint starting: immediate force wait
2026-10-04T00:16:05.2260165Z  2026-10-04 00:07:41.617 UTC [62] LOG:  checkpoint complete: wrote 4 buffers (0.0%); 0 WAL file(s) added, 0 removed, 0 recycled; write=0.001 s, sync=0.001 s, total=0.003 s; sync files=4, longest=0.001 s, average=0.001 s; distance=7777 kB, estimate=11956 kB; lsn=0/4DFB5D0, redo lsn=0/4DFB578
2026-10-04T00:16:05.2261574Z  2026-10-04 00:07:43.403 UTC [62] LOG:  checkpoint starting: immediate force wait
2026-10-04T00:16:05.2262661Z  2026-10-04 00:07:43.407 UTC [62] LOG:  checkpoint complete: wrote 4 buffers (0.0%); 0 WAL file(s) added, 0 removed, 1 recycled; write=0.001 s, sync=0.001 s, total=0.005 s; sync files=4, longest=0.001 s, average=0.001 s; distance=8297 kB, estimate=11590 kB; lsn=0/5615B20, redo lsn=0/5615AC8
2026-10-04T00:16:05.2263757Z  2026-10-04 00:07:44.891 UTC [62] LOG:  checkpoint starting: immediate force wait
2026-10-04T00:16:05.2264846Z  2026-10-04 00:07:44.894 UTC [62] LOG:  checkpoint complete: wrote 4 buffers (0.0%); 0 WAL file(s) added, 0 removed, 0 recycled; write=0.001 s, sync=0.001 s, total=0.003 s; sync files=4, longest=0.001 s, average=0.001 s; distance=8301 kB, estimate=11261 kB; lsn=0/5E310A0, redo lsn=0/5E31048
2026-10-04T00:16:05.2265954Z  2026-10-04 00:07:46.471 UTC [62] LOG:  checkpoint starting: immediate force wait
2026-10-04T00:16:05.2267422Z  2026-10-04 00:07:46.475 UTC [62] LOG:  checkpoint complete: wrote 4 buffers (0.0%); 0 WAL file(s) added, 0 removed, 1 recycled; write=0.001 s, sync=0.001 s, total=0.004 s; sync files=4, longest=0.001 s, average=0.001 s; distance=8332 kB, estimate=10968 kB; lsn=0/66541D0, redo lsn=0/6654178
2026-10-04T00:16:05.2268502Z  2026-10-04 00:07:48.618 UTC [62] LOG:  checkpoint starting: immediate force wait
2026-10-04T00:16:05.2269566Z  2026-10-04 00:07:48.622 UTC [62] LOG:  checkpoint complete: wrote 4 buffers (0.0%); 0 WAL file(s) added, 0 removed, 0 recycled; write=0.001 s, sync=0.001 s, total=0.005 s; sync files=4, longest=0.001 s, average=0.001 s; distance=8314 kB, estimate=10702 kB; lsn=0/6E72AC0, redo lsn=0/6E72A68
2026-10-04T00:16:05.2270622Z  2026-10-04 00:07:49.822 UTC [62] LOG:  checkpoint starting: immediate force wait
2026-10-04T00:16:05.2271693Z  2026-10-04 00:07:49.824 UTC [62] LOG:  checkpoint complete: wrote 4 buffers (0.0%); 0 WAL file(s) added, 0 removed, 1 recycled; write=0.001 s, sync=0.001 s, total=0.003 s; sync files=4, longest=0.001 s, average=0.001 s; distance=8249 kB, estimate=10457 kB; lsn=0/76810A8, redo lsn=0/7681050
2026-10-04T00:16:05.2272743Z  2026-10-04 00:07:51.015 UTC [62] LOG:  checkpoint starting: immediate force wait
2026-10-04T00:16:05.2273795Z  2026-10-04 00:07:51.017 UTC [62] LOG:  checkpoint complete: wrote 4 buffers (0.0%); 0 WAL file(s) added, 0 removed, 0 recycled; write=0.001 s, sync=0.001 s, total=0.003 s; sync files=4, longest=0.001 s, average=0.001 s; distance=8249 kB, estimate=10236 kB; lsn=0/7E8F728, redo lsn=0/7E8F6D0
2026-10-04T00:16:05.2274906Z  2026-10-04 00:07:52.510 UTC [280] FATAL:  terminating connection due to administrator command
2026-10-04T00:16:05.2275422Z  2026-10-04 00:07:52.610 UTC [62] LOG:  checkpoint starting: immediate force wait
2026-10-04T00:16:05.2276484Z  2026-10-04 00:07:52.613 UTC [62] LOG:  checkpoint complete: wrote 4 buffers (0.0%); 0 WAL file(s) added, 0 removed, 1 recycled; write=0.001 s, sync=0.001 s, total=0.004 s; sync files=4, longest=0.001 s, average=0.001 s; distance=8305 kB, estimate=10043 kB; lsn=0/86ABC58, redo lsn=0/86ABC00
2026-10-04T00:16:05.2278092Z  2026-10-04 00:07:54.000 UTC [62] LOG:  checkpoint starting: immediate force wait
2026-10-04T00:16:05.2279197Z  2026-10-04 00:07:54.003 UTC [62] LOG:  checkpoint complete: wrote 4 buffers (0.0%); 0 WAL file(s) added, 0 removed, 0 recycled; write=0.001 s, sync=0.001 s, total=0.003 s; sync files=4, longest=0.001 s, average=0.001 s; distance=8300 kB, estimate=9869 kB; lsn=0/8EC6D40, redo lsn=0/8EC6CE8
2026-10-04T00:16:05.2280270Z  2026-10-04 00:07:55.916 UTC [62] LOG:  checkpoint starting: immediate force wait
2026-10-04T00:16:05.2281342Z  2026-10-04 00:07:55.920 UTC [62] LOG:  checkpoint complete: wrote 46 buffers (0.3%); 0 WAL file(s) added, 0 removed, 1 recycled; write=0.001 s, sync=0.001 s, total=0.005 s; sync files=13, longest=0.001 s, average=0.001 s; distance=9290 kB, estimate=9811 kB; lsn=0/97D98A0, redo lsn=0/97D9848
2026-10-04T00:16:05.2282557Z  2026-10-04 00:07:57.221 UTC [62] LOG:  checkpoint starting: immediate force wait
2026-10-04T00:16:05.2283633Z  2026-10-04 00:07:57.225 UTC [62] LOG:  checkpoint complete: wrote 5 buffers (0.0%); 0 WAL file(s) added, 0 removed, 0 recycled; write=0.001 s, sync=0.001 s, total=0.005 s; sync files=4, longest=0.001 s, average=0.001 s; distance=8322 kB, estimate=9662 kB; lsn=0/9FFA450, redo lsn=0/9FFA3F8
2026-10-04T00:16:05.2284698Z  2026-10-04 00:07:58.430 UTC [62] LOG:  checkpoint starting: immediate force wait
2026-10-04T00:16:05.2285762Z  2026-10-04 00:07:58.433 UTC [62] LOG:  checkpoint complete: wrote 4 buffers (0.0%); 0 WAL file(s) added, 0 removed, 1 recycled; write=0.001 s, sync=0.001 s, total=0.003 s; sync files=4, longest=0.001 s, average=0.001 s; distance=8323 kB, estimate=9528 kB; lsn=0/A81B380, redo lsn=0/A81B328
2026-10-04T00:16:05.2287214Z  2026-10-04 00:07:59.637 UTC [62] LOG:  checkpoint starting: immediate force wait
2026-10-04T00:16:05.2288295Z  2026-10-04 00:07:59.640 UTC [62] LOG:  checkpoint complete: wrote 4 buffers (0.0%); 0 WAL file(s) added, 0 removed, 1 recycled; write=0.001 s, sync=0.001 s, total=0.004 s; sync files=4, longest=0.001 s, average=0.001 s; distance=8323 kB, estimate=9408 kB; lsn=0/B03C290, redo lsn=0/B03C238
2026-10-04T00:16:05.2289347Z  2026-10-04 00:08:00.802 UTC [62] LOG:  checkpoint starting: immediate force wait
2026-10-04T00:16:05.2290397Z  2026-10-04 00:08:00.805 UTC [62] LOG:  checkpoint complete: wrote 4 buffers (0.0%); 0 WAL file(s) added, 0 removed, 0 recycled; write=0.001 s, sync=0.001 s, total=0.004 s; sync files=4, longest=0.001 s, average=0.001 s; distance=8323 kB, estimate=9299 kB; lsn=0/B85CFE0, redo lsn=0/B85CF88
2026-10-04T00:16:05.2291478Z  2026-10-04 00:08:02.011 UTC [62] LOG:  checkpoint starting: immediate force wait
2026-10-04T00:16:05.2292541Z  2026-10-04 00:08:02.014 UTC [62] LOG:  checkpoint complete: wrote 4 buffers (0.0%); 0 WAL file(s) added, 0 removed, 1 recycled; write=0.001 s, sync=0.001 s, total=0.003 s; sync files=4, longest=0.001 s, average=0.001 s; distance=8324 kB, estimate=9202 kB; lsn=0/C07E358, redo lsn=0/C07E300
2026-10-04T00:16:05.2293607Z  2026-10-04 00:08:03.179 UTC [62] LOG:  checkpoint starting: immediate force wait
2026-10-04T00:16:05.2294697Z  2026-10-04 00:08:03.182 UTC [62] LOG:  checkpoint complete: wrote 4 buffers (0.0%); 0 WAL file(s) added, 0 removed, 0 recycled; write=0.001 s, sync=0.001 s, total=0.003 s; sync files=4, longest=0.001 s, average=0.001 s; distance=8324 kB, estimate=9114 kB; lsn=0/C89F448, redo lsn=0/C89F3F0
2026-10-04T00:16:05.2295804Z  2026-10-04 00:08:04.387 UTC [360] FATAL:  terminating connection due to administrator command
2026-10-04T00:16:05.2296322Z  2026-10-04 00:08:04.487 UTC [62] LOG:  checkpoint starting: immediate force wait
2026-10-04T00:16:05.2297673Z  2026-10-04 00:08:04.490 UTC [62] LOG:  checkpoint complete: wrote 4 buffers (0.0%); 0 WAL file(s) added, 0 removed, 1 recycled; write=0.001 s, sync=0.001 s, total=0.003 s; sync files=4, longest=0.001 s, average=0.001 s; distance=8330 kB, estimate=9036 kB; lsn=0/D0C1F78, redo lsn=0/D0C1F20
2026-10-04T00:16:05.2298901Z  2026-10-04 00:08:05.650 UTC [62] LOG:  checkpoint starting: immediate force wait
2026-10-04T00:16:05.2299968Z  2026-10-04 00:08:05.655 UTC [62] LOG:  checkpoint complete: wrote 4 buffers (0.0%); 0 WAL file(s) added, 0 removed, 0 recycled; write=0.001 s, sync=0.001 s, total=0.005 s; sync files=4, longest=0.001 s, average=0.001 s; distance=8330 kB, estimate=8965 kB; lsn=0/D8E4818, redo lsn=0/D8E47C0
2026-10-04T00:16:05.2301022Z  2026-10-04 00:08:06.869 UTC [62] LOG:  checkpoint starting: immediate force wait
2026-10-04T00:16:05.2302076Z  2026-10-04 00:08:06.873 UTC [62] LOG:  checkpoint complete: wrote 4 buffers (0.0%); 0 WAL file(s) added, 0 removed, 1 recycled; write=0.002 s, sync=0.001 s, total=0.004 s; sync files=4, longest=0.001 s, average=0.001 s; distance=8326 kB, estimate=8901 kB; lsn=0/E106160, redo lsn=0/E106108
2026-10-04T00:16:05.2303246Z  2026-10-04 00:08:08.101 UTC [62] LOG:  checkpoint starting: immediate force wait
2026-10-04T00:16:05.2304300Z  2026-10-04 00:08:08.104 UTC [62] LOG:  checkpoint complete: wrote 4 buffers (0.0%); 0 WAL file(s) added, 0 removed, 0 recycled; write=0.001 s, sync=0.001 s, total=0.003 s; sync files=4, longest=0.001 s, average=0.001 s; distance=8326 kB, estimate=8844 kB; lsn=0/E927A98, redo lsn=0/E927A40
2026-10-04T00:16:05.2305356Z  2026-10-04 00:08:09.747 UTC [387] ERROR:  invalid passing qualification
2026-10-04T00:16:05.2305894Z  2026-10-04 00:08:09.747 UTC [387] CONTEXT:  PL/pgSQL function learning_grant_complete() line 9 at RAISE
2026-10-04T00:16:05.2306479Z  2026-10-04 00:08:09.751 UTC [387] ERROR:  nonempty correction workflow cannot roll back
2026-10-04T00:16:05.2307316Z  2026-10-04 00:08:09.751 UTC [387] CONTEXT:  PL/pgSQL function inline_code_block line 3 at RAISE
2026-10-04T00:16:05.2307853Z  2026-10-04 00:08:09.751 UTC [387] STATEMENT:  DO $$DECLARE name text;n bigint;BEGIN
2026-10-04T00:16:05.2308928Z  	 FOREACH name IN ARRAY ARRAY['correction_cases','correction_plans','correction_events','correction_jobs','correction_results','correction_dependencies','correction_idempotency','correction_rate_limits','notifications','notification_reads'] LOOP
2026-10-04T00:16:05.2310219Z  	  EXECUTE format('SELECT count(*) FROM %I',name) INTO n;IF n>0 THEN RAISE EXCEPTION 'nonempty correction workflow cannot roll back'; END IF;
2026-10-04T00:16:05.2310826Z  	 END LOOP;
2026-10-04T00:16:05.2311032Z  	END $$;
2026-10-04T00:16:05.2311829Z  	DROP TABLE notification_reads,notifications,correction_idempotency,correction_rate_limits,correction_events,correction_dependencies,correction_results,correction_jobs,correction_plans,correction_cases;
2026-10-04T00:16:05.2314529Z  	DROP FUNCTION correction_event_guard(),correction_notice_guard(),correction_dependency_guard(),correction_result_complete(),correction_case_applies(uuid,text,uuid,uuid),correction_expected_dependencies(jsonb),correction_equivalent_json(jsonb,jsonb),correction_replacement_authorized(jsonb,integer),correction_result_guard(),correction_job_complete(),correction_job_guard(),correction_plan_complete(),correction_plan_proof(jsonb,uuid,jsonb),correction_instance_proof(jsonb,uuid,jsonb),correction_plan_guard(),correction_case_complete(),correction_case_guard(),correction_immutable();
2026-10-04T00:16:05.2317122Z  	DROP INDEX correction_original_asset,correction_assessment_scope,correction_practice_scope;
2026-10-04T00:16:05.2317709Z  	-- correction_enabled 与 correction_marker_guard/trigger 永久保留。
2026-10-04T00:16:05.2318185Z  2026-10-04 00:08:09.756 UTC [62] LOG:  checkpoint starting: immediate force wait
2026-10-04T00:16:05.2319282Z  2026-10-04 00:08:09.759 UTC [62] LOG:  checkpoint complete: wrote 4 buffers (0.0%); 0 WAL file(s) added, 0 removed, 1 recycled; write=0.001 s, sync=0.001 s, total=0.004 s; sync files=4, longest=0.001 s, average=0.001 s; distance=8508 kB, estimate=8810 kB; lsn=0/F176E10, redo lsn=0/F176DB8
2026-10-04T00:16:05.2320519Z  2026-10-04 00:08:11.495 UTC [62] LOG:  checkpoint starting: immediate force wait
2026-10-04T00:16:05.2321645Z  2026-10-04 00:08:11.507 UTC [62] LOG:  checkpoint complete: wrote 4 buffers (0.0%); 0 WAL file(s) added, 0 removed, 0 recycled; write=0.001 s, sync=0.001 s, total=0.013 s; sync files=4, longest=0.001 s, average=0.001 s; distance=8463 kB, estimate=8775 kB; lsn=0/F9BACF0, redo lsn=0/F9BAC98
2026-10-04T00:16:05.2322767Z  2026-10-04 00:08:13.661 UTC [401] FATAL:  terminating connection due to administrator command
2026-10-04T00:16:05.2323301Z  2026-10-04 00:08:13.762 UTC [62] LOG:  checkpoint starting: immediate force wait
2026-10-04T00:16:05.2324398Z  2026-10-04 00:08:13.765 UTC [62] LOG:  checkpoint complete: wrote 4 buffers (0.0%); 0 WAL file(s) added, 0 removed, 1 recycled; write=0.001 s, sync=0.001 s, total=0.003 s; sync files=4, longest=0.001 s, average=0.001 s; distance=8806 kB, estimate=8806 kB; lsn=0/10254898, redo lsn=0/10254840
2026-10-04T00:16:05.2325454Z  2026-10-04 00:08:15.342 UTC [414] ERROR:  isolated exposure failure
2026-10-04T00:16:05.2326117Z  2026-10-04 00:08:15.342 UTC [414] CONTEXT:  PL/pgSQL function isolated_correction_exposure() line 1 at RAISE
2026-10-04T00:16:05.2327481Z  2026-10-04 00:08:15.342 UTC [414] STATEMENT:  INSERT INTO correction_events(id,subject_kind,subject_id,case_id,owner_user_id,kind,sequence,actor_user_id,body,body_bytes,body_digest) VALUES($1,'exposure',$1,$2,$3,'detail_exposed',1,$3,$4,$5,$6)
2026-10-04T00:16:05.2328500Z  2026-10-04 00:08:15.354 UTC [62] LOG:  checkpoint starting: immediate force wait
2026-10-04T00:16:05.2329587Z  2026-10-04 00:08:15.357 UTC [62] LOG:  checkpoint complete: wrote 4 buffers (0.0%); 0 WAL file(s) added, 0 removed, 0 recycled; write=0.001 s, sync=0.001 s, total=0.004 s; sync files=4, longest=0.001 s, average=0.001 s; distance=8464 kB, estimate=8772 kB; lsn=0/10A98C38, redo lsn=0/10A98BE0
2026-10-04T00:16:05.2330665Z  2026-10-04 00:08:16.573 UTC [62] LOG:  checkpoint starting: immediate force wait
2026-10-04T00:16:05.2331752Z  2026-10-04 00:08:16.577 UTC [62] LOG:  checkpoint complete: wrote 10 buffers (0.1%); 0 WAL file(s) added, 0 removed, 1 recycled; write=0.001 s, sync=0.001 s, total=0.005 s; sync files=8, longest=0.001 s, average=0.001 s; distance=8376 kB, estimate=8733 kB; lsn=0/112C6D18, redo lsn=0/112C6CC0
2026-10-04T00:16:05.2332840Z  2026-10-04 00:08:18.111 UTC [62] LOG:  checkpoint starting: immediate force wait
2026-10-04T00:16:05.2333918Z  2026-10-04 00:08:18.115 UTC [62] LOG:  checkpoint complete: wrote 4 buffers (0.0%); 0 WAL file(s) added, 0 removed, 0 recycled; write=0.001 s, sync=0.001 s, total=0.004 s; sync files=4, longest=0.001 s, average=0.001 s; distance=8422 kB, estimate=8701 kB; lsn=0/11B00558, redo lsn=0/11B00500
2026-10-04T00:16:05.2335026Z  2026-10-04 00:08:19.398 UTC [62] LOG:  checkpoint starting: immediate force wait
2026-10-04T00:16:05.2336122Z  2026-10-04 00:08:19.401 UTC [62] LOG:  checkpoint complete: wrote 4 buffers (0.0%); 0 WAL file(s) added, 0 removed, 1 recycled; write=0.001 s, sync=0.001 s, total=0.004 s; sync files=4, longest=0.001 s, average=0.001 s; distance=8341 kB, estimate=8665 kB; lsn=0/12325BB0, redo lsn=0/12325B58
2026-10-04T00:16:05.2337448Z  2026-10-04 00:08:20.899 UTC [62] LOG:  checkpoint starting: immediate force wait
2026-10-04T00:16:05.2338549Z  2026-10-04 00:08:20.902 UTC [62] LOG:  checkpoint complete: wrote 5 buffers (0.0%); 0 WAL file(s) added, 0 removed, 0 recycled; write=0.001 s, sync=0.001 s, total=0.004 s; sync files=4, longest=0.001 s, average=0.001 s; distance=8384 kB, estimate=8637 kB; lsn=0/12B55EB0, redo lsn=0/12B55E58
2026-10-04T00:16:05.2339633Z  2026-10-04 00:08:22.098 UTC [62] LOG:  checkpoint starting: immediate force wait
2026-10-04T00:16:05.2340710Z  2026-10-04 00:08:22.101 UTC [62] LOG:  checkpoint complete: wrote 4 buffers (0.0%); 0 WAL file(s) added, 0 removed, 1 recycled; write=0.001 s, sync=0.001 s, total=0.004 s; sync files=4, longest=0.001 s, average=0.001 s; distance=8366 kB, estimate=8610 kB; lsn=0/133818D0, redo lsn=0/13381878
2026-10-04T00:16:05.2341939Z  2026-10-04 00:08:23.317 UTC [62] LOG:  checkpoint starting: immediate force wait
2026-10-04T00:16:05.2343010Z  2026-10-04 00:08:23.320 UTC [62] LOG:  checkpoint complete: wrote 4 buffers (0.0%); 0 WAL file(s) added, 0 removed, 0 recycled; write=0.001 s, sync=0.001 s, total=0.003 s; sync files=4, longest=0.001 s, average=0.001 s; distance=8336 kB, estimate=8583 kB; lsn=0/13BA5C40, redo lsn=0/13BA5BE8
2026-10-04T00:16:05.2344085Z  2026-10-04 00:08:24.500 UTC [477] ERROR:  isolated atomic rollback fixture
2026-10-04T00:16:05.2344620Z  2026-10-04 00:08:24.500 UTC [477] CONTEXT:  PL/pgSQL function isolated_job_failure() line 1 at RAISE
2026-10-04T00:16:05.2345633Z  2026-10-04 00:08:24.500 UTC [477] STATEMENT:  INSERT INTO correction_jobs(id,source_key,case_id,plan_id,plan_version,type,created_at,next_run_at) VALUES($1,$2,$3,$4,$5,$6,$7,$7) ON CONFLICT(source_key) DO NOTHING RETURNING id::text
2026-10-04T00:16:05.2346777Z  2026-10-04 00:08:24.606 UTC [62] LOG:  checkpoint starting: immediate force wait
2026-10-04T00:16:05.2347997Z  2026-10-04 00:08:24.609 UTC [62] LOG:  checkpoint complete: wrote 4 buffers (0.0%); 0 WAL file(s) added, 0 removed, 1 recycled; write=0.001 s, sync=0.001 s, total=0.003 s; sync files=4, longest=0.001 s, average=0.001 s; distance=8332 kB, estimate=8558 kB; lsn=0/143C8F30, redo lsn=0/143C8ED8
2026-10-04T00:16:05.2349079Z  2026-10-04 00:08:25.950 UTC [480] ERROR:  isolated terminal rollback fixture
2026-10-04T00:16:05.2349612Z  2026-10-04 00:08:25.950 UTC [480] CONTEXT:  PL/pgSQL function isolated_job_failure() line 1 at RAISE
2026-10-04T00:16:05.2350769Z  2026-10-04 00:08:25.950 UTC [480] STATEMENT:  WITH evidence AS (SELECT 'assessment'::text kind,id,owner_user_id owner,created_at,knowledge_id kid,knowledge_version kv,knowledge_sha256 kh,rule_version,state='submitted' terminal FROM assessment_attempts WHERE sealed
2026-10-04T00:16:05.2352233Z  	 UNION ALL SELECT 'practice',id,owner_user_id,created_at,knowledge_id,knowledge_version,knowledge_sha256,(seal#>>'{body,ruleVersion}')::integer,state='answered' FROM practice_attempts
2026-10-04T00:16:05.2353370Z  	 UNION ALL SELECT 'learning-event',id,owner_user_id,recorded_at,knowledge_id,knowledge_version,knowledge_sha256,NULL::integer,true FROM learning_events
2026-10-04T00:16:05.2355779Z  	 UNION ALL SELECT 'enrollment',id,owner_user_id,created_at,NULL::text,NULL::integer,NULL::text,NULL::integer,true FROM learning_path_enrollments), matched AS (SELECT c.id case_id,e.id,e.kind,e.owner FROM evidence e CROSS JOIN correction_cases c WHERE e.id=$1 AND e.kind=$2 AND e.owner=$3 AND e.terminal AND ((c.sealed AND c.kind='grading_rule' AND e.kind IN ('assessment','practice') AND e.rule_version=c.rule_version AND e.created_at<=c.cutoff AND (c.scope_kind='all' OR e.kid=c.knowledge_id AND e.kv=c.knowledge_version AND e.kh=c.knowledge_sha256)) OR (c.sealed AND c.kind='withdrawal' AND (
2026-10-04T00:16:05.2359782Z  	 EXISTS(SELECT 1 FROM learning_evidence_dependencies d WHERE d.evidence_kind=e.kind AND d.evidence_id=e.id AND d.owner_user_id=e.owner AND ((c.withdrawal_space='content' AND EXISTS(SELECT 1 FROM content_withdrawals w WHERE w.id=c.withdrawal_id AND w.kind=d.kind AND w.sha256=d.sha256 AND (d.kind='asset' OR w.target_id=d.id AND w.target_version=d.version))) OR (c.withdrawal_space='question' AND EXISTS(SELECT 1 FROM question_withdrawals w WHERE w.id=c.withdrawal_id AND w.kind=d.kind AND w.target_id=d.id AND w.target_version=d.version AND w.sha256=d.sha256))))
2026-10-04T00:16:05.2363637Z  	 OR EXISTS(SELECT 1 FROM correction_results r JOIN correction_dependencies d ON d.result_id=r.id AND d.role='effective' WHERE r.sealed AND r.owner_user_id=e.owner AND r.evidence_kind=e.kind AND r.evidence_id=e.id AND ((c.withdrawal_space='content' AND EXISTS(SELECT 1 FROM content_withdrawals w WHERE w.id=c.withdrawal_id AND w.kind=d.kind AND w.sha256=d.sha256 AND (d.kind='asset' OR w.target_id=d.id AND w.target_version=d.version))) OR (c.withdrawal_space='question' AND EXISTS(SELECT 1 FROM question_withdrawals w WHERE w.id=c.withdrawal_id AND w.kind=d.kind AND w.target_id=d.id AND w.target_version=d.version AND w.sha256=d.sha256))))
2026-10-04T00:16:05.2367928Z  	 OR (e.kind='enrollment' AND c.withdrawal_space='content' AND EXISTS(SELECT 1 FROM content_withdrawals w JOIN learning_path_enrollments p ON p.id=e.id AND p.owner_user_id=e.owner WHERE w.id=c.withdrawal_id AND ((w.kind='path' AND p.path_id=w.target_id AND p.path_version=w.target_version AND p.path_sha256=w.sha256) OR (w.kind='knowledge' AND EXISTS(SELECT 1 FROM learning_path_nodes n WHERE n.enrollment_id=p.id AND n.knowledge_id=w.target_id AND n.knowledge_version=w.target_version AND n.knowledge_sha256=w.sha256)))))
2026-10-04T00:16:05.2371608Z  	 )))), inserted AS (INSERT INTO correction_jobs(id,source_key,case_id,type,evidence_kind,evidence_id,owner_user_id,created_at,next_run_at) SELECT gen_random_uuid(),'terminal:'||case_id::text||':'||kind||':'||id::text,case_id,'attempt_terminal',kind,id,owner,$4,$4 FROM matched ON CONFLICT(source_key) DO NOTHING RETURNING id,case_id) INSERT INTO correction_events(id,subject_kind,subject_id,case_id,kind,sequence,body,body_bytes,body_digest) SELECT gen_random_uuid(),'job',id,case_id,'job_created',1,$5::jsonb,$6,$7 FROM inserted
2026-10-04T00:16:05.2373550Z  2026-10-04 00:08:26.132 UTC [62] LOG:  checkpoint starting: immediate force wait
2026-10-04T00:16:05.2374656Z  2026-10-04 00:08:26.135 UTC [62] LOG:  checkpoint complete: wrote 4 buffers (0.0%); 0 WAL file(s) added, 0 removed, 0 recycled; write=0.001 s, sync=0.001 s, total=0.004 s; sync files=4, longest=0.001 s, average=0.001 s; distance=8392 kB, estimate=8541 kB; lsn=0/14BFB058, redo lsn=0/14BFB000
2026-10-04T00:16:05.2375740Z  2026-10-04 00:08:27.490 UTC [62] LOG:  checkpoint starting: immediate force wait
2026-10-04T00:16:05.2377717Z  2026-10-04 00:08:27.493 UTC [62] LOG:  checkpoint complete: wrote 4 buffers (0.0%); 0 WAL file(s) added, 0 removed, 1 recycled; write=0.001 s, sync=0.001 s, total=0.004 s; sync files=4, longest=0.001 s, average=0.001 s; distance=8339 kB, estimate=8521 kB; lsn=0/1541FE30, redo lsn=0/1541FDD8
2026-10-04T00:16:05.2379526Z  2026-10-04 00:08:28.806 UTC [62] LOG:  checkpoint starting: immediate force wait
2026-10-04T00:16:05.2381492Z  2026-10-04 00:08:28.808 UTC [62] LOG:  checkpoint complete: wrote 4 buffers (0.0%); 0 WAL file(s) added, 0 removed, 0 recycled; write=0.001 s, sync=0.001 s, total=0.003 s; sync files=4, longest=0.001 s, average=0.001 s; distance=8364 kB, estimate=8505 kB; lsn=0/15C4B210, redo lsn=0/15C4B1B8
2026-10-04T00:16:05.2383497Z  2026-10-04 00:08:30.062 UTC [62] LOG:  checkpoint starting: immediate force wait
2026-10-04T00:16:05.2385483Z  2026-10-04 00:08:30.067 UTC [62] LOG:  checkpoint complete: wrote 4 buffers (0.0%); 0 WAL file(s) added, 0 removed, 1 recycled; write=0.001 s, sync=0.001 s, total=0.005 s; sync files=4, longest=0.001 s, average=0.001 s; distance=8338 kB, estimate=8489 kB; lsn=0/1646FD50, redo lsn=0/1646FCF8
2026-10-04T00:16:05.2387672Z  2026-10-04 00:08:31.324 UTC [62] LOG:  checkpoint starting: immediate force wait
2026-10-04T00:16:05.2389594Z  2026-10-04 00:08:31.327 UTC [62] LOG:  checkpoint complete: wrote 4 buffers (0.0%); 0 WAL file(s) added, 0 removed, 0 recycled; write=0.001 s, sync=0.001 s, total=0.003 s; sync files=4, longest=0.001 s, average=0.001 s; distance=8331 kB, estimate=8473 kB; lsn=0/16C92BA0, redo lsn=0/16C92B48
2026-10-04T00:16:05.2391435Z  2026-10-04 00:08:32.739 UTC [62] LOG:  checkpoint starting: immediate force wait
2026-10-04T00:16:05.2393161Z  2026-10-04 00:08:32.742 UTC [62] LOG:  checkpoint complete: wrote 4 buffers (0.0%); 0 WAL file(s) added, 0 removed, 1 recycled; write=0.001 s, sync=0.001 s, total=0.003 s; sync files=4, longest=0.001 s, average=0.001 s; distance=8412 kB, estimate=8467 kB; lsn=0/174C9D60, redo lsn=0/174C9D08
2026-10-04T00:16:05.2399637Z  2026-10-04 00:08:33.087 UTC [530] ERROR:  permanent correction enablement
2026-10-04T00:16:05.2400633Z  2026-10-04 00:08:33.087 UTC [530] CONTEXT:  PL/pgSQL function correction_marker_guard() line 3 at RAISE
2026-10-04T00:16:05.2401880Z  2026-10-04 00:08:33.087 UTC [530] STATEMENT:  UPDATE goose_db_version SET correction_enabled=false WHERE version_id=0
2026-10-04T00:16:05.2403250Z  2026-10-04 00:08:33.088 UTC [530] ERROR:  permanent correction enablement
2026-10-04T00:16:05.2404219Z  2026-10-04 00:08:33.088 UTC [530] CONTEXT:  PL/pgSQL function correction_marker_guard() line 3 at RAISE
2026-10-04T00:16:05.2405295Z  2026-10-04 00:08:33.088 UTC [530] STATEMENT:  DELETE FROM goose_db_version WHERE version_id=0
2026-10-04T00:16:05.2406223Z  2026-10-04 00:08:33.088 UTC [530] ERROR:  permanent correction enablement
2026-10-04T00:16:05.2407795Z  2026-10-04 00:08:33.088 UTC [530] CONTEXT:  PL/pgSQL function correction_marker_guard() line 3 at RAISE
2026-10-04T00:16:05.2409224Z  2026-10-04 00:08:33.088 UTC [530] STATEMENT:  UPDATE goose_db_version SET version_id=99 WHERE version_id=0
2026-10-04T00:16:05.2410253Z  2026-10-04 00:08:33.156 UTC [62] LOG:  checkpoint starting: immediate force wait
2026-10-04T00:16:05.2412448Z  2026-10-04 00:08:33.162 UTC [62] LOG:  checkpoint complete: wrote 4 buffers (0.0%); 0 WAL file(s) added, 0 removed, 0 recycled; write=0.002 s, sync=0.001 s, total=0.006 s; sync files=4, longest=0.001 s, average=0.001 s; distance=8659 kB, estimate=8659 kB; lsn=0/17D3EC68, redo lsn=0/17D3EC10
2026-10-04T00:16:05.2414616Z  2026-10-04 00:08:34.326 UTC [540] ERROR:  nonempty correction workflow cannot roll back
2026-10-04T00:16:05.2415637Z  2026-10-04 00:08:34.326 UTC [540] CONTEXT:  PL/pgSQL function inline_code_block line 3 at RAISE
2026-10-04T00:16:05.2418114Z  2026-10-04 00:08:34.326 UTC [540] STATEMENT:  DO $$DECLARE name text;n bigint;BEGIN
2026-10-04T00:16:05.2420139Z  	 FOREACH name IN ARRAY ARRAY['correction_cases','correction_plans','correction_events','correction_jobs','correction_results','correction_dependencies','correction_idempotency','correction_rate_limits','notifications','notification_reads'] LOOP
2026-10-04T00:16:05.2422299Z  	  EXECUTE format('SELECT count(*) FROM %I',name) INTO n;IF n>0 THEN RAISE EXCEPTION 'nonempty correction workflow cannot roll back'; END IF;
2026-10-04T00:16:05.2422992Z  	 END LOOP;
2026-10-04T00:16:05.2423280Z  	END $$;
2026-10-04T00:16:05.2424093Z  	DROP TABLE notification_reads,notifications,correction_idempotency,correction_rate_limits,correction_events,correction_dependencies,correction_results,correction_jobs,correction_plans,correction_cases;
2026-10-04T00:16:05.2427078Z  	DROP FUNCTION correction_event_guard(),correction_notice_guard(),correction_dependency_guard(),correction_result_complete(),correction_case_applies(uuid,text,uuid,uuid),correction_expected_dependencies(jsonb),correction_equivalent_json(jsonb,jsonb),correction_replacement_authorized(jsonb,integer),correction_result_guard(),correction_job_complete(),correction_job_guard(),correction_plan_complete(),correction_plan_proof(jsonb,uuid,jsonb),correction_instance_proof(jsonb,uuid,jsonb),correction_plan_guard(),correction_case_complete(),correction_case_guard(),correction_immutable();
2026-10-04T00:16:05.2429646Z  	DROP INDEX correction_original_asset,correction_assessment_scope,correction_practice_scope;
2026-10-04T00:16:05.2430689Z  	-- correction_enabled 与 correction_marker_guard/trigger 永久保留。
2026-10-04T00:16:05.2432463Z  2026-10-04 00:08:34.330 UTC [62] LOG:  checkpoint starting: immediate force wait
2026-10-04T00:16:05.2434717Z  2026-10-04 00:08:34.335 UTC [62] LOG:  checkpoint complete: wrote 4 buffers (0.0%); 0 WAL file(s) added, 0 removed, 1 recycled; write=0.002 s, sync=0.001 s, total=0.005 s; sync files=4, longest=0.001 s, average=0.001 s; distance=8323 kB, estimate=8626 kB; lsn=0/1855FAB8, redo lsn=0/1855FA60
2026-10-04T00:16:05.2437027Z  2026-10-04 00:08:35.538 UTC [543] ERROR:  nonempty correction workflow cannot roll back
2026-10-04T00:16:05.2437999Z  2026-10-04 00:08:35.538 UTC [543] CONTEXT:  PL/pgSQL function inline_code_block line 3 at RAISE
2026-10-04T00:16:05.2438691Z  2026-10-04 00:08:35.538 UTC [543] STATEMENT:  DO $$DECLARE name text;n bigint;BEGIN
2026-10-04T00:16:05.2439788Z  	 FOREACH name IN ARRAY ARRAY['correction_cases','correction_plans','correction_events','correction_jobs','correction_results','correction_dependencies','correction_idempotency','correction_rate_limits','notifications','notification_reads'] LOOP
2026-10-04T00:16:05.2441260Z  	  EXECUTE format('SELECT count(*) FROM %I',name) INTO n;IF n>0 THEN RAISE EXCEPTION 'nonempty correction workflow cannot roll back'; END IF;
2026-10-04T00:16:05.2441855Z  	 END LOOP;
2026-10-04T00:16:05.2442059Z  	END $$;
2026-10-04T00:16:05.2442855Z  	DROP TABLE notification_reads,notifications,correction_idempotency,correction_rate_limits,correction_events,correction_dependencies,correction_results,correction_jobs,correction_plans,correction_cases;
2026-10-04T00:16:05.2445651Z  	DROP FUNCTION correction_event_guard(),correction_notice_guard(),correction_dependency_guard(),correction_result_complete(),correction_case_applies(uuid,text,uuid,uuid),correction_expected_dependencies(jsonb),correction_equivalent_json(jsonb,jsonb),correction_replacement_authorized(jsonb,integer),correction_result_guard(),correction_job_complete(),correction_job_guard(),correction_plan_complete(),correction_plan_proof(jsonb,uuid,jsonb),correction_instance_proof(jsonb,uuid,jsonb),correction_plan_guard(),correction_case_complete(),correction_case_guard(),correction_immutable();
2026-10-04T00:16:05.2450784Z  	DROP INDEX correction_original_asset,correction_assessment_scope,correction_practice_scope;
2026-10-04T00:16:05.2451758Z  	-- correction_enabled 与 correction_marker_guard/trigger 永久保留。
2026-10-04T00:16:05.2452417Z  2026-10-04 00:08:35.542 UTC [62] LOG:  checkpoint starting: immediate force wait
2026-10-04T00:16:05.2453717Z  2026-10-04 00:08:35.545 UTC [62] LOG:  checkpoint complete: wrote 4 buffers (0.0%); 0 WAL file(s) added, 0 removed, 0 recycled; write=0.001 s, sync=0.001 s, total=0.004 s; sync files=4, longest=0.001 s, average=0.001 s; distance=8322 kB, estimate=8595 kB; lsn=0/18D805B8, redo lsn=0/18D80560
2026-10-04T00:16:05.2455023Z  2026-10-04 00:08:36.820 UTC [554] FATAL:  terminating connection due to administrator command
2026-10-04T00:16:05.2455769Z  2026-10-04 00:08:36.921 UTC [62] LOG:  checkpoint starting: immediate force wait
2026-10-04T00:16:05.2457195Z  2026-10-04 00:08:36.924 UTC [62] LOG:  checkpoint complete: wrote 4 buffers (0.0%); 0 WAL file(s) added, 0 removed, 1 recycled; write=0.001 s, sync=0.001 s, total=0.003 s; sync files=4, longest=0.001 s, average=0.001 s; distance=8343 kB, estimate=8570 kB; lsn=0/195A6470, redo lsn=0/195A6418
2026-10-04T00:16:05.2458413Z  2026-10-04 00:08:38.597 UTC [62] LOG:  checkpoint starting: immediate force wait
2026-10-04T00:16:05.2459612Z  2026-10-04 00:08:38.600 UTC [62] LOG:  checkpoint complete: wrote 4 buffers (0.0%); 0 WAL file(s) added, 0 removed, 0 recycled; write=0.001 s, sync=0.001 s, total=0.003 s; sync files=4, longest=0.001 s, average=0.001 s; distance=8416 kB, estimate=8555 kB; lsn=0/19DDE4D0, redo lsn=0/19DDE478
2026-10-04T00:16:05.2460829Z  2026-10-04 00:08:39.922 UTC [62] LOG:  checkpoint starting: immediate force wait
2026-10-04T00:16:05.2462031Z  2026-10-04 00:08:39.925 UTC [62] LOG:  checkpoint complete: wrote 4 buffers (0.0%); 0 WAL file(s) added, 0 removed, 1 recycled; write=0.001 s, sync=0.001 s, total=0.004 s; sync files=4, longest=0.001 s, average=0.001 s; distance=8342 kB, estimate=8533 kB; lsn=0/1A603E98, redo lsn=0/1A603E40
2026-10-04T00:16:05.2463241Z  2026-10-04 00:08:41.172 UTC [62] LOG:  checkpoint starting: immediate force wait
2026-10-04T00:16:05.2464461Z  2026-10-04 00:08:41.174 UTC [62] LOG:  checkpoint complete: wrote 4 buffers (0.0%); 0 WAL file(s) added, 0 removed, 0 recycled; write=0.001 s, sync=0.001 s, total=0.003 s; sync files=4, longest=0.001 s, average=0.001 s; distance=8342 kB, estimate=8514 kB; lsn=0/1AE299A0, redo lsn=0/1AE29948
2026-10-04T00:16:05.2465667Z  2026-10-04 00:08:42.597 UTC [585] ERROR:  isolated atomic process fault
2026-10-04T00:16:05.2466328Z  2026-10-04 00:08:42.597 UTC [585] CONTEXT:  PL/pgSQL function isolated_process_failure() line 1 at RAISE
2026-10-04T00:16:05.2468796Z  2026-10-04 00:08:42.597 UTC [585] STATEMENT:  INSERT INTO correction_results(id,owner_user_id,case_id,plan_id,plan_version,parent_result_id,evidence_kind,evidence_id,knowledge_id,knowledge_version,knowledge_sha256,status,reason,score,passed,correctness,handled_case_ids,basis,basis_bytes,basis_digest,source_key) VALUES($1,$2,$3,$4,$5,$6,$7,$8,$9,$10,$11,$12,$13,$14,$15,$16,$17,$18,$19,$20,$21) ON CONFLICT(source_key,evidence_kind,evidence_id,basis_digest) DO NOTHING RETURNING id::text
2026-10-04T00:16:05.2471071Z  2026-10-04 00:08:42.676 UTC [62] LOG:  checkpoint starting: immediate force wait
2026-10-04T00:16:05.2472342Z  2026-10-04 00:08:42.679 UTC [62] LOG:  checkpoint complete: wrote 4 buffers (0.0%); 0 WAL file(s) added, 0 removed, 1 recycled; write=0.001 s, sync=0.001 s, total=0.003 s; sync files=4, longest=0.001 s, average=0.001 s; distance=8424 kB, estimate=8505 kB; lsn=0/1B663AA0, redo lsn=0/1B663A48
2026-10-04T00:16:05.2473582Z  2026-10-04 00:08:44.102 UTC [596] ERROR:  isolated atomic process fault
2026-10-04T00:16:05.2474128Z  2026-10-04 00:08:44.102 UTC [596] CONTEXT:  PL/pgSQL function isolated_process_failure() line 1 at RAISE
2026-10-04T00:16:05.2474952Z  2026-10-04 00:08:44.102 UTC [596] STATEMENT:  WITH dependencies AS (
2026-10-04T00:16:05.2476326Z  	 INSERT INTO correction_dependencies(result_id,role,kind,id,version,sha256,positions) SELECT $1,d.role,d.kind,d.id,d.version,d.sha256,d.positions FROM jsonb_to_recordset($2::jsonb) AS d(role text,kind text,id text,version integer,sha256 text,positions integer[]) RETURNING result_id
2026-10-04T00:16:05.2477796Z  	 ),audit AS (
2026-10-04T00:16:05.2478510Z  	 INSERT INTO correction_events(id,subject_kind,subject_id,subject_version,case_id,kind,sequence,actor_user_id,body,body_bytes,body_digest)
2026-10-04T00:16:05.2479458Z  	 SELECT $3,'result',$1,NULL,$4,'result_sealed',1,NULL,$5,$6,$7 FROM (SELECT count(*) FROM dependencies) ready RETURNING subject_id
2026-10-04T00:16:05.2480375Z  	 ) UPDATE correction_results SET sealed=true FROM audit WHERE correction_results.id=$1 AND audit.subject_id=correction_results.id
2026-10-04T00:16:05.2481233Z  2026-10-04 00:08:44.183 UTC [62] LOG:  checkpoint starting: immediate force wait
2026-10-04T00:16:05.2482475Z  2026-10-04 00:08:44.186 UTC [62] LOG:  checkpoint complete: wrote 5 buffers (0.0%); 0 WAL file(s) added, 0 removed, 0 recycled; write=0.001 s, sync=0.001 s, total=0.004 s; sync files=4, longest=0.001 s, average=0.001 s; distance=8436 kB, estimate=8498 kB; lsn=0/1BEA0E70, redo lsn=0/1BEA0E18
2026-10-04T00:16:05.2483704Z  2026-10-04 00:08:45.604 UTC [607] ERROR:  isolated atomic process fault
2026-10-04T00:16:05.2484360Z  2026-10-04 00:08:45.604 UTC [607] CONTEXT:  PL/pgSQL function isolated_process_failure() line 1 at RAISE
2026-10-04T00:16:05.2484955Z  2026-10-04 00:08:45.604 UTC [607] STATEMENT:  WITH dependencies AS (
2026-10-04T00:16:05.2486275Z  	 INSERT INTO correction_dependencies(result_id,role,kind,id,version,sha256,positions) SELECT $1,d.role,d.kind,d.id,d.version,d.sha256,d.positions FROM jsonb_to_recordset($2::jsonb) AS d(role text,kind text,id text,version integer,sha256 text,positions integer[]) RETURNING result_id
2026-10-04T00:16:05.2487684Z  	 ),audit AS (
2026-10-04T00:16:05.2488400Z  	 INSERT INTO correction_events(id,subject_kind,subject_id,subject_version,case_id,kind,sequence,actor_user_id,body,body_bytes,body_digest)
2026-10-04T00:16:05.2489418Z  	 SELECT $3,'result',$1,NULL,$4,'result_sealed',1,NULL,$5,$6,$7 FROM (SELECT count(*) FROM dependencies) ready RETURNING subject_id
2026-10-04T00:16:05.2490339Z  	 ) UPDATE correction_results SET sealed=true FROM audit WHERE correction_results.id=$1 AND audit.subject_id=correction_results.id
2026-10-04T00:16:05.2491164Z  2026-10-04 00:08:45.679 UTC [607] FATAL:  terminating connection due to administrator command
2026-10-04T00:16:05.2491850Z  2026-10-04 00:08:45.780 UTC [62] LOG:  checkpoint starting: immediate force wait
2026-10-04T00:16:05.2493099Z  2026-10-04 00:08:45.783 UTC [62] LOG:  checkpoint complete: wrote 4 buffers (0.0%); 0 WAL file(s) added, 0 removed, 1 recycled; write=0.001 s, sync=0.001 s, total=0.004 s; sync files=4, longest=0.001 s, average=0.001 s; distance=8444 kB, estimate=8493 kB; lsn=0/1C6E0108, redo lsn=0/1C6E00B0
2026-10-04T00:16:05.2494501Z  2026-10-04 00:08:47.206 UTC [619] ERROR:  isolated atomic process fault
2026-10-04T00:16:05.2495035Z  2026-10-04 00:08:47.206 UTC [619] CONTEXT:  PL/pgSQL function isolated_process_failure() line 1 at RAISE
2026-10-04T00:16:05.2497378Z  2026-10-04 00:08:47.206 UTC [619] STATEMENT:  INSERT INTO correction_events(id,subject_kind,subject_id,case_id,result_id,owner_user_id,kind,sequence,body,body_bytes,body_digest,recorded_at) SELECT gen_random_uuid(),'result',r.id,r.case_id,r.id,$2,'qualification_granted',(SELECT coalesce(max(sequence),0)+1 FROM correction_events WHERE subject_kind='result' AND subject_id=r.id),$3::jsonb,$4,$5,$6 FROM correction_results r WHERE r.id=$1 AND r.owner_user_id=$2 AND r.sealed ON CONFLICT DO NOTHING
2026-10-04T00:16:05.2499494Z  2026-10-04 00:08:47.379 UTC [62] LOG:  checkpoint starting: immediate force wait
2026-10-04T00:16:05.2500879Z  2026-10-04 00:08:47.382 UTC [62] LOG:  checkpoint complete: wrote 4 buffers (0.0%); 0 WAL file(s) added, 0 removed, 0 recycled; write=0.001 s, sync=0.001 s, total=0.003 s; sync files=4, longest=0.001 s, average=0.001 s; distance=8462 kB, estimate=8490 kB; lsn=0/1CF23C90, redo lsn=0/1CF23C38
2026-10-04T00:16:05.2502135Z  2026-10-04 00:08:48.883 UTC [622] ERROR:  isolated atomic process fault
2026-10-04T00:16:05.2502819Z  2026-10-04 00:08:48.883 UTC [622] CONTEXT:  PL/pgSQL function isolated_process_failure() line 1 at RAISE
2026-10-04T00:16:05.2503934Z  2026-10-04 00:08:48.883 UTC [622] STATEMENT:  INSERT INTO notifications(owner_user_id,dedup_key,type,evidence_kind,evidence_id,case_id,result_id) VALUES($1,$2,$3,$4,$5,$6,$7) ON CONFLICT(dedup_key) DO NOTHING
2026-10-04T00:16:05.2505049Z  2026-10-04 00:08:48.957 UTC [622] FATAL:  terminating connection due to administrator command
2026-10-04T00:16:05.2505594Z  2026-10-04 00:08:49.058 UTC [62] LOG:  checkpoint starting: immediate force wait
2026-10-04T00:16:05.2506963Z  2026-10-04 00:08:49.060 UTC [62] LOG:  checkpoint complete: wrote 4 buffers (0.0%); 0 WAL file(s) added, 0 removed, 1 recycled; write=0.001 s, sync=0.001 s, total=0.003 s; sync files=4, longest=0.001 s, average=0.001 s; distance=8464 kB, estimate=8487 kB; lsn=0/1D767D98, redo lsn=0/1D767D40
2026-10-04T00:16:05.2508238Z  2026-10-04 00:08:50.517 UTC [634] ERROR:  isolated atomic process fault
2026-10-04T00:16:05.2508922Z  2026-10-04 00:08:50.517 UTC [634] CONTEXT:  PL/pgSQL function isolated_process_failure() line 1 at RAISE
2026-10-04T00:16:05.2509459Z  2026-10-04 00:08:50.517 UTC [634] STATEMENT:  WITH advanced AS (
2026-10-04T00:16:05.2510258Z  	 UPDATE correction_jobs SET cursor_kind=$2,cursor_id=$3,processed_count=processed_count+1,sequence=$4 WHERE id=$1 RETURNING id
2026-10-04T00:16:05.2511240Z  	 ) INSERT INTO correction_events(id,subject_kind,subject_id,subject_version,case_id,kind,sequence,actor_user_id,body,body_bytes,body_digest)
2026-10-04T00:16:05.2512072Z  	 SELECT $5,'job',advanced.id,NULL,$6,'job_continued',$4,NULL,$7,$8,$9 FROM advanced
2026-10-04T00:16:05.2512594Z  2026-10-04 00:08:50.592 UTC [62] LOG:  checkpoint starting: immediate force wait
2026-10-04T00:16:05.2513854Z  2026-10-04 00:08:50.596 UTC [62] LOG:  checkpoint complete: wrote 4 buffers (0.0%); 0 WAL file(s) added, 0 removed, 0 recycled; write=0.001 s, sync=0.001 s, total=0.005 s; sync files=4, longest=0.001 s, average=0.001 s; distance=8466 kB, estimate=8485 kB; lsn=0/1DFAC848, redo lsn=0/1DFAC7F0
2026-10-04T00:16:05.2514975Z  2026-10-04 00:08:51.975 UTC [62] LOG:  checkpoint starting: immediate force wait
2026-10-04T00:16:05.2516064Z  2026-10-04 00:08:51.978 UTC [62] LOG:  checkpoint complete: wrote 8 buffers (0.0%); 0 WAL file(s) added, 0 removed, 1 recycled; write=0.001 s, sync=0.001 s, total=0.003 s; sync files=6, longest=0.001 s, average=0.001 s; distance=8392 kB, estimate=8476 kB; lsn=0/1E7DEA30, redo lsn=0/1E7DE9D8
2026-10-04T00:16:05.2517451Z  2026-10-04 00:08:53.639 UTC [648] ERROR:  isolated second evidence interruption
2026-10-04T00:16:05.2518261Z  2026-10-04 00:08:53.639 UTC [648] CONTEXT:  PL/pgSQL function isolated_process_failure() line 1 at RAISE
2026-10-04T00:16:05.2520103Z  2026-10-04 00:08:53.639 UTC [648] STATEMENT:  INSERT INTO correction_results(id,owner_user_id,case_id,plan_id,plan_version,parent_result_id,evidence_kind,evidence_id,knowledge_id,knowledge_version,knowledge_sha256,status,reason,score,passed,correctness,handled_case_ids,basis,basis_bytes,basis_digest,source_key) VALUES($1,$2,$3,$4,$5,$6,$7,$8,$9,$10,$11,$12,$13,$14,$15,$16,$17,$18,$19,$20,$21) ON CONFLICT(source_key,evidence_kind,evidence_id,basis_digest) DO NOTHING RETURNING id::text
2026-10-04T00:16:05.2521919Z  2026-10-04 00:08:54.789 UTC [62] LOG:  checkpoint starting: immediate force wait
2026-10-04T00:16:05.2523013Z  2026-10-04 00:08:54.793 UTC [62] LOG:  checkpoint complete: wrote 4 buffers (0.0%); 0 WAL file(s) added, 0 removed, 1 recycled; write=0.001 s, sync=0.001 s, total=0.004 s; sync files=4, longest=0.001 s, average=0.001 s; distance=8562 kB, estimate=8562 kB; lsn=0/1F03B538, redo lsn=0/1F03B4E0
2026-10-04T00:16:05.2524234Z  2026-10-04 00:08:56.406 UTC [62] LOG:  checkpoint starting: immediate force wait
2026-10-04T00:16:05.2525505Z  2026-10-04 00:08:56.409 UTC [62] LOG:  checkpoint complete: wrote 4 buffers (0.0%); 0 WAL file(s) added, 0 removed, 0 recycled; write=0.001 s, sync=0.001 s, total=0.003 s; sync files=4, longest=0.001 s, average=0.001 s; distance=8430 kB, estimate=8549 kB; lsn=0/1F876E40, redo lsn=0/1F876DE8
2026-10-04T00:16:05.2526870Z  2026-10-04 00:08:58.026 UTC [62] LOG:  checkpoint starting: immediate force wait
2026-10-04T00:16:05.2528115Z  2026-10-04 00:08:58.031 UTC [62] LOG:  checkpoint complete: wrote 4 buffers (0.0%); 0 WAL file(s) added, 0 removed, 1 recycled; write=0.001 s, sync=0.001 s, total=0.006 s; sync files=4, longest=0.001 s, average=0.001 s; distance=8474 kB, estimate=8541 kB; lsn=0/200BD6D8, redo lsn=0/200BD680
2026-10-04T00:16:05.2529318Z  2026-10-04 00:08:59.587 UTC [62] LOG:  checkpoint starting: immediate force wait
2026-10-04T00:16:05.2530601Z  2026-10-04 00:08:59.590 UTC [62] LOG:  checkpoint complete: wrote 4 buffers (0.0%); 0 WAL file(s) added, 0 removed, 0 recycled; write=0.001 s, sync=0.001 s, total=0.004 s; sync files=4, longest=0.001 s, average=0.001 s; distance=8457 kB, estimate=8533 kB; lsn=0/208FFDD8, redo lsn=0/208FFD80
2026-10-04T00:16:05.2546817Z  2026-10-04 00:09:01.071 UTC [62] LOG:  checkpoint starting: immediate force wait
2026-10-04T00:16:05.2548328Z  2026-10-04 00:09:01.074 UTC [62] LOG:  checkpoint complete: wrote 4 buffers (0.0%); 0 WAL file(s) added, 0 removed, 1 recycled; write=0.001 s, sync=0.001 s, total=0.003 s; sync files=4, longest=0.001 s, average=0.001 s; distance=8413 kB, estimate=8521 kB; lsn=0/21137270, redo lsn=0/21137218
2026-10-04T00:16:05.2549470Z  2026-10-04 00:09:02.660 UTC [62] LOG:  checkpoint starting: immediate force wait
2026-10-04T00:16:05.2550602Z  2026-10-04 00:09:02.667 UTC [62] LOG:  checkpoint complete: wrote 4 buffers (0.0%); 0 WAL file(s) added, 0 removed, 0 recycled; write=0.001 s, sync=0.002 s, total=0.007 s; sync files=4, longest=0.001 s, average=0.001 s; distance=8414 kB, estimate=8510 kB; lsn=0/2196ED50, redo lsn=0/2196ECF8
2026-10-04T00:16:05.2551695Z  2026-10-04 00:09:04.868 UTC [62] LOG:  checkpoint starting: immediate force wait
2026-10-04T00:16:05.2552766Z  2026-10-04 00:09:04.872 UTC [62] LOG:  checkpoint complete: wrote 4 buffers (0.0%); 0 WAL file(s) added, 0 removed, 1 recycled; write=0.001 s, sync=0.001 s, total=0.004 s; sync files=4, longest=0.001 s, average=0.001 s; distance=8777 kB, estimate=8777 kB; lsn=0/22201298, redo lsn=0/22201240
2026-10-04T00:16:05.2553857Z  2026-10-04 00:09:07.065 UTC [62] LOG:  checkpoint starting: immediate force wait
2026-10-04T00:16:05.2555259Z  2026-10-04 00:09:07.068 UTC [62] LOG:  checkpoint complete: wrote 4 buffers (0.0%); 0 WAL file(s) added, 0 removed, 0 recycled; write=0.001 s, sync=0.001 s, total=0.004 s; sync files=4, longest=0.001 s, average=0.001 s; distance=8778 kB, estimate=8778 kB; lsn=0/22A93C10, redo lsn=0/22A93BB8
2026-10-04T00:16:05.2556795Z  2026-10-04 00:09:09.924 UTC [62] LOG:  checkpoint starting: immediate force wait
2026-10-04T00:16:05.2558103Z  2026-10-04 00:09:09.926 UTC [62] LOG:  checkpoint complete: wrote 4 buffers (0.0%); 0 WAL file(s) added, 0 removed, 1 recycled; write=0.001 s, sync=0.001 s, total=0.003 s; sync files=4, longest=0.001 s, average=0.001 s; distance=9178 kB, estimate=9178 kB; lsn=0/2338A6D8, redo lsn=0/2338A680
2026-10-04T00:16:05.2559396Z  2026-10-04 00:09:11.463 UTC [62] LOG:  checkpoint starting: immediate force wait
2026-10-04T00:16:05.2560628Z  2026-10-04 00:09:11.466 UTC [62] LOG:  checkpoint complete: wrote 5 buffers (0.0%); 0 WAL file(s) added, 0 removed, 0 recycled; write=0.001 s, sync=0.001 s, total=0.003 s; sync files=4, longest=0.001 s, average=0.001 s; distance=8374 kB, estimate=9098 kB; lsn=0/23BB8210, redo lsn=0/23BB81B8
2026-10-04T00:16:05.2561847Z  2026-10-04 00:09:12.935 UTC [62] LOG:  checkpoint starting: immediate force wait
2026-10-04T00:16:05.2563201Z  2026-10-04 00:09:12.937 UTC [62] LOG:  checkpoint complete: wrote 4 buffers (0.0%); 0 WAL file(s) added, 0 removed, 1 recycled; write=0.001 s, sync=0.001 s, total=0.003 s; sync files=4, longest=0.001 s, average=0.001 s; distance=8400 kB, estimate=9028 kB; lsn=0/243EC248, redo lsn=0/243EC1F0
2026-10-04T00:16:05.2564504Z  2026-10-04 00:09:14.461 UTC [62] LOG:  checkpoint starting: immediate force wait
2026-10-04T00:16:05.2566020Z  2026-10-04 00:09:14.465 UTC [62] LOG:  checkpoint complete: wrote 4 buffers (0.0%); 0 WAL file(s) added, 0 removed, 0 recycled; write=0.001 s, sync=0.001 s, total=0.005 s; sync files=4, longest=0.001 s, average=0.001 s; distance=8417 kB, estimate=8967 kB; lsn=0/24C246F0, redo lsn=0/24C24698
2026-10-04T00:16:05.2567388Z  2026-10-04 00:09:17.149 UTC [62] LOG:  checkpoint starting: immediate force wait
2026-10-04T00:16:05.2568589Z  2026-10-04 00:09:17.152 UTC [62] LOG:  checkpoint complete: wrote 4 buffers (0.0%); 0 WAL file(s) added, 0 removed, 1 recycled; write=0.001 s, sync=0.001 s, total=0.003 s; sync files=4, longest=0.001 s, average=0.001 s; distance=9168 kB, estimate=9168 kB; lsn=0/25518AB8, redo lsn=0/25518A60
2026-10-04T00:16:05.2569677Z  2026-10-04 00:09:19.910 UTC [62] LOG:  checkpoint starting: immediate force wait
2026-10-04T00:16:05.2570754Z  2026-10-04 00:09:19.913 UTC [62] LOG:  checkpoint complete: wrote 4 buffers (0.0%); 0 WAL file(s) added, 0 removed, 0 recycled; write=0.001 s, sync=0.001 s, total=0.003 s; sync files=4, longest=0.001 s, average=0.001 s; distance=9176 kB, estimate=9176 kB; lsn=0/25E0EDC8, redo lsn=0/25E0ED70
2026-10-04T00:16:05.2571831Z  2026-10-04 00:09:21.389 UTC [62] LOG:  checkpoint starting: immediate force wait
2026-10-04T00:16:05.2572908Z  2026-10-04 00:09:21.392 UTC [62] LOG:  checkpoint complete: wrote 4 buffers (0.0%); 0 WAL file(s) added, 0 removed, 1 recycled; write=0.001 s, sync=0.001 s, total=0.003 s; sync files=4, longest=0.001 s, average=0.001 s; distance=8411 kB, estimate=9100 kB; lsn=0/26645C50, redo lsn=0/26645BF8
2026-10-04T00:16:05.2573983Z  2026-10-04 00:09:22.911 UTC [62] LOG:  checkpoint starting: immediate force wait
2026-10-04T00:16:05.2575043Z  2026-10-04 00:09:22.914 UTC [62] LOG:  checkpoint complete: wrote 4 buffers (0.0%); 0 WAL file(s) added, 0 removed, 0 recycled; write=0.001 s, sync=0.001 s, total=0.003 s; sync files=4, longest=0.001 s, average=0.001 s; distance=8456 kB, estimate=9035 kB; lsn=0/26E87D80, redo lsn=0/26E87D28
2026-10-04T00:16:05.2576106Z  2026-10-04 00:09:24.523 UTC [62] LOG:  checkpoint starting: immediate force wait
2026-10-04T00:16:05.2577462Z  2026-10-04 00:09:24.526 UTC [62] LOG:  checkpoint complete: wrote 4 buffers (0.0%); 0 WAL file(s) added, 0 removed, 1 recycled; write=0.001 s, sync=0.001 s, total=0.004 s; sync files=4, longest=0.001 s, average=0.001 s; distance=8492 kB, estimate=8981 kB; lsn=0/276D2E58, redo lsn=0/276D2E00
2026-10-04T00:16:05.2578526Z  2026-10-04 00:09:25.896 UTC [853] ERROR:  invalid passing qualification
2026-10-04T00:16:05.2579061Z  2026-10-04 00:09:25.896 UTC [853] CONTEXT:  PL/pgSQL function learning_grant_complete() line 9 at RAISE
2026-10-04T00:16:05.2579779Z  2026-10-04 00:09:25.899 UTC [62] LOG:  checkpoint starting: immediate force wait
2026-10-04T00:16:05.2580853Z  2026-10-04 00:09:25.903 UTC [62] LOG:  checkpoint complete: wrote 4 buffers (0.0%); 0 WAL file(s) added, 0 removed, 0 recycled; write=0.001 s, sync=0.001 s, total=0.004 s; sync files=4, longest=0.001 s, average=0.001 s; distance=8402 kB, estimate=8923 kB; lsn=0/27F07760, redo lsn=0/27F07708
2026-10-04T00:16:05.2581912Z  2026-10-04 00:09:27.317 UTC [62] LOG:  checkpoint starting: immediate force wait
2026-10-04T00:16:05.2582968Z  2026-10-04 00:09:27.320 UTC [62] LOG:  checkpoint complete: wrote 4 buffers (0.0%); 0 WAL file(s) added, 0 removed, 1 recycled; write=0.001 s, sync=0.001 s, total=0.003 s; sync files=4, longest=0.001 s, average=0.001 s; distance=8450 kB, estimate=8876 kB; lsn=0/28747F68, redo lsn=0/28747F10
2026-10-04T00:16:05.2584039Z  2026-10-04 00:09:28.888 UTC [62] LOG:  checkpoint starting: immediate force wait
2026-10-04T00:16:05.2585206Z  2026-10-04 00:09:28.893 UTC [62] LOG:  checkpoint complete: wrote 4 buffers (0.0%); 0 WAL file(s) added, 0 removed, 0 recycled; write=0.001 s, sync=0.001 s, total=0.005 s; sync files=4, longest=0.001 s, average=0.001 s; distance=8431 kB, estimate=8831 kB; lsn=0/28F83BD0, redo lsn=0/28F83B78
2026-10-04T00:16:05.2586267Z  2026-10-04 00:09:31.626 UTC [62] LOG:  checkpoint starting: immediate force wait
2026-10-04T00:16:05.2587885Z  2026-10-04 00:09:31.630 UTC [62] LOG:  checkpoint complete: wrote 4 buffers (0.0%); 0 WAL file(s) added, 0 removed, 1 recycled; write=0.001 s, sync=0.001 s, total=0.004 s; sync files=4, longest=0.001 s, average=0.001 s; distance=10521 kB, estimate=10521 kB; lsn=0/299CA338, redo lsn=0/299CA2E0
2026-10-04T00:16:05.2588968Z  2026-10-04 00:09:32.866 UTC [62] LOG:  checkpoint starting: immediate force wait
2026-10-04T00:16:05.2590036Z  2026-10-04 00:09:32.869 UTC [62] LOG:  checkpoint complete: wrote 4 buffers (0.0%); 0 WAL file(s) added, 0 removed, 1 recycled; write=0.001 s, sync=0.001 s, total=0.003 s; sync files=4, longest=0.001 s, average=0.001 s; distance=8328 kB, estimate=10302 kB; lsn=0/2A1EC3F0, redo lsn=0/2A1EC398
2026-10-04T00:16:05.2591101Z  2026-10-04 00:09:34.445 UTC [62] LOG:  checkpoint starting: immediate force wait
2026-10-04T00:16:05.2592167Z  2026-10-04 00:09:34.447 UTC [62] LOG:  checkpoint complete: wrote 4 buffers (0.0%); 0 WAL file(s) added, 0 removed, 0 recycled; write=0.001 s, sync=0.001 s, total=0.003 s; sync files=4, longest=0.001 s, average=0.001 s; distance=8381 kB, estimate=10110 kB; lsn=0/2AA1BB48, redo lsn=0/2AA1BAF0
2026-10-04T00:16:05.2593284Z  2026-10-04 00:09:36.012 UTC [913] FATAL:  terminating connection due to administrator command
2026-10-04T00:16:05.2593901Z  2026-10-04 00:09:36.012 UTC [915] FATAL:  terminating autovacuum process due to administrator command
2026-10-04T00:16:05.2594459Z  2026-10-04 00:09:36.113 UTC [62] LOG:  checkpoint starting: immediate force wait
2026-10-04T00:16:05.2595569Z  2026-10-04 00:09:36.116 UTC [62] LOG:  checkpoint complete: wrote 4 buffers (0.0%); 0 WAL file(s) added, 0 removed, 1 recycled; write=0.001 s, sync=0.001 s, total=0.003 s; sync files=4, longest=0.001 s, average=0.001 s; distance=8486 kB, estimate=9948 kB; lsn=0/2B2655C8, redo lsn=0/2B265570
2026-10-04T00:16:05.2596778Z  2026-10-04 00:09:37.461 UTC [62] LOG:  checkpoint starting: immediate force wait
2026-10-04T00:16:05.2597845Z  2026-10-04 00:09:37.464 UTC [62] LOG:  checkpoint complete: wrote 5 buffers (0.0%); 0 WAL file(s) added, 0 removed, 0 recycled; write=0.001 s, sync=0.001 s, total=0.003 s; sync files=4, longest=0.001 s, average=0.001 s; distance=8341 kB, estimate=9787 kB; lsn=0/2BA8AA08, redo lsn=0/2BA8A9B0
2026-10-04T00:16:05.2598916Z  2026-10-04 00:09:37.852 UTC [62] LOG:  checkpoint starting: immediate force wait
2026-10-04T00:16:05.2599996Z  2026-10-04 00:09:37.855 UTC [62] LOG:  checkpoint complete: wrote 4 buffers (0.0%); 0 WAL file(s) added, 0 removed, 1 recycled; write=0.001 s, sync=0.001 s, total=0.003 s; sync files=4, longest=0.001 s, average=0.001 s; distance=7189 kB, estimate=9527 kB; lsn=0/2C190158, redo lsn=0/2C190100
2026-10-04T00:16:05.2601238Z  2026-10-04 00:09:39.315 UTC [62] LOG:  checkpoint starting: immediate force wait
2026-10-04T00:16:05.2602317Z  2026-10-04 00:09:39.318 UTC [62] LOG:  checkpoint complete: wrote 4 buffers (0.0%); 0 WAL file(s) added, 0 removed, 0 recycled; write=0.001 s, sync=0.001 s, total=0.003 s; sync files=4, longest=0.001 s, average=0.001 s; distance=8372 kB, estimate=9412 kB; lsn=0/2C9BD270, redo lsn=0/2C9BD218
2026-10-04T00:16:05.2603398Z  2026-10-04 00:09:40.800 UTC [62] LOG:  checkpoint starting: immediate force wait
2026-10-04T00:16:05.2604460Z  2026-10-04 00:09:40.804 UTC [62] LOG:  checkpoint complete: wrote 4 buffers (0.0%); 0 WAL file(s) added, 0 removed, 1 recycled; write=0.001 s, sync=0.001 s, total=0.004 s; sync files=4, longest=0.001 s, average=0.001 s; distance=8373 kB, estimate=9308 kB; lsn=0/2D1EA6E8, redo lsn=0/2D1EA690
2026-10-04T00:16:05.2605536Z  2026-10-04 00:09:41.979 UTC [62] LOG:  checkpoint starting: immediate force wait
2026-10-04T00:16:05.2606836Z  2026-10-04 00:09:41.984 UTC [62] LOG:  checkpoint complete: wrote 4 buffers (0.0%); 0 WAL file(s) added, 0 removed, 0 recycled; write=0.003 s, sync=0.001 s, total=0.005 s; sync files=4, longest=0.001 s, average=0.001 s; distance=8322 kB, estimate=9209 kB; lsn=0/2DA0B1C0, redo lsn=0/2DA0B168
2026-10-04T00:16:05.2607922Z  2026-10-04 00:09:43.393 UTC [62] LOG:  checkpoint starting: immediate force wait
2026-10-04T00:16:05.2608983Z  2026-10-04 00:09:43.397 UTC [62] LOG:  checkpoint complete: wrote 4 buffers (0.0%); 0 WAL file(s) added, 0 removed, 1 recycled; write=0.001 s, sync=0.001 s, total=0.004 s; sync files=4, longest=0.001 s, average=0.001 s; distance=8414 kB, estimate=9130 kB; lsn=0/2E242A90, redo lsn=0/2E242A38
2026-10-04T00:16:05.2610088Z  2026-10-04 00:09:45.203 UTC [971] ERROR:  accurate independently handled case required
2026-10-04T00:16:05.2610678Z  2026-10-04 00:09:45.203 UTC [971] CONTEXT:  PL/pgSQL function correction_result_complete() line 9 at RAISE
2026-10-04T00:16:05.2611191Z  2026-10-04 00:09:45.203 UTC [971] STATEMENT:  commit
2026-10-04T00:16:05.2611597Z  2026-10-04 00:09:45.208 UTC [62] LOG:  checkpoint starting: immediate force wait
2026-10-04T00:16:05.2612674Z  2026-10-04 00:09:45.211 UTC [62] LOG:  checkpoint complete: wrote 4 buffers (0.0%); 0 WAL file(s) added, 0 removed, 0 recycled; write=0.001 s, sync=0.001 s, total=0.004 s; sync files=4, longest=0.001 s, average=0.001 s; distance=9103 kB, estimate=9127 kB; lsn=0/2EB267D0, redo lsn=0/2EB26778
2026-10-04T00:16:05.2613754Z  2026-10-04 00:09:47.023 UTC [982] ERROR:  active withdrawal in corrected basis
2026-10-04T00:16:05.2614323Z  2026-10-04 00:09:47.023 UTC [982] CONTEXT:  PL/pgSQL function correction_result_complete() line 25 at RAISE
2026-10-04T00:16:05.2614823Z  2026-10-04 00:09:47.023 UTC [982] STATEMENT:  commit
2026-10-04T00:16:05.2615223Z  2026-10-04 00:09:47.028 UTC [62] LOG:  checkpoint starting: immediate force wait
2026-10-04T00:16:05.2616305Z  2026-10-04 00:09:47.031 UTC [62] LOG:  checkpoint complete: wrote 4 buffers (0.0%); 0 WAL file(s) added, 0 removed, 1 recycled; write=0.001 s, sync=0.001 s, total=0.004 s; sync files=4, longest=0.001 s, average=0.001 s; distance=9098 kB, estimate=9124 kB; lsn=0/2F409348, redo lsn=0/2F4092F0
2026-10-04T00:16:05.2617500Z  2026-10-04 00:09:48.479 UTC [994] ERROR:  complete parent closure and audit required
2026-10-04T00:16:05.2618081Z  2026-10-04 00:09:48.479 UTC [994] CONTEXT:  PL/pgSQL function correction_result_complete() line 16 at RAISE
2026-10-04T00:16:05.2618594Z  2026-10-04 00:09:48.479 UTC [994] STATEMENT:  commit
2026-10-04T00:16:05.2618987Z  2026-10-04 00:09:48.483 UTC [62] LOG:  checkpoint starting: immediate force wait
2026-10-04T00:16:05.2620057Z  2026-10-04 00:09:48.486 UTC [62] LOG:  checkpoint complete: wrote 4 buffers (0.0%); 0 WAL file(s) added, 0 removed, 0 recycled; write=0.001 s, sync=0.001 s, total=0.003 s; sync files=4, longest=0.001 s, average=0.001 s; distance=8494 kB, estimate=9061 kB; lsn=0/2FC54B88, redo lsn=0/2FC54B30
2026-10-04T00:16:05.2621297Z  2026-10-04 00:09:49.884 UTC [997] ERROR:  original and effective audit required
2026-10-04T00:16:05.2621849Z  2026-10-04 00:09:49.884 UTC [997] CONTEXT:  PL/pgSQL function correction_result_complete() line 18 at RAISE
2026-10-04T00:16:05.2622344Z  2026-10-04 00:09:49.884 UTC [997] STATEMENT:  commit
2026-10-04T00:16:05.2622734Z  2026-10-04 00:09:49.888 UTC [62] LOG:  checkpoint starting: immediate force wait
2026-10-04T00:16:05.2623804Z  2026-10-04 00:09:49.890 UTC [62] LOG:  checkpoint complete: wrote 4 buffers (0.0%); 0 WAL file(s) added, 0 removed, 1 recycled; write=0.001 s, sync=0.001 s, total=0.003 s; sync files=4, longest=0.001 s, average=0.001 s; distance=8409 kB, estimate=8996 kB; lsn=0/3048B1A0, redo lsn=0/3048B148
2026-10-04T00:16:05.2624921Z  2026-10-04 00:09:51.308 UTC [1009] ERROR:  complete actual effective dependencies required
2026-10-04T00:16:05.2625521Z  2026-10-04 00:09:51.308 UTC [1009] CONTEXT:  PL/pgSQL function correction_result_complete() line 24 at RAISE
2026-10-04T00:16:05.2626184Z  2026-10-04 00:09:51.308 UTC [1009] STATEMENT:  commit
2026-10-04T00:16:05.2626718Z  2026-10-04 00:09:51.314 UTC [62] LOG:  checkpoint starting: immediate force wait
2026-10-04T00:16:05.2627793Z  2026-10-04 00:09:51.316 UTC [62] LOG:  checkpoint complete: wrote 4 buffers (0.0%); 0 WAL file(s) added, 0 removed, 0 recycled; write=0.001 s, sync=0.001 s, total=0.003 s; sync files=4, longest=0.001 s, average=0.001 s; distance=8543 kB, estimate=8951 kB; lsn=0/30CE2FD8, redo lsn=0/30CE2F80
2026-10-04T00:16:05.2628866Z  2026-10-04 00:09:54.166 UTC [62] LOG:  checkpoint starting: immediate force wait
2026-10-04T00:16:05.2629924Z  2026-10-04 00:09:54.169 UTC [62] LOG:  checkpoint complete: wrote 4 buffers (0.0%); 0 WAL file(s) added, 0 removed, 1 recycled; write=0.001 s, sync=0.001 s, total=0.003 s; sync files=4, longest=0.001 s, average=0.001 s; distance=9184 kB, estimate=9184 kB; lsn=0/315DB0D8, redo lsn=0/315DB080
2026-10-04T00:16:05.2630998Z  2026-10-04 00:09:56.369 UTC [62] LOG:  checkpoint starting: immediate force wait
2026-10-04T00:16:05.2632067Z  2026-10-04 00:09:56.373 UTC [62] LOG:  checkpoint complete: wrote 4 buffers (0.0%); 0 WAL file(s) added, 0 removed, 0 recycled; write=0.001 s, sync=0.001 s, total=0.004 s; sync files=4, longest=0.001 s, average=0.001 s; distance=8809 kB, estimate=9146 kB; lsn=0/31E75888, redo lsn=0/31E75830
2026-10-04T00:16:05.2633128Z  2026-10-04 00:09:59.404 UTC [62] LOG:  checkpoint starting: immediate force wait
2026-10-04T00:16:05.2634202Z  2026-10-04 00:09:59.409 UTC [62] LOG:  checkpoint complete: wrote 4 buffers (0.0%); 0 WAL file(s) added, 0 removed, 1 recycled; write=0.001 s, sync=0.001 s, total=0.006 s; sync files=4, longest=0.001 s, average=0.001 s; distance=9408 kB, estimate=9408 kB; lsn=0/327A5A18, redo lsn=0/327A59C0
2026-10-04T00:16:05.2635265Z  2026-10-04 00:10:02.329 UTC [62] LOG:  checkpoint starting: immediate force wait
2026-10-04T00:16:05.2636324Z  2026-10-04 00:10:02.333 UTC [62] LOG:  checkpoint complete: wrote 4 buffers (0.0%); 0 WAL file(s) added, 0 removed, 1 recycled; write=0.001 s, sync=0.001 s, total=0.004 s; sync files=4, longest=0.001 s, average=0.001 s; distance=9103 kB, estimate=9377 kB; lsn=0/33089880, redo lsn=0/33089828
2026-10-04T00:16:05.2637505Z  2026-10-04 00:10:03.966 UTC [62] LOG:  checkpoint starting: immediate force wait
2026-10-04T00:16:05.2638569Z  2026-10-04 00:10:03.969 UTC [62] LOG:  checkpoint complete: wrote 4 buffers (0.0%); 0 WAL file(s) added, 0 removed, 0 recycled; write=0.001 s, sync=0.001 s, total=0.004 s; sync files=4, longest=0.001 s, average=0.001 s; distance=8455 kB, estimate=9285 kB; lsn=0/338CB840, redo lsn=0/338CB7E8
2026-10-04T00:16:05.2639636Z  2026-10-04 00:10:07.518 UTC [62] LOG:  checkpoint starting: immediate force wait
2026-10-04T00:16:05.2640714Z  2026-10-04 00:10:07.521 UTC [62] LOG:  checkpoint complete: wrote 5 buffers (0.0%); 0 WAL file(s) added, 0 removed, 1 recycled; write=0.001 s, sync=0.001 s, total=0.003 s; sync files=4, longest=0.001 s, average=0.001 s; distance=10163 kB, estimate=10163 kB; lsn=0/342B8570, redo lsn=0/342B8518
2026-10-04T00:16:05.2641910Z  2026-10-04 00:10:09.404 UTC [62] LOG:  checkpoint starting: immediate force wait
2026-10-04T00:16:05.2642969Z  2026-10-04 00:10:09.407 UTC [62] LOG:  checkpoint complete: wrote 4 buffers (0.0%); 0 WAL file(s) added, 0 removed, 0 recycled; write=0.001 s, sync=0.001 s, total=0.003 s; sync files=4, longest=0.001 s, average=0.001 s; distance=9064 kB, estimate=10053 kB; lsn=0/34B925B0, redo lsn=0/34B92558
2026-10-04T00:16:05.2644041Z  2026-10-04 00:10:10.676 UTC [62] LOG:  checkpoint starting: immediate force wait
2026-10-04T00:16:05.2645105Z  2026-10-04 00:10:10.679 UTC [62] LOG:  checkpoint complete: wrote 4 buffers (0.0%); 0 WAL file(s) added, 0 removed, 1 recycled; write=0.001 s, sync=0.001 s, total=0.004 s; sync files=4, longest=0.001 s, average=0.001 s; distance=8331 kB, estimate=9881 kB; lsn=0/353B5348, redo lsn=0/353B52F0
2026-10-04T00:16:05.2646167Z  2026-10-04 00:10:12.408 UTC [62] LOG:  checkpoint starting: immediate force wait
2026-10-04T00:16:05.2647455Z  2026-10-04 00:10:12.412 UTC [62] LOG:  checkpoint complete: wrote 4 buffers (0.0%); 0 WAL file(s) added, 0 removed, 0 recycled; write=0.001 s, sync=0.001 s, total=0.005 s; sync files=4, longest=0.001 s, average=0.001 s; distance=8688 kB, estimate=9761 kB; lsn=0/35C315C0, redo lsn=0/35C31568
2026-10-04T00:16:05.2648534Z  2026-10-04 00:10:13.716 UTC [62] LOG:  checkpoint starting: immediate force wait
2026-10-04T00:16:05.2649587Z  2026-10-04 00:10:13.719 UTC [62] LOG:  checkpoint complete: wrote 4 buffers (0.0%); 0 WAL file(s) added, 0 removed, 1 recycled; write=0.001 s, sync=0.001 s, total=0.004 s; sync files=4, longest=0.001 s, average=0.001 s; distance=8339 kB, estimate=9619 kB; lsn=0/36456570, redo lsn=0/36456518
2026-10-04T00:16:05.2650656Z  2026-10-04 00:10:15.110 UTC [62] LOG:  checkpoint starting: immediate force wait
2026-10-04T00:16:05.2651717Z  2026-10-04 00:10:15.113 UTC [62] LOG:  checkpoint complete: wrote 4 buffers (0.0%); 0 WAL file(s) added, 0 removed, 0 recycled; write=0.001 s, sync=0.001 s, total=0.003 s; sync files=4, longest=0.001 s, average=0.001 s; distance=8336 kB, estimate=9491 kB; lsn=0/36C7A890, redo lsn=0/36C7A838
2026-10-04T00:16:05.2652793Z  2026-10-04 00:10:16.576 UTC [62] LOG:  checkpoint starting: immediate force wait
2026-10-04T00:16:05.2653855Z  2026-10-04 00:10:16.580 UTC [62] LOG:  checkpoint complete: wrote 4 buffers (0.0%); 0 WAL file(s) added, 0 removed, 1 recycled; write=0.001 s, sync=0.001 s, total=0.005 s; sync files=4, longest=0.001 s, average=0.001 s; distance=8696 kB, estimate=9411 kB; lsn=0/374F8C48, redo lsn=0/374F8BF0
2026-10-04T00:16:05.2654922Z  2026-10-04 00:10:17.994 UTC [62] LOG:  checkpoint starting: immediate force wait
2026-10-04T00:16:05.2655990Z  2026-10-04 00:10:17.998 UTC [62] LOG:  checkpoint complete: wrote 4 buffers (0.0%); 0 WAL file(s) added, 0 removed, 0 recycled; write=0.001 s, sync=0.001 s, total=0.004 s; sync files=4, longest=0.001 s, average=0.001 s; distance=8376 kB, estimate=9308 kB; lsn=0/37D26CE0, redo lsn=0/37D26C88
2026-10-04T00:16:05.2657197Z  2026-10-04 00:10:19.457 UTC [62] LOG:  checkpoint starting: immediate force wait
2026-10-04T00:16:05.2658268Z  2026-10-04 00:10:19.460 UTC [62] LOG:  checkpoint complete: wrote 4 buffers (0.0%); 0 WAL file(s) added, 0 removed, 1 recycled; write=0.001 s, sync=0.001 s, total=0.004 s; sync files=4, longest=0.001 s, average=0.001 s; distance=8418 kB, estimate=9219 kB; lsn=0/3855F8C8, redo lsn=0/3855F870
2026-10-04T00:16:05.2659329Z  2026-10-04 00:10:20.633 UTC [1186] ERROR:  immutable correction case source
2026-10-04T00:16:05.2659861Z  2026-10-04 00:10:20.633 UTC [1186] CONTEXT:  PL/pgSQL function correction_case_guard() line 9 at RAISE
2026-10-04T00:16:05.2660437Z  2026-10-04 00:10:20.633 UTC [1186] STATEMENT:  DELETE FROM correction_cases WHERE id=$1
2026-10-04T00:16:05.2660923Z  2026-10-04 00:10:20.634 UTC [1186] ERROR:  immutable correction case source
2026-10-04T00:16:05.2661449Z  2026-10-04 00:10:20.634 UTC [1186] CONTEXT:  PL/pgSQL function correction_case_guard() line 9 at RAISE
2026-10-04T00:16:05.2662225Z  2026-10-04 00:10:20.634 UTC [1186] STATEMENT:  UPDATE correction_cases SET cutoff=clock_timestamp() WHERE id=$1
2026-10-04T00:16:05.2662798Z  2026-10-04 00:10:20.634 UTC [1186] ERROR:  immutable correction case source
2026-10-04T00:16:05.2663322Z  2026-10-04 00:10:20.634 UTC [1186] CONTEXT:  PL/pgSQL function correction_case_guard() line 9 at RAISE
2026-10-04T00:16:05.2663936Z  2026-10-04 00:10:20.634 UTC [1186] STATEMENT:  UPDATE correction_cases SET sealed=false WHERE id=$1
2026-10-04T00:16:05.2664452Z  2026-10-04 00:10:20.635 UTC [1186] ERROR:  immutable correction fact
2026-10-04T00:16:05.2664957Z  2026-10-04 00:10:20.635 UTC [1186] CONTEXT:  PL/pgSQL function correction_immutable() line 2 at RAISE
2026-10-04T00:16:05.2665554Z  2026-10-04 00:10:20.635 UTC [1186] STATEMENT:  DELETE FROM correction_events WHERE subject_id=$1
2026-10-04T00:16:05.2666054Z  2026-10-04 00:10:20.636 UTC [1186] ERROR:  immutable correction fact
2026-10-04T00:16:05.2666781Z  2026-10-04 00:10:20.636 UTC [1186] CONTEXT:  PL/pgSQL function correction_immutable() line 2 at RAISE
2026-10-04T00:16:05.2667428Z  2026-10-04 00:10:20.636 UTC [1186] STATEMENT:  UPDATE correction_events SET sequence=2 WHERE subject_id=$1
2026-10-04T00:16:05.2667987Z  2026-10-04 00:10:20.644 UTC [1186] ERROR:  invalid correction plan advance
2026-10-04T00:16:05.2668516Z  2026-10-04 00:10:20.644 UTC [1186] CONTEXT:  PL/pgSQL function correction_plan_guard() line 13 at RAISE
2026-10-04T00:16:05.2669265Z  2026-10-04 00:10:20.644 UTC [1186] STATEMENT:  UPDATE correction_plans SET body=jsonb_set(body,'{reason}','"changed"') WHERE id=$1 AND version=1
2026-10-04T00:16:05.2669953Z  2026-10-04 00:10:20.648 UTC [62] LOG:  checkpoint starting: immediate force wait
2026-10-04T00:16:05.2671067Z  2026-10-04 00:10:20.651 UTC [62] LOG:  checkpoint complete: wrote 4 buffers (0.0%); 0 WAL file(s) added, 0 removed, 0 recycled; write=0.001 s, sync=0.001 s, total=0.003 s; sync files=4, longest=0.001 s, average=0.001 s; distance=8327 kB, estimate=9130 kB; lsn=0/38D81540, redo lsn=0/38D814E8
2026-10-04T00:16:05.2672142Z  2026-10-04 00:10:21.825 UTC [1197] ERROR:  matching plan event required
2026-10-04T00:16:05.2672686Z  2026-10-04 00:10:21.825 UTC [1197] CONTEXT:  PL/pgSQL function correction_plan_complete() line 6 at RAISE
2026-10-04T00:16:05.2673187Z  2026-10-04 00:10:21.825 UTC [1197] STATEMENT:  commit
2026-10-04T00:16:05.2673600Z  2026-10-04 00:10:21.828 UTC [1197] ERROR:  independent current reviewer required
2026-10-04T00:16:05.2674156Z  2026-10-04 00:10:21.828 UTC [1197] CONTEXT:  PL/pgSQL function correction_plan_complete() line 9 at RAISE
2026-10-04T00:16:05.2674644Z  2026-10-04 00:10:21.828 UTC [1197] STATEMENT:  commit
2026-10-04T00:16:05.2675027Z  2026-10-04 00:10:21.832 UTC [1197] ERROR:  immutable correction decision
2026-10-04T00:16:05.2675550Z  2026-10-04 00:10:21.832 UTC [1197] CONTEXT:  PL/pgSQL function correction_plan_guard() line 12 at RAISE
2026-10-04T00:16:05.2676238Z  2026-10-04 00:10:21.832 UTC [1197] STATEMENT:  UPDATE correction_plans SET status='rejected' WHERE id=$1 AND version=1
2026-10-04T00:16:05.2677015Z  2026-10-04 00:10:21.834 UTC [1197] FATAL:  terminating connection due to administrator command
2026-10-04T00:16:05.2677541Z  2026-10-04 00:10:21.934 UTC [62] LOG:  checkpoint starting: immediate force wait
2026-10-04T00:16:05.2678616Z  2026-10-04 00:10:21.937 UTC [62] LOG:  checkpoint complete: wrote 8 buffers (0.0%); 0 WAL file(s) added, 0 removed, 1 recycled; write=0.001 s, sync=0.001 s, total=0.003 s; sync files=6, longest=0.001 s, average=0.001 s; distance=8338 kB, estimate=9050 kB; lsn=0/395A5D40, redo lsn=0/395A5CE8
2026-10-04T00:16:05.2680026Z  2026-10-04 00:10:23.248 UTC [1201] ERROR:  insert or update on table "notification_reads" violates foreign key constraint "notification_reads_notification_id_owner_user_id_fkey"
2026-10-04T00:16:05.2681234Z  2026-10-04 00:10:23.248 UTC [1201] DETAIL:  Key (notification_id, owner_user_id)=(f075ca25-a0c9-4cb8-9860-4a22ebd6bbe2, 965f4546-66d1-4230-85d2-4ad78287e305) is not present in table "notifications".
2026-10-04T00:16:05.2682402Z  2026-10-04 00:10:23.248 UTC [1201] STATEMENT:  INSERT INTO notification_reads(owner_user_id,notification_id) VALUES($1,$2)
2026-10-04T00:16:05.2683035Z  2026-10-04 00:10:23.250 UTC [1201] ERROR:  immutable correction fact
2026-10-04T00:16:05.2683555Z  2026-10-04 00:10:23.250 UTC [1201] CONTEXT:  PL/pgSQL function correction_immutable() line 2 at RAISE
2026-10-04T00:16:05.2684272Z  2026-10-04 00:10:23.250 UTC [1201] STATEMENT:  UPDATE notification_reads SET read_at=clock_timestamp() WHERE notification_id=$1
2026-10-04T00:16:05.2684906Z  2026-10-04 00:10:23.254 UTC [62] LOG:  checkpoint starting: immediate force wait
2026-10-04T00:16:05.2685990Z  2026-10-04 00:10:23.257 UTC [62] LOG:  checkpoint complete: wrote 4 buffers (0.0%); 0 WAL file(s) added, 0 removed, 0 recycled; write=0.001 s, sync=0.001 s, total=0.004 s; sync files=4, longest=0.001 s, average=0.001 s; distance=8350 kB, estimate=8980 kB; lsn=0/39DCD618, redo lsn=0/39DCD5C0
2026-10-04T00:16:05.2687508Z  2026-10-04 00:10:24.404 UTC [1212] ERROR:  new row for relation "correction_results" violates check constraint "correction_results_check3"
2026-10-04T00:16:05.2689447Z  2026-10-04 00:10:24.404 UTC [1212] DETAIL:  Failing row contains (98409815-8647-4176-ac24-56ef1960b944, d1f1707a-1984-462d-b8b8-b9873f8334a0, 57144ea3-270b-4f68-8c02-dc36e1ded313, 9e6fbe7d-eb4f-472e-80ad-f989a5e84e4d, 1, null, assessment, 4900461b-0a56-4460-9048-9cf5832d77bb, null, null, null, corrected_passed, answer_corrected, 5, t, [], [], {}, \x7b7d, 44136fa355b3678a1146ad16f7e8649e94fb4fc21fe77e8310c060f61caaff8a, fake, f, 2026-10-04 00:10:24.404687+00).
2026-10-04T00:16:05.2692217Z  2026-10-04 00:10:24.404 UTC [1212] STATEMENT:  INSERT INTO correction_results(id,owner_user_id,case_id,plan_id,plan_version,evidence_kind,evidence_id,status,reason,score,passed,handled_case_ids,basis,basis_bytes,basis_digest,source_key) VALUES($1,$2,$3,$4,1,'assessment',$5,'corrected_passed','answer_corrected',5,true,'[]','{}',convert_to('{}','UTF8'),encode(sha256(convert_to('{}','UTF8')),'hex'),'fake')
2026-10-04T00:16:05.2693739Z  2026-10-04 00:10:24.409 UTC [62] LOG:  checkpoint starting: immediate force wait
2026-10-04T00:16:05.2694836Z  2026-10-04 00:10:24.412 UTC [62] LOG:  checkpoint complete: wrote 4 buffers (0.0%); 0 WAL file(s) added, 0 removed, 1 recycled; write=0.001 s, sync=0.001 s, total=0.004 s; sync files=4, longest=0.001 s, average=0.001 s; distance=8319 kB, estimate=8914 kB; lsn=0/3A5ED310, redo lsn=0/3A5ED2B8
2026-10-04T00:16:05.2695897Z  2026-10-04 00:10:25.832 UTC [1215] ERROR:  result seal audit required
2026-10-04T00:16:05.2696444Z  2026-10-04 00:10:25.832 UTC [1215] CONTEXT:  PL/pgSQL function correction_result_complete() line 5 at RAISE
2026-10-04T00:16:05.2697072Z  2026-10-04 00:10:25.832 UTC [1215] STATEMENT:  commit
2026-10-04T00:16:05.2697460Z  2026-10-04 00:10:25.861 UTC [1215] ERROR:  immutable correction result
2026-10-04T00:16:05.2698001Z  2026-10-04 00:10:25.861 UTC [1215] CONTEXT:  PL/pgSQL function correction_result_guard() line 3 at RAISE
2026-10-04T00:16:05.2698609Z  2026-10-04 00:10:25.861 UTC [1215] STATEMENT:  UPDATE correction_results SET score=0 WHERE id=$1
2026-10-04T00:16:05.2699119Z  2026-10-04 00:10:25.862 UTC [1215] ERROR:  immutable correction result
2026-10-04T00:16:05.2699635Z  2026-10-04 00:10:25.862 UTC [1215] CONTEXT:  PL/pgSQL function correction_result_guard() line 3 at RAISE
2026-10-04T00:16:05.2700220Z  2026-10-04 00:10:25.862 UTC [1215] STATEMENT:  DELETE FROM correction_results WHERE id=$1
2026-10-04T00:16:05.2700722Z  2026-10-04 00:10:25.863 UTC [1215] ERROR:  immutable correction dependency
2026-10-04T00:16:05.2701277Z  2026-10-04 00:10:25.863 UTC [1215] CONTEXT:  PL/pgSQL function correction_dependency_guard() line 3 at RAISE
2026-10-04T00:16:05.2701928Z  2026-10-04 00:10:25.863 UTC [1215] STATEMENT:  DELETE FROM correction_dependencies WHERE result_id=$1
2026-10-04T00:16:05.2702446Z  2026-10-04 00:10:25.864 UTC [1215] ERROR:  immutable attempt child
2026-10-04T00:16:05.2703101Z  2026-10-04 00:10:25.864 UTC [1215] CONTEXT:  PL/pgSQL function learning_attempt_child_guard() line 9 at RAISE
2026-10-04T00:16:05.2703826Z  2026-10-04 00:10:25.864 UTC [1215] STATEMENT:  UPDATE assessment_answers SET answer='{"kind":"skipped"}' WHERE attempt_id=$1
2026-10-04T00:16:05.2704457Z  2026-10-04 00:10:25.882 UTC [1215] ERROR:  owned sealed correction source required
2026-10-04T00:16:05.2705026Z  2026-10-04 00:10:25.882 UTC [1215] CONTEXT:  PL/pgSQL function correction_result_complete() line 6 at RAISE
2026-10-04T00:16:05.2705528Z  2026-10-04 00:10:25.882 UTC [1215] STATEMENT:  commit
2026-10-04T00:16:05.2705929Z  2026-10-04 00:10:25.886 UTC [62] LOG:  checkpoint starting: immediate force wait
2026-10-04T00:16:05.2707127Z  2026-10-04 00:10:25.889 UTC [62] LOG:  checkpoint complete: wrote 4 buffers (0.0%); 0 WAL file(s) added, 0 removed, 0 recycled; write=0.001 s, sync=0.001 s, total=0.004 s; sync files=4, longest=0.001 s, average=0.001 s; distance=8484 kB, estimate=8871 kB; lsn=0/3AE36580, redo lsn=0/3AE36528
2026-10-04T00:16:05.2708333Z  2026-10-04 00:10:27.267 UTC [1226] ERROR:  accurate frozen plan proof required
2026-10-04T00:16:05.2708891Z  2026-10-04 00:10:27.267 UTC [1226] CONTEXT:  PL/pgSQL function correction_plan_complete() line 7 at RAISE
2026-10-04T00:16:05.2709387Z  2026-10-04 00:10:27.267 UTC [1226] STATEMENT:  commit
2026-10-04T00:16:05.2709785Z  2026-10-04 00:10:27.271 UTC [62] LOG:  checkpoint starting: immediate force wait
2026-10-04T00:16:05.2710856Z  2026-10-04 00:10:27.274 UTC [62] LOG:  checkpoint complete: wrote 4 buffers (0.0%); 0 WAL file(s) added, 0 removed, 1 recycled; write=0.001 s, sync=0.001 s, total=0.003 s; sync files=4, longest=0.001 s, average=0.001 s; distance=8374 kB, estimate=8821 kB; lsn=0/3B663DE8, redo lsn=0/3B663D90
2026-10-04T00:16:05.2711937Z  2026-10-04 00:10:28.638 UTC [1236] ERROR:  original knowledge identity required
2026-10-04T00:16:05.2712496Z  2026-10-04 00:10:28.638 UTC [1236] CONTEXT:  PL/pgSQL function correction_result_complete() line 22 at RAISE
2026-10-04T00:16:05.2713001Z  2026-10-04 00:10:28.638 UTC [1236] STATEMENT:  commit
2026-10-04T00:16:05.2713397Z  2026-10-04 00:10:28.643 UTC [62] LOG:  checkpoint starting: immediate force wait
2026-10-04T00:16:05.2714464Z  2026-10-04 00:10:28.645 UTC [62] LOG:  checkpoint complete: wrote 4 buffers (0.0%); 0 WAL file(s) added, 0 removed, 0 recycled; write=0.001 s, sync=0.001 s, total=0.003 s; sync files=4, longest=0.001 s, average=0.001 s; distance=8408 kB, estimate=8780 kB; lsn=0/3BE99F18, redo lsn=0/3BE99EC0
2026-10-04T00:16:05.2715543Z  2026-10-04 00:10:30.220 UTC [1239] ERROR:  equivalent accurate instance required
2026-10-04T00:16:05.2716097Z  2026-10-04 00:10:30.220 UTC [1239] CONTEXT:  PL/pgSQL function correction_result_complete() line 29 at RAISE
2026-10-04T00:16:05.2716714Z  2026-10-04 00:10:30.220 UTC [1239] STATEMENT:  commit
2026-10-04T00:16:05.2717118Z  2026-10-04 00:10:30.268 UTC [62] LOG:  checkpoint starting: immediate force wait
2026-10-04T00:16:05.2718198Z  2026-10-04 00:10:30.271 UTC [62] LOG:  checkpoint complete: wrote 4 buffers (0.0%); 0 WAL file(s) added, 0 removed, 1 recycled; write=0.001 s, sync=0.001 s, total=0.004 s; sync files=4, longest=0.001 s, average=0.001 s; distance=8767 kB, estimate=8779 kB; lsn=0/3C729B78, redo lsn=0/3C729B20
2026-10-04T00:16:05.2719490Z  2026-10-04 00:10:31.707 UTC [1250] ERROR:  duplicate key value violates unique constraint "correction_cases_withdrawal_space_withdrawal_id_key"
2026-10-04T00:16:05.2720396Z  2026-10-04 00:10:31.707 UTC [1250] DETAIL:  Key (withdrawal_space, withdrawal_id)=(question, b80abf79-2c13-42d9-af28-8303c004a074) already exists.
2026-10-04T00:16:05.2721910Z  2026-10-04 00:10:31.707 UTC [1250] STATEMENT:  INSERT INTO correction_cases(id,kind,withdrawal_space,withdrawal_id,content_withdrawal_id,question_withdrawal_id,rule_version,scope_kind,knowledge_id,knowledge_version,knowledge_sha256,cutoff,creator_user_id,created_at) VALUES($1,$2,$3,$4,$5,$6,$7,$8,$9,$10,$11,$12,$13,$14)
2026-10-04T00:16:05.2723316Z  2026-10-04 00:10:31.748 UTC [62] LOG:  checkpoint starting: immediate force wait
2026-10-04T00:16:05.2724391Z  2026-10-04 00:10:31.752 UTC [62] LOG:  checkpoint complete: wrote 5 buffers (0.0%); 0 WAL file(s) added, 0 removed, 0 recycled; write=0.001 s, sync=0.001 s, total=0.004 s; sync files=4, longest=0.001 s, average=0.001 s; distance=8372 kB, estimate=8738 kB; lsn=0/3CF56ED8, redo lsn=0/3CF56E80
2026-10-04T00:16:05.2725463Z  2026-10-04 00:10:33.112 UTC [62] LOG:  checkpoint starting: immediate force wait
2026-10-04T00:16:05.2726640Z  2026-10-04 00:10:33.116 UTC [62] LOG:  checkpoint complete: wrote 4 buffers (0.0%); 0 WAL file(s) added, 0 removed, 1 recycled; write=0.001 s, sync=0.001 s, total=0.004 s; sync files=4, longest=0.001 s, average=0.001 s; distance=8367 kB, estimate=8701 kB; lsn=0/3D782C80, redo lsn=0/3D782C28
2026-10-04T00:16:05.2727716Z  2026-10-04 00:10:34.556 UTC [62] LOG:  checkpoint starting: immediate force wait
2026-10-04T00:16:05.2728895Z  2026-10-04 00:10:34.559 UTC [62] LOG:  checkpoint complete: wrote 4 buffers (0.0%); 0 WAL file(s) added, 0 removed, 0 recycled; write=0.001 s, sync=0.001 s, total=0.004 s; sync files=4, longest=0.001 s, average=0.001 s; distance=8372 kB, estimate=8668 kB; lsn=0/3DFAFE60, redo lsn=0/3DFAFE08
2026-10-04T00:16:05.2729982Z  2026-10-04 00:10:35.793 UTC [62] LOG:  checkpoint starting: immediate force wait
2026-10-04T00:16:05.2731040Z  2026-10-04 00:10:35.797 UTC [62] LOG:  checkpoint complete: wrote 4 buffers (0.0%); 0 WAL file(s) added, 0 removed, 1 recycled; write=0.001 s, sync=0.001 s, total=0.005 s; sync files=4, longest=0.001 s, average=0.001 s; distance=8318 kB, estimate=8633 kB; lsn=0/3E7CF680, redo lsn=0/3E7CF628
2026-10-04T00:16:05.2732113Z  2026-10-04 00:10:37.001 UTC [62] LOG:  checkpoint starting: immediate force wait
2026-10-04T00:16:05.2733174Z  2026-10-04 00:10:37.004 UTC [62] LOG:  checkpoint complete: wrote 4 buffers (0.0%); 0 WAL file(s) added, 0 removed, 0 recycled; write=0.001 s, sync=0.001 s, total=0.003 s; sync files=4, longest=0.001 s, average=0.001 s; distance=8323 kB, estimate=8602 kB; lsn=0/3EFF0280, redo lsn=0/3EFF0228
2026-10-04T00:16:05.2734255Z  2026-10-04 00:10:38.245 UTC [62] LOG:  checkpoint starting: immediate force wait
2026-10-04T00:16:05.2735560Z  2026-10-04 00:10:38.247 UTC [62] LOG:  checkpoint complete: wrote 4 buffers (0.0%); 0 WAL file(s) added, 0 removed, 1 recycled; write=0.001 s, sync=0.001 s, total=0.003 s; sync files=4, longest=0.001 s, average=0.001 s; distance=8318 kB, estimate=8574 kB; lsn=0/3F80FBE8, redo lsn=0/3F80FB90
2026-10-04T00:16:05.2736899Z  2026-10-04 00:10:39.416 UTC [62] LOG:  checkpoint starting: immediate force wait
2026-10-04T00:16:05.2737977Z  2026-10-04 00:10:39.422 UTC [62] LOG:  checkpoint complete: wrote 4 buffers (0.0%); 0 WAL file(s) added, 0 removed, 1 recycled; write=0.001 s, sync=0.001 s, total=0.007 s; sync files=4, longest=0.001 s, average=0.001 s; distance=8318 kB, estimate=8548 kB; lsn=0/4002F628, redo lsn=0/4002F5D0
2026-10-04T00:16:05.2739044Z  2026-10-04 00:10:40.676 UTC [62] LOG:  checkpoint starting: immediate force wait
2026-10-04T00:16:05.2740119Z  2026-10-04 00:10:40.679 UTC [62] LOG:  checkpoint complete: wrote 4 buffers (0.0%); 0 WAL file(s) added, 0 removed, 0 recycled; write=0.001 s, sync=0.001 s, total=0.004 s; sync files=4, longest=0.001 s, average=0.001 s; distance=8325 kB, estimate=8526 kB; lsn=0/40850C18, redo lsn=0/40850BC0
2026-10-04T00:16:05.2741183Z  2026-10-04 00:10:41.890 UTC [62] LOG:  checkpoint starting: immediate force wait
2026-10-04T00:16:05.2742249Z  2026-10-04 00:10:41.894 UTC [62] LOG:  checkpoint complete: wrote 4 buffers (0.0%); 0 WAL file(s) added, 0 removed, 1 recycled; write=0.001 s, sync=0.001 s, total=0.004 s; sync files=4, longest=0.001 s, average=0.001 s; distance=8318 kB, estimate=8505 kB; lsn=0/410704E8, redo lsn=0/41070490
2026-10-04T00:16:05.2743313Z  2026-10-04 00:10:43.096 UTC [62] LOG:  checkpoint starting: immediate force wait
2026-10-04T00:16:05.2744385Z  2026-10-04 00:10:43.099 UTC [62] LOG:  checkpoint complete: wrote 4 buffers (0.0%); 0 WAL file(s) added, 0 removed, 0 recycled; write=0.002 s, sync=0.001 s, total=0.004 s; sync files=4, longest=0.001 s, average=0.001 s; distance=8324 kB, estimate=8487 kB; lsn=0/41891748, redo lsn=0/418916F0
2026-10-04T00:16:05.2745605Z  2026-10-04 00:10:44.340 UTC [62] LOG:  checkpoint starting: immediate force wait
2026-10-04T00:16:05.2746977Z  2026-10-04 00:10:44.344 UTC [62] LOG:  checkpoint complete: wrote 4 buffers (0.0%); 0 WAL file(s) added, 0 removed, 1 recycled; write=0.001 s, sync=0.001 s, total=0.005 s; sync files=4, longest=0.001 s, average=0.001 s; distance=8324 kB, estimate=8471 kB; lsn=0/420B2AD8, redo lsn=0/420B2A80
2026-10-04T00:16:05.2748087Z  2026-10-04 00:10:45.549 UTC [62] LOG:  checkpoint starting: immediate force wait
2026-10-04T00:16:05.2749154Z  2026-10-04 00:10:45.553 UTC [62] LOG:  checkpoint complete: wrote 4 buffers (0.0%); 0 WAL file(s) added, 0 removed, 0 recycled; write=0.001 s, sync=0.001 s, total=0.004 s; sync files=4, longest=0.001 s, average=0.001 s; distance=8325 kB, estimate=8456 kB; lsn=0/428D3F28, redo lsn=0/428D3ED0
2026-10-04T00:16:05.2750358Z  2026-10-04 00:10:46.790 UTC [62] LOG:  checkpoint starting: immediate force wait
2026-10-04T00:16:05.2751443Z  2026-10-04 00:10:46.793 UTC [62] LOG:  checkpoint complete: wrote 4 buffers (0.0%); 0 WAL file(s) added, 0 removed, 1 recycled; write=0.001 s, sync=0.001 s, total=0.003 s; sync files=4, longest=0.001 s, average=0.001 s; distance=8325 kB, estimate=8443 kB; lsn=0/430F5440, redo lsn=0/430F53E8
2026-10-04T00:16:05.2752513Z  2026-10-04 00:10:48.016 UTC [62] LOG:  checkpoint starting: immediate force wait
2026-10-04T00:16:05.2753591Z  2026-10-04 00:10:48.020 UTC [62] LOG:  checkpoint complete: wrote 4 buffers (0.0%); 0 WAL file(s) added, 0 removed, 0 recycled; write=0.001 s, sync=0.001 s, total=0.004 s; sync files=4, longest=0.001 s, average=0.001 s; distance=8323 kB, estimate=8431 kB; lsn=0/439160D0, redo lsn=0/43916078
2026-10-04T00:16:05.2754670Z  2026-10-04 00:10:49.197 UTC [62] LOG:  checkpoint starting: immediate force wait
2026-10-04T00:16:05.2755742Z  2026-10-04 00:10:49.200 UTC [62] LOG:  checkpoint complete: wrote 4 buffers (0.0%); 0 WAL file(s) added, 0 removed, 1 recycled; write=0.001 s, sync=0.001 s, total=0.004 s; sync files=4, longest=0.001 s, average=0.001 s; distance=8319 kB, estimate=8420 kB; lsn=0/44136090, redo lsn=0/44136038
2026-10-04T00:16:05.2756942Z  2026-10-04 00:10:50.394 UTC [62] LOG:  checkpoint starting: immediate force wait
2026-10-04T00:16:05.2758016Z  2026-10-04 00:10:50.397 UTC [62] LOG:  checkpoint complete: wrote 4 buffers (0.0%); 0 WAL file(s) added, 0 removed, 0 recycled; write=0.001 s, sync=0.001 s, total=0.003 s; sync files=4, longest=0.001 s, average=0.001 s; distance=8321 kB, estimate=8410 kB; lsn=0/449566C0, redo lsn=0/44956668
2026-10-04T00:16:05.2759094Z  2026-10-04 00:10:51.562 UTC [62] LOG:  checkpoint starting: immediate force wait
2026-10-04T00:16:05.2760162Z  2026-10-04 00:10:51.565 UTC [62] LOG:  checkpoint complete: wrote 4 buffers (0.0%); 0 WAL file(s) added, 0 removed, 1 recycled; write=0.001 s, sync=0.001 s, total=0.003 s; sync files=4, longest=0.001 s, average=0.001 s; distance=8321 kB, estimate=8401 kB; lsn=0/45176C28, redo lsn=0/45176BD0
2026-10-04T00:16:05.2761240Z  2026-10-04 00:10:52.796 UTC [62] LOG:  checkpoint starting: immediate force wait
2026-10-04T00:16:05.2762311Z  2026-10-04 00:10:52.800 UTC [62] LOG:  checkpoint complete: wrote 5 buffers (0.0%); 0 WAL file(s) added, 0 removed, 0 recycled; write=0.001 s, sync=0.001 s, total=0.004 s; sync files=4, longest=0.001 s, average=0.001 s; distance=8463 kB, estimate=8463 kB; lsn=0/459BAC10, redo lsn=0/459BABB8
2026-10-04T00:16:05.2763374Z  2026-10-04 00:10:54.192 UTC [62] LOG:  checkpoint starting: immediate force wait
2026-10-04T00:16:05.2764450Z  2026-10-04 00:10:54.197 UTC [62] LOG:  checkpoint complete: wrote 4 buffers (0.0%); 0 WAL file(s) added, 0 removed, 1 recycled; write=0.001 s, sync=0.001 s, total=0.005 s; sync files=4, longest=0.001 s, average=0.001 s; distance=8372 kB, estimate=8454 kB; lsn=0/461E7D08, redo lsn=0/461E7CB0
2026-10-04T00:16:05.2765648Z  2026-10-04 00:10:54.568 UTC [62] LOG:  checkpoint starting: immediate force wait
2026-10-04T00:16:05.2766830Z  2026-10-04 00:10:54.570 UTC [62] LOG:  checkpoint complete: wrote 4 buffers (0.0%); 0 WAL file(s) added, 0 removed, 0 recycled; write=0.001 s, sync=0.001 s, total=0.003 s; sync files=4, longest=0.001 s, average=0.001 s; distance=7857 kB, estimate=8395 kB; lsn=0/46994250, redo lsn=0/469941F8
2026-10-04T00:16:05.2767904Z  2026-10-04 00:10:56.131 UTC [62] LOG:  checkpoint starting: immediate force wait
2026-10-04T00:16:05.2768983Z  2026-10-04 00:10:56.135 UTC [62] LOG:  checkpoint complete: wrote 4 buffers (0.0%); 0 WAL file(s) added, 0 removed, 1 recycled; write=0.001 s, sync=0.001 s, total=0.004 s; sync files=4, longest=0.001 s, average=0.001 s; distance=8457 kB, estimate=8457 kB; lsn=0/471D6818, redo lsn=0/471D67C0
2026-10-04T00:16:05.2770058Z  2026-10-04 00:10:57.699 UTC [62] LOG:  checkpoint starting: immediate force wait
2026-10-04T00:16:05.2771236Z  2026-10-04 00:10:57.702 UTC [62] LOG:  checkpoint complete: wrote 4 buffers (0.0%); 0 WAL file(s) added, 0 removed, 0 recycled; write=0.001 s, sync=0.001 s, total=0.003 s; sync files=4, longest=0.001 s, average=0.001 s; distance=8424 kB, estimate=8454 kB; lsn=0/47A10850, redo lsn=0/47A107F8
2026-10-04T00:16:05.2772298Z  2026-10-04 00:10:59.196 UTC [1429] ERROR:  isolated receipt failure
2026-10-04T00:16:05.2772843Z  2026-10-04 00:10:59.196 UTC [1429] CONTEXT:  PL/pgSQL function isolated_notification_receipt() line 1 at RAISE
2026-10-04T00:16:05.2773803Z  2026-10-04 00:10:59.196 UTC [1429] STATEMENT:  INSERT INTO correction_idempotency(owner_user_id,action,resource,key,digest,status,receipt) VALUES($1,'notification-read',$2,$3,$4,200,$5)
2026-10-04T00:16:05.2774647Z  2026-10-04 00:10:59.337 UTC [62] LOG:  checkpoint starting: immediate force wait
2026-10-04T00:16:05.2775727Z  2026-10-04 00:10:59.341 UTC [62] LOG:  checkpoint complete: wrote 4 buffers (0.0%); 0 WAL file(s) added, 0 removed, 1 recycled; write=0.001 s, sync=0.001 s, total=0.005 s; sync files=4, longest=0.001 s, average=0.001 s; distance=8607 kB, estimate=8607 kB; lsn=0/48278538, redo lsn=0/482784E0
2026-10-04T00:16:05.2776916Z  2026-10-04 00:11:00.872 UTC [62] LOG:  checkpoint starting: immediate force wait
2026-10-04T00:16:05.2777980Z  2026-10-04 00:11:00.875 UTC [62] LOG:  checkpoint complete: wrote 4 buffers (0.0%); 0 WAL file(s) added, 0 removed, 0 recycled; write=0.001 s, sync=0.001 s, total=0.003 s; sync files=4, longest=0.001 s, average=0.001 s; distance=8427 kB, estimate=8589 kB; lsn=0/48AB3478, redo lsn=0/48AB3420
2026-10-04T00:16:05.2779106Z  2026-10-04 00:11:02.188 UTC [1452] FATAL:  terminating connection due to administrator command
2026-10-04T00:16:05.2779632Z  2026-10-04 00:11:02.289 UTC [62] LOG:  checkpoint starting: immediate force wait
2026-10-04T00:16:05.2780705Z  2026-10-04 00:11:02.292 UTC [62] LOG:  checkpoint complete: wrote 4 buffers (0.0%); 0 WAL file(s) added, 0 removed, 1 recycled; write=0.001 s, sync=0.001 s, total=0.003 s; sync files=4, longest=0.001 s, average=0.001 s; distance=8354 kB, estimate=8565 kB; lsn=0/492DBEA8, redo lsn=0/492DBE50
2026-10-04T00:16:05.2781775Z  2026-10-04 00:11:04.031 UTC [62] LOG:  checkpoint starting: immediate force wait
2026-10-04T00:16:05.2782847Z  2026-10-04 00:11:04.034 UTC [62] LOG:  checkpoint complete: wrote 4 buffers (0.0%); 0 WAL file(s) added, 0 removed, 0 recycled; write=0.001 s, sync=0.001 s, total=0.003 s; sync files=4, longest=0.001 s, average=0.001 s; distance=9037 kB, estimate=9037 kB; lsn=0/49BAF2E0, redo lsn=0/49BAF288
2026-10-04T00:16:05.2783893Z  2026-10-04 00:16:04.287 UTC [62] LOG:  checkpoint starting: time
2026-10-04T00:16:05.2784402Z  2026-10-04 00:16:04.861 UTC [1478] LOG:  unexpected EOF on client connection with an open transaction
2026-10-04T00:16:05.2790101Z Stop and remove container: 9e448e28b9f84374ad8e34b1f814d0e1_postgres1711_74e050
2026-10-04T00:16:05.2795087Z ##[command]/usr/bin/docker rm --force 6d8294815ff4028bb4e7ce54c06ffea5e63b681dc68b6758abb02a9b70c1db9a
2026-10-04T00:16:05.5656248Z 6d8294815ff4028bb4e7ce54c06ffea5e63b681dc68b6758abb02a9b70c1db9a
2026-10-04T00:16:05.5668205Z Remove container network: github_network_1706f76ca3024fe7a920bad267fe3797
2026-10-04T00:16:05.5672749Z ##[command]/usr/bin/docker network rm github_network_1706f76ca3024fe7a920bad267fe3797
2026-10-04T00:16:05.6415632Z github_network_1706f76ca3024fe7a920bad267fe3797
2026-10-04T00:16:05.6504935Z Cleaning up orphan processes
