2026-10-03T23:30:24.3634542Z Current runner version: '2.337.0'
2026-10-03T23:30:24.3652436Z ##[group]Runner Image Provisioner
2026-10-03T23:30:24.3652976Z Hosted Compute Agent
2026-10-03T23:30:24.3653326Z Version: 20260901.588
2026-10-03T23:30:24.3653799Z Commit: f88ec8081b781fac6c440065ac7ff9e710ce3d0b
2026-10-03T23:30:24.3654225Z Build Date: 2026-09-01T19:56:44Z
2026-10-03T23:30:24.3654650Z Worker ID: {6c6bd927-1790-4302-811e-977cd4005832}
2026-10-03T23:30:24.3655073Z Azure Region: centralus
2026-10-03T23:30:24.3655423Z ##[endgroup]
2026-10-03T23:30:24.3656202Z ##[group]Operating System
2026-10-03T23:30:24.3656556Z Ubuntu
2026-10-03T23:30:24.3656858Z 24.04.5
2026-10-03T23:30:24.3657210Z LTS
2026-10-03T23:30:24.3657518Z ##[endgroup]
2026-10-03T23:30:24.3657927Z ##[group]Runner Image
2026-10-03T23:30:24.3658285Z Image: ubuntu-24.04
2026-10-03T23:30:24.3658612Z Version: 20260927.320.1
2026-10-03T23:30:24.3659391Z Included Software: https://github.com/actions/runner-images/blob/ubuntu24/20260927.320/images/ubuntu/Ubuntu2404-Readme.md
2026-10-03T23:30:24.3660443Z Image Release: https://github.com/actions/runner-images/releases/tag/ubuntu24%2F20260927.320
2026-10-03T23:30:24.3661040Z ##[endgroup]
2026-10-03T23:30:24.3661822Z ##[group]GITHUB_TOKEN Permissions
2026-10-03T23:30:24.3663036Z Contents: read
2026-10-03T23:30:24.3663395Z Metadata: read
2026-10-03T23:30:24.3663792Z ##[endgroup]
2026-10-03T23:30:24.3665043Z Secret source: Actions
2026-10-03T23:30:24.3665635Z Cache mode: write
2026-10-03T23:30:24.3666073Z Prepare workflow directory
2026-10-03T23:30:24.5525115Z Prepare all required actions
2026-10-03T23:30:24.5554113Z Getting action download info
2026-10-03T23:30:24.7920327Z Download action repository 'actions/checkout@3d3c42e5aac5ba805825da76410c181273ba90b1' (SHA:3d3c42e5aac5ba805825da76410c181273ba90b1)
2026-10-03T23:30:25.8668642Z Download action repository 'actions/setup-go@b7ad1dad31e06c5925ef5d2fc7ad053ef454303e' (SHA:b7ad1dad31e06c5925ef5d2fc7ad053ef454303e)
2026-10-03T23:30:26.6527471Z Download action repository 'actions/setup-node@820762786026740c76f36085b0efc47a31fe5020' (SHA:820762786026740c76f36085b0efc47a31fe5020)
2026-10-03T23:30:26.8861644Z Complete job name: correction_verify
2026-10-03T23:30:26.9189456Z ##[group]Checking docker version
2026-10-03T23:30:26.9198144Z ##[command]/usr/bin/docker version --format '{{.Server.APIVersion}}'
2026-10-03T23:30:26.9990639Z '1.48'
2026-10-03T23:30:27.0007544Z Docker daemon API version: '1.48'
2026-10-03T23:30:27.0007813Z ##[command]/usr/bin/docker version --format '{{.Client.APIVersion}}'
2026-10-03T23:30:27.0129038Z '1.48'
2026-10-03T23:30:27.0142138Z Docker client API version: '1.48'
2026-10-03T23:30:27.0145594Z ##[endgroup]
2026-10-03T23:30:27.0148144Z ##[group]Clean up resources from previous jobs
2026-10-03T23:30:27.0151811Z ##[command]/usr/bin/docker ps --all --quiet --no-trunc --filter "label=bad0f7"
2026-10-03T23:30:27.0257221Z ##[command]/usr/bin/docker network prune --force --filter "label=bad0f7"
2026-10-03T23:30:27.0363597Z ##[endgroup]
2026-10-03T23:30:27.0363787Z ##[group]Create local container network
2026-10-03T23:30:27.0369927Z ##[command]/usr/bin/docker network create --label bad0f7 github_network_fde0b30796b945989b75a753fd6d6fd8
2026-10-03T23:30:27.1241592Z ade3285dbfdbf1de2f10680b29edbbf55700a14bde54384631d5f5cad07ef9cf
2026-10-03T23:30:27.1259383Z ##[endgroup]
2026-10-03T23:30:27.1275835Z ##[group]Starting postgres service container
2026-10-03T23:30:27.1289133Z ##[command]/usr/bin/docker pull postgres:17.11
2026-10-03T23:30:27.6669437Z 17.11: Pulling from library/postgres
2026-10-03T23:30:27.8185427Z 6b37362b3da7: Pulling fs layer
2026-10-03T23:30:27.8189957Z 0725a8be915e: Pulling fs layer
2026-10-03T23:30:27.8194315Z 71f55f60a786: Pulling fs layer
2026-10-03T23:30:27.8198856Z 564dc3c4a6f9: Pulling fs layer
2026-10-03T23:30:27.8206946Z 752819419f50: Pulling fs layer
2026-10-03T23:30:27.8209876Z 8b51b9245051: Pulling fs layer
2026-10-03T23:30:27.8210353Z 498b9ff7d682: Pulling fs layer
2026-10-03T23:30:27.8210781Z 755a851127eb: Pulling fs layer
2026-10-03T23:30:27.8211168Z bbe7b3469b20: Pulling fs layer
2026-10-03T23:30:27.8211853Z 73872941ba23: Pulling fs layer
2026-10-03T23:30:27.8212253Z 2f9b6cf2e417: Pulling fs layer
2026-10-03T23:30:27.8212702Z 3feaebf93d15: Pulling fs layer
2026-10-03T23:30:27.8212929Z 50e228e2fe6d: Pulling fs layer
2026-10-03T23:30:27.8213146Z bed9376b51dc: Pulling fs layer
2026-10-03T23:30:27.8213341Z 755a851127eb: Waiting
2026-10-03T23:30:27.8213518Z bbe7b3469b20: Waiting
2026-10-03T23:30:27.8213692Z 73872941ba23: Waiting
2026-10-03T23:30:27.8213882Z 2f9b6cf2e417: Waiting
2026-10-03T23:30:27.8214053Z 3feaebf93d15: Waiting
2026-10-03T23:30:27.8214225Z 564dc3c4a6f9: Waiting
2026-10-03T23:30:27.8214391Z 752819419f50: Waiting
2026-10-03T23:30:27.8214548Z 8b51b9245051: Waiting
2026-10-03T23:30:27.8214663Z 498b9ff7d682: Waiting
2026-10-03T23:30:27.8214790Z 50e228e2fe6d: Waiting
2026-10-03T23:30:27.8214902Z bed9376b51dc: Waiting
2026-10-03T23:30:27.9517398Z 0725a8be915e: Verifying Checksum
2026-10-03T23:30:27.9519745Z 0725a8be915e: Download complete
2026-10-03T23:30:28.0532641Z 71f55f60a786: Verifying Checksum
2026-10-03T23:30:28.0534020Z 71f55f60a786: Download complete
2026-10-03T23:30:28.1218637Z 6b37362b3da7: Verifying Checksum
2026-10-03T23:30:28.1245633Z 6b37362b3da7: Download complete
2026-10-03T23:30:28.1641497Z 564dc3c4a6f9: Verifying Checksum
2026-10-03T23:30:28.1650550Z 564dc3c4a6f9: Download complete
2026-10-03T23:30:28.3442408Z 752819419f50: Verifying Checksum
2026-10-03T23:30:28.3960479Z 752819419f50: Download complete
2026-10-03T23:30:28.3961350Z 498b9ff7d682: Verifying Checksum
2026-10-03T23:30:28.3961988Z 498b9ff7d682: Download complete
2026-10-03T23:30:28.3962624Z 8b51b9245051: Verifying Checksum
2026-10-03T23:30:28.3962945Z 8b51b9245051: Download complete
2026-10-03T23:30:28.4920285Z 73872941ba23: Verifying Checksum
2026-10-03T23:30:28.4921131Z 73872941ba23: Download complete
2026-10-03T23:30:28.5033176Z 755a851127eb: Verifying Checksum
2026-10-03T23:30:28.5033700Z 755a851127eb: Download complete
2026-10-03T23:30:28.6273365Z 2f9b6cf2e417: Verifying Checksum
2026-10-03T23:30:28.6274315Z 2f9b6cf2e417: Download complete
2026-10-03T23:30:28.6638844Z 3feaebf93d15: Verifying Checksum
2026-10-03T23:30:28.6642359Z 3feaebf93d15: Download complete
2026-10-03T23:30:28.8031744Z bed9376b51dc: Verifying Checksum
2026-10-03T23:30:28.8032428Z bed9376b51dc: Download complete
2026-10-03T23:30:28.8060893Z 50e228e2fe6d: Verifying Checksum
2026-10-03T23:30:28.8061439Z 50e228e2fe6d: Download complete
2026-10-03T23:30:28.9389060Z bbe7b3469b20: Verifying Checksum
2026-10-03T23:30:28.9389493Z bbe7b3469b20: Download complete
2026-10-03T23:30:29.3252653Z 6b37362b3da7: Pull complete
2026-10-03T23:30:37.9083013Z 0725a8be915e: Pull complete
2026-10-03T23:30:38.2264616Z 71f55f60a786: Pull complete
2026-10-03T23:30:38.3000444Z 564dc3c4a6f9: Pull complete
2026-10-03T23:30:38.8154394Z 752819419f50: Pull complete
2026-10-03T23:30:38.9312376Z 8b51b9245051: Pull complete
2026-10-03T23:30:38.9484411Z 498b9ff7d682: Pull complete
2026-10-03T23:30:38.9692398Z 755a851127eb: Pull complete
2026-10-03T23:30:44.5134605Z bbe7b3469b20: Pull complete
2026-10-03T23:30:44.5350264Z 73872941ba23: Pull complete
2026-10-03T23:30:44.5518490Z 2f9b6cf2e417: Pull complete
2026-10-03T23:30:44.5620867Z 3feaebf93d15: Pull complete
2026-10-03T23:30:44.5730543Z 50e228e2fe6d: Pull complete
2026-10-03T23:30:44.5828137Z bed9376b51dc: Pull complete
2026-10-03T23:30:44.5858952Z Digest: sha256:d74eeac9a635390a49bc21bd49fccd973de707e2a53a76ac49b552b8712ec46f
2026-10-03T23:30:44.5872462Z Status: Downloaded newer image for postgres:17.11
2026-10-03T23:30:44.5891187Z docker.io/library/postgres:17.11
2026-10-03T23:30:44.5944374Z ##[command]/usr/bin/docker create --name 8bc87093e2ad49f9a805110b4ba4be74_postgres1711_9f6c0a --label bad0f7 --network github_network_fde0b30796b945989b75a753fd6d6fd8 --network-alias postgres -p 5432:5432 --health-cmd "pg_isready -U math_master -d math_master_test_ci" --health-interval 2s --health-timeout 3s --health-retries 20 -e "POSTGRES_USER=math_master" -e "POSTGRES_PASSWORD=ci-only" -e "POSTGRES_DB=math_master_test_ci" -e GITHUB_ACTIONS=true -e CI=true postgres:17.11
2026-10-03T23:30:44.6131921Z 94ce5ea4c0af72d61419ed081b424204578ccd871f1afdfa637cc4af4dc3022c
2026-10-03T23:30:44.6148375Z ##[command]/usr/bin/docker start 94ce5ea4c0af72d61419ed081b424204578ccd871f1afdfa637cc4af4dc3022c
2026-10-03T23:30:44.7910551Z 94ce5ea4c0af72d61419ed081b424204578ccd871f1afdfa637cc4af4dc3022c
2026-10-03T23:30:44.7932935Z ##[command]/usr/bin/docker ps --all --filter id=94ce5ea4c0af72d61419ed081b424204578ccd871f1afdfa637cc4af4dc3022c --filter status=running --no-trunc --format "{{.ID}} {{.Status}}"
2026-10-03T23:30:44.8070518Z 94ce5ea4c0af72d61419ed081b424204578ccd871f1afdfa637cc4af4dc3022c Up Less than a second (health: starting)
2026-10-03T23:30:44.8082982Z ##[command]/usr/bin/docker port 94ce5ea4c0af72d61419ed081b424204578ccd871f1afdfa637cc4af4dc3022c
2026-10-03T23:30:44.8208439Z 5432/tcp -> 0.0.0.0:5432
2026-10-03T23:30:44.8208941Z 5432/tcp -> [::]:5432
2026-10-03T23:30:44.8239888Z ##[endgroup]
2026-10-03T23:30:44.8247019Z ##[group]Waiting for all services to be ready
2026-10-03T23:30:44.8259256Z ##[command]/usr/bin/docker inspect --format="{{if .Config.Healthcheck}}{{print .State.Health.Status}}{{end}}" 94ce5ea4c0af72d61419ed081b424204578ccd871f1afdfa637cc4af4dc3022c
2026-10-03T23:30:44.8403919Z starting
2026-10-03T23:30:44.8412292Z postgres service is starting, waiting 2 seconds before checking again.
2026-10-03T23:30:46.8419802Z ##[command]/usr/bin/docker inspect --format="{{if .Config.Healthcheck}}{{print .State.Health.Status}}{{end}}" 94ce5ea4c0af72d61419ed081b424204578ccd871f1afdfa637cc4af4dc3022c
2026-10-03T23:30:46.8558860Z healthy
2026-10-03T23:30:46.8573506Z postgres service is healthy.
2026-10-03T23:30:46.8573791Z ##[endgroup]
2026-10-03T23:30:46.8737042Z ##[group]Run actions/checkout@3d3c42e5aac5ba805825da76410c181273ba90b1
2026-10-03T23:30:46.8737330Z with:
2026-10-03T23:30:46.8737465Z   repository: yyl1212/math_master
2026-10-03T23:30:46.8738894Z   token: ***
2026-10-03T23:30:46.8739010Z   ssh-strict: true
2026-10-03T23:30:46.8739141Z   ssh-user: git
2026-10-03T23:30:46.8739266Z   persist-credentials: true
2026-10-03T23:30:46.8739398Z   clean: true
2026-10-03T23:30:46.8739518Z   sparse-checkout-cone-mode: true
2026-10-03T23:30:46.8740141Z   fetch-depth: 1
2026-10-03T23:30:46.8740256Z   fetch-tags: false
2026-10-03T23:30:46.8740374Z   show-progress: true
2026-10-03T23:30:46.8740492Z   lfs: false
2026-10-03T23:30:46.8740621Z   submodules: false
2026-10-03T23:30:46.8740741Z   set-safe-directory: true
2026-10-03T23:30:46.8740883Z   allow-unsafe-pr-checkout: false
2026-10-03T23:30:46.8741117Z env:
2026-10-03T23:30:46.8741221Z   CGO_ENABLED: 0
2026-10-03T23:30:46.8741340Z   GOTOOLCHAIN: go1.27.1
2026-10-03T23:30:46.8741650Z   TEST_DATABASE_URL: ***127.0.0.1:5432/math_master_test_ci?sslmode=disable
2026-10-03T23:30:46.8741845Z ##[endgroup]
2026-10-03T23:30:46.9436733Z Syncing repository: yyl1212/math_master
2026-10-03T23:30:46.9437761Z ##[group]Getting Git version info
2026-10-03T23:30:46.9438098Z Working directory is '/home/runner/work/math_master/math_master'
2026-10-03T23:30:46.9438599Z [command]/usr/bin/git version
2026-10-03T23:30:46.9570238Z git version 2.55.0
2026-10-03T23:30:46.9607024Z ##[endgroup]
2026-10-03T23:30:46.9613225Z Temporarily overriding HOME='/home/runner/work/_temp/9ad7c9e0-3a77-459f-a0bf-0971fd4d9875' before making global git config changes
2026-10-03T23:30:46.9614118Z Adding repository directory to the temporary git global config as a safe directory
2026-10-03T23:30:46.9614979Z [command]/usr/bin/git config --global --add safe.directory /home/runner/work/math_master/math_master
2026-10-03T23:30:46.9661440Z Deleting the contents of '/home/runner/work/math_master/math_master'
2026-10-03T23:30:46.9662243Z ##[group]Determining repository object format
2026-10-03T23:30:46.9680114Z ##[endgroup]
2026-10-03T23:30:46.9690342Z ##[group]Initializing the repository
2026-10-03T23:30:46.9690926Z [command]/usr/bin/git init /home/runner/work/math_master/math_master
2026-10-03T23:30:46.9777281Z hint: Using 'master' as the name for the initial branch. This default branch name
2026-10-03T23:30:46.9792705Z hint: will change to "main" in Git 3.0. To configure the initial branch name
2026-10-03T23:30:46.9830319Z hint: to use in all of your new repositories, which will suppress this warning,
2026-10-03T23:30:46.9830693Z hint: call:
2026-10-03T23:30:46.9830853Z hint:
2026-10-03T23:30:46.9831156Z hint: 	git config --global init.defaultBranch <name>
2026-10-03T23:30:46.9831441Z hint:
2026-10-03T23:30:46.9831716Z hint: Names commonly chosen instead of 'master' are 'main', 'trunk' and
2026-10-03T23:30:46.9832150Z hint: 'development'. The just-created branch can be renamed via this command:
2026-10-03T23:30:46.9832490Z hint:
2026-10-03T23:30:46.9832702Z hint: 	git branch -m <name>
2026-10-03T23:30:46.9832905Z hint:
2026-10-03T23:30:46.9833185Z hint: Disable this message with "git config set advice.defaultBranchName false"
2026-10-03T23:30:46.9833652Z Initialized empty Git repository in /home/runner/work/math_master/math_master/.git/
2026-10-03T23:30:46.9834507Z [command]/usr/bin/git remote add origin https://github.com/yyl1212/math_master
2026-10-03T23:30:46.9900264Z ##[endgroup]
2026-10-03T23:30:46.9900929Z ##[group]Disabling automatic garbage collection
2026-10-03T23:30:46.9920224Z [command]/usr/bin/git config --local gc.auto 0
2026-10-03T23:30:46.9958221Z ##[endgroup]
2026-10-03T23:30:46.9980452Z ##[group]Setting up auth
2026-10-03T23:30:46.9990643Z Removing SSH command configuration
2026-10-03T23:30:47.0015724Z [command]/usr/bin/git config --local --name-only --get-regexp core\.sshCommand
2026-10-03T23:30:47.0027997Z [command]/usr/bin/git submodule foreach --recursive sh -c "git config --local --name-only --get-regexp 'core\.sshCommand' && git config --local --unset-all 'core.sshCommand' || :"
2026-10-03T23:30:47.0287189Z Removing HTTP extra header
2026-10-03T23:30:47.0291785Z [command]/usr/bin/git config --local --name-only --get-regexp http\.https\:\/\/github\.com\/\.extraheader
2026-10-03T23:30:47.0321083Z [command]/usr/bin/git submodule foreach --recursive sh -c "git config --local --name-only --get-regexp 'http\.https\:\/\/github\.com\/\.extraheader' && git config --local --unset-all 'http.https://github.com/.extraheader' || :"
2026-10-03T23:30:47.0498425Z Removing includeIf entries pointing to credentials config files
2026-10-03T23:30:47.0502115Z [command]/usr/bin/git config --local --name-only --get-regexp ^includeIf\.gitdir:
2026-10-03T23:30:47.0530881Z [command]/usr/bin/git submodule foreach --recursive git config --local --show-origin --name-only --get-regexp remote.origin.url
2026-10-03T23:30:47.0704042Z [command]/usr/bin/git config --file /home/runner/work/_temp/git-credentials-d70a552d-c4f7-4f48-a4d2-97a5afbfb5ef.config http.https://github.com/.extraheader AUTHORIZATION: basic ***
2026-10-03T23:30:47.0734515Z [command]/usr/bin/git config --local includeIf.gitdir:/home/runner/work/math_master/math_master/.git.path /home/runner/work/_temp/git-credentials-d70a552d-c4f7-4f48-a4d2-97a5afbfb5ef.config
2026-10-03T23:30:47.0762175Z [command]/usr/bin/git config --local includeIf.gitdir:/home/runner/work/math_master/math_master/.git/worktrees/*.path /home/runner/work/_temp/git-credentials-d70a552d-c4f7-4f48-a4d2-97a5afbfb5ef.config
2026-10-03T23:30:47.0795659Z [command]/usr/bin/git config --local includeIf.gitdir:/github/workspace/.git.path /github/runner_temp/git-credentials-d70a552d-c4f7-4f48-a4d2-97a5afbfb5ef.config
2026-10-03T23:30:47.0825052Z [command]/usr/bin/git config --local includeIf.gitdir:/github/workspace/.git/worktrees/*.path /github/runner_temp/git-credentials-d70a552d-c4f7-4f48-a4d2-97a5afbfb5ef.config
2026-10-03T23:30:47.0856349Z ##[endgroup]
2026-10-03T23:30:47.0856727Z ##[group]Fetching the repository
2026-10-03T23:30:47.0857582Z [command]/usr/bin/git -c protocol.version=2 fetch --no-tags --prune --no-recurse-submodules --depth=1 origin +7d3fd9614c56baf6a7ea19f39f224c442f81a0b3:refs/remotes/pull/23/merge
2026-10-03T23:30:48.3049421Z From https://github.com/yyl1212/math_master
2026-10-03T23:30:48.3049960Z  * [new ref]         7d3fd9614c56baf6a7ea19f39f224c442f81a0b3 -> pull/23/merge
2026-10-03T23:30:48.3050890Z ##[endgroup]
2026-10-03T23:30:48.3051100Z ##[group]Determining the checkout info
2026-10-03T23:30:48.3051319Z ##[endgroup]
2026-10-03T23:30:48.3052766Z [command]/usr/bin/git sparse-checkout disable
2026-10-03T23:30:48.3103404Z [command]/usr/bin/git config --local --unset-all extensions.worktreeConfig
2026-10-03T23:30:48.3130999Z ##[group]Checking out the ref
2026-10-03T23:30:48.3133908Z [command]/usr/bin/git checkout --progress --force refs/remotes/pull/23/merge
2026-10-03T23:30:48.3880742Z Note: switching to 'refs/remotes/pull/23/merge'.
2026-10-03T23:30:48.3881074Z 
2026-10-03T23:30:48.3881451Z You are in 'detached HEAD' state. You can look around, make experimental
2026-10-03T23:30:48.3881917Z changes and commit them, and you can discard any commits you make in this
2026-10-03T23:30:48.3888991Z state without impacting any branches by switching back to a branch.
2026-10-03T23:30:48.3889379Z 
2026-10-03T23:30:48.3893230Z If you want to create a new branch to retain commits you create, you may
2026-10-03T23:30:48.3893786Z do so (now or later) by using -c with the switch command. Example:
2026-10-03T23:30:48.3894140Z 
2026-10-03T23:30:48.3894313Z   git switch -c <new-branch-name>
2026-10-03T23:30:48.3894531Z 
2026-10-03T23:30:48.3894751Z Or undo this operation with:
2026-10-03T23:30:48.3894950Z 
2026-10-03T23:30:48.3895122Z   git switch -
2026-10-03T23:30:48.3895360Z 
2026-10-03T23:30:48.3902668Z Turn off this advice by setting config variable advice.detachedHead to false
2026-10-03T23:30:48.3903040Z 
2026-10-03T23:30:48.3903640Z HEAD is now at 7d3fd96 Merge 177ed57186a662db87b2b0fd0d56384607de3936 into dad438d13b37d1053e3bf42e7c32e3829e4518a6
2026-10-03T23:30:48.3904919Z ##[endgroup]
2026-10-03T23:30:48.3932213Z [command]/usr/bin/git log -1 --format=%H
2026-10-03T23:30:48.3955872Z 7d3fd9614c56baf6a7ea19f39f224c442f81a0b3
2026-10-03T23:30:48.4123076Z ##[group]Run actions/setup-go@b7ad1dad31e06c5925ef5d2fc7ad053ef454303e
2026-10-03T23:30:48.4123287Z with:
2026-10-03T23:30:48.4123398Z   go-version: 1.27.1
2026-10-03T23:30:48.4123532Z   cache-dependency-path: backend/go.sum
2026-10-03T23:30:48.4123684Z   check-latest: false
2026-10-03T23:30:48.4125013Z   token: ***
2026-10-03T23:30:48.4125124Z   cache: true
2026-10-03T23:30:48.4125230Z env:
2026-10-03T23:30:48.4125332Z   CGO_ENABLED: 0
2026-10-03T23:30:48.4125447Z   GOTOOLCHAIN: go1.27.1
2026-10-03T23:30:48.4125717Z   TEST_DATABASE_URL: ***127.0.0.1:5432/math_master_test_ci?sslmode=disable
2026-10-03T23:30:48.4125910Z ##[endgroup]
2026-10-03T23:30:48.4868139Z Setup go version spec 1.27.1
2026-10-03T23:30:48.4890924Z Attempting to download 1.27.1...
2026-10-03T23:30:49.1953218Z matching 1.27.1...
2026-10-03T23:30:49.2027899Z Acquiring 1.27.1 from https://github.com/actions/go-versions/releases/download/1.27.1-33583469715/go-1.27.1-linux-x64.tar.gz
2026-10-03T23:30:49.6988343Z Extracting Go...
2026-10-03T23:30:49.7086480Z [command]/usr/bin/tar xz --warning=no-unknown-keyword --overwrite -C /home/runner/work/_temp/ddbbf387-106c-4fa3-8f56-30769120a510 -f /home/runner/work/_temp/a419b4c3-7a90-44fb-b034-653b04e203df
2026-10-03T23:30:51.0156536Z Successfully extracted go to /home/runner/work/_temp/ddbbf387-106c-4fa3-8f56-30769120a510
2026-10-03T23:30:51.0156928Z Adding to the cache ...
2026-10-03T23:30:57.7020241Z Successfully cached go to /opt/hostedtoolcache/go/1.27.1/x64
2026-10-03T23:30:57.7021014Z Added go to the path
2026-10-03T23:30:57.7022617Z Successfully set up Go version 1.27.1
2026-10-03T23:30:57.7190136Z [command]/opt/hostedtoolcache/go/1.27.1/x64/bin/go env GOMODCACHE
2026-10-03T23:30:57.7229451Z [command]/opt/hostedtoolcache/go/1.27.1/x64/bin/go env GOCACHE
2026-10-03T23:30:57.7254382Z /home/runner/go/pkg/mod
2026-10-03T23:30:57.7263095Z /home/runner/.cache/go-build
2026-10-03T23:30:57.8610370Z Cache hit for: setup-go-Linux-x64-ubuntu24-go-1.27.1-6f926d71642f0f7c618aaf48183d120ae01c676eeeea6094ca09a10a0292f233
2026-10-03T23:30:58.7033893Z Received 65855688 of 65855688 (100.0%), 88.3 MBs/sec
2026-10-03T23:30:58.7034938Z Cache Size: ~63 MB (65855688 B)
2026-10-03T23:30:58.7070417Z [command]/usr/bin/tar -xf /home/runner/work/_temp/fbe87870-8105-48a9-83c2-a4efd98dc985/cache.tzst -P -C /home/runner/work/math_master/math_master --use-compress-program unzstd
2026-10-03T23:30:59.1208155Z Cache restored successfully
2026-10-03T23:30:59.1251012Z Cache restored from key: setup-go-Linux-x64-ubuntu24-go-1.27.1-6f926d71642f0f7c618aaf48183d120ae01c676eeeea6094ca09a10a0292f233
2026-10-03T23:30:59.1290715Z go version go1.27.1 linux/amd64
2026-10-03T23:30:59.1299308Z 
2026-10-03T23:30:59.1308470Z ##[group]go env
2026-10-03T23:30:59.1419417Z AR='ar'
2026-10-03T23:30:59.1440609Z CC='gcc'
2026-10-03T23:30:59.1440880Z CGO_CFLAGS='-O2 -g'
2026-10-03T23:30:59.1441084Z CGO_CPPFLAGS=''
2026-10-03T23:30:59.1441286Z CGO_CXXFLAGS='-O2 -g'
2026-10-03T23:30:59.1441481Z CGO_ENABLED='0'
2026-10-03T23:30:59.1441696Z CGO_FFLAGS='-O2 -g'
2026-10-03T23:30:59.1441889Z CGO_LDFLAGS='-O2 -g'
2026-10-03T23:30:59.1442086Z CXX='g++'
2026-10-03T23:30:59.1442260Z GCCGO='gccgo'
2026-10-03T23:30:59.1442436Z GO111MODULE=''
2026-10-03T23:30:59.1442610Z GOAMD64='v1'
2026-10-03T23:30:59.1442783Z GOARCH='amd64'
2026-10-03T23:30:59.1442962Z GOAUTH='netrc'
2026-10-03T23:30:59.1443152Z GOBIN='/home/runner/go/bin'
2026-10-03T23:30:59.1443384Z GOCACHE='/home/runner/.cache/go-build'
2026-10-03T23:30:59.1443650Z GOCACHEPROG=''
2026-10-03T23:30:59.1443822Z GODEBUG=''
2026-10-03T23:30:59.1444011Z GOENV='/home/runner/.config/go/env'
2026-10-03T23:30:59.1444233Z GOEXE=''
2026-10-03T23:30:59.1444399Z GOEXPERIMENT=''
2026-10-03T23:30:59.1444578Z GOFIPS140='off'
2026-10-03T23:30:59.1444757Z GOFLAGS=''
2026-10-03T23:30:59.1445276Z GOGCCFLAGS='-fPIC -m64 -Wl,--no-gc-sections -fmessage-length=0 -ffile-prefix-map=/tmp/go-build3464039724=/tmp/go-build -gno-record-gcc-switches'
2026-10-03T23:30:59.1445796Z GOHOSTARCH='amd64'
2026-10-03T23:30:59.1446243Z GOHOSTOS='linux'
2026-10-03T23:30:59.1446428Z GOINSECURE=''
2026-10-03T23:30:59.1446603Z GOMOD='/dev/null'
2026-10-03T23:30:59.1446810Z GOMODCACHE='/home/runner/go/pkg/mod'
2026-10-03T23:30:59.1447040Z GONOPROXY=''
2026-10-03T23:30:59.1447212Z GONOSUMDB=''
2026-10-03T23:30:59.1447382Z GOOS='linux'
2026-10-03T23:30:59.1447557Z GOPACKAGESDRIVER=''
2026-10-03T23:30:59.1447762Z GOPATH='/home/runner/go'
2026-10-03T23:30:59.1447957Z GOPRIVATE=''
2026-10-03T23:30:59.1448287Z GOPROXY='https://proxy.golang.org,direct'
2026-10-03T23:30:59.1452110Z GOROOT='/opt/hostedtoolcache/go/1.27.1/x64'
2026-10-03T23:30:59.1480220Z GOSUMDB='sum.golang.org'
2026-10-03T23:30:59.1490547Z GOTELEMETRY='local'
2026-10-03T23:30:59.1500179Z GOTELEMETRYDIR='/home/runner/.config/go/telemetry'
2026-10-03T23:30:59.1509468Z GOTMPDIR=''
2026-10-03T23:30:59.1526839Z GOTOOLCHAIN='local'
2026-10-03T23:30:59.1540878Z GOTOOLDIR='/opt/hostedtoolcache/go/1.27.1/x64/pkg/tool/linux_amd64'
2026-10-03T23:30:59.1550130Z GOVCS=''
2026-10-03T23:30:59.1570655Z GOVERSION='go1.27.1'
2026-10-03T23:30:59.1590377Z GOWORK=''
2026-10-03T23:30:59.1601587Z PKG_CONFIG='pkg-config'
2026-10-03T23:30:59.1603441Z 
2026-10-03T23:30:59.1604673Z ##[endgroup]
2026-10-03T23:30:59.1674139Z ##[group]Run actions/setup-node@820762786026740c76f36085b0efc47a31fe5020
2026-10-03T23:30:59.1674339Z with:
2026-10-03T23:30:59.1674455Z   node-version: 24.17.0
2026-10-03T23:30:59.1674584Z   check-latest: false
2026-10-03T23:30:59.1676107Z   token: ***
2026-10-03T23:30:59.1676235Z   package-manager-cache: true
2026-10-03T23:30:59.1676375Z env:
2026-10-03T23:30:59.1676485Z   CGO_ENABLED: 0
2026-10-03T23:30:59.1676600Z   GOTOOLCHAIN: local
2026-10-03T23:30:59.1676862Z   TEST_DATABASE_URL: ***127.0.0.1:5432/math_master_test_ci?sslmode=disable
2026-10-03T23:30:59.1677059Z ##[endgroup]
2026-10-03T23:30:59.2470426Z Attempting to download 24.17.0...
2026-10-03T23:30:59.9624893Z Acquiring 24.17.0 - x64 from https://github.com/actions/node-versions/releases/download/24.17.0-27765711116/node-24.17.0-linux-x64.tar.gz
2026-10-03T23:31:00.5906988Z Extracting ...
2026-10-03T23:31:00.5987626Z [command]/usr/bin/tar xz --strip 1 --warning=no-unknown-keyword --overwrite -C /home/runner/work/_temp/08ff754b-eb83-4e70-aee2-ab03964d4fbd -f /home/runner/work/_temp/a944c686-0819-43c0-8f98-6daf3f6187a4
2026-10-03T23:31:01.6758491Z Adding to the cache ...
2026-10-03T23:31:07.6646623Z ##[group]Environment details
2026-10-03T23:31:07.8278094Z node: v24.17.0
2026-10-03T23:31:07.8278545Z npm: 11.13.0
2026-10-03T23:31:07.8278842Z yarn: 1.22.22
2026-10-03T23:31:07.8279355Z ##[endgroup]
2026-10-03T23:31:07.8433416Z ##[group]Run node tools/verify/run.mjs --cwd backend -- env CGO_ENABLED=0 GOTOOLCHAIN=go1.27.1 go test ./internal/store ./internal/cli -run '^Test(Correction|Notification)' -skip '^TestCorrectionCapacity' -timeout 5m -count=1
2026-10-03T23:31:07.8434229Z node tools/verify/run.mjs --cwd backend -- env CGO_ENABLED=0 GOTOOLCHAIN=go1.27.1 go test ./internal/store ./internal/cli -run '^Test(Correction|Notification)' -skip '^TestCorrectionCapacity' -timeout 5m -count=1
2026-10-03T23:31:07.8601549Z shell: /usr/bin/bash -e {0}
2026-10-03T23:31:07.8601714Z env:
2026-10-03T23:31:07.8601824Z   CGO_ENABLED: 0
2026-10-03T23:31:07.8601945Z   GOTOOLCHAIN: local
2026-10-03T23:31:07.8602289Z   TEST_DATABASE_URL: ***127.0.0.1:5432/math_master_test_ci?sslmode=disable
2026-10-03T23:31:07.8602492Z ##[endgroup]
2026-10-03T23:33:19.8289167Z ok  	github.com/yyl1212/math_master/backend/internal/store	126.780s
2026-10-03T23:33:19.8290203Z ok  	github.com/yyl1212/math_master/backend/internal/cli	2.388s
2026-10-03T23:33:19.8698796Z ##[group]Run node tools/verify/run.mjs --cwd backend -- env CGO_ENABLED=0 GOTOOLCHAIN=go1.27.1 go test ./internal/store -run '^TestCorrectionCapacityImpact$' -timeout 5m -count=1 -v
2026-10-03T23:33:19.8699493Z node tools/verify/run.mjs --cwd backend -- env CGO_ENABLED=0 GOTOOLCHAIN=go1.27.1 go test ./internal/store -run '^TestCorrectionCapacityImpact$' -timeout 5m -count=1 -v
2026-10-03T23:33:19.8754499Z shell: /usr/bin/bash -e {0}
2026-10-03T23:33:19.8754659Z env:
2026-10-03T23:33:19.8754778Z   CGO_ENABLED: 0
2026-10-03T23:33:19.8754921Z   GOTOOLCHAIN: local
2026-10-03T23:33:19.8755283Z   TEST_DATABASE_URL: ***127.0.0.1:5432/math_master_test_ci?sslmode=disable
2026-10-03T23:33:19.8755501Z ##[endgroup]
2026-10-03T23:33:20.2564944Z === RUN   TestCorrectionCapacityImpact
2026-10-03T23:34:18.3745494Z     correction_capacity_test.go:238: capacity worker processed=1000 elapsed=58.118447358s
2026-10-03T23:34:27.5521545Z     correction_capacity_test.go:238: capacity worker processed=2000 elapsed=1m7.295796524s
2026-10-03T23:34:37.0302252Z     correction_capacity_test.go:238: capacity worker processed=3000 elapsed=1m16.773976735s
2026-10-03T23:34:47.4720754Z     correction_capacity_test.go:238: capacity worker processed=4000 elapsed=1m27.215995966s
2026-10-03T23:34:57.3413566Z     correction_capacity_test.go:238: capacity worker processed=5000 elapsed=1m37.085158005s
2026-10-03T23:35:06.7258276Z     correction_capacity_test.go:238: capacity worker processed=6000 elapsed=1m46.469493392s
2026-10-03T23:35:16.5671784Z     correction_capacity_test.go:238: capacity worker processed=7000 elapsed=1m56.31068274s
2026-10-03T23:35:26.7483262Z     correction_capacity_test.go:238: capacity worker processed=8000 elapsed=2m6.492263183s
2026-10-03T23:35:36.3961359Z     correction_capacity_test.go:238: capacity worker processed=9000 elapsed=2m16.139804352s
2026-10-03T23:35:46.3955868Z     correction_capacity_test.go:238: capacity worker processed=10000 elapsed=2m26.139479273s
2026-10-03T23:35:46.4564225Z     correction_capacity_test.go:264: capacity worker complete elapsed=2m26.200364615s
2026-10-03T23:35:51.0374070Z     correction_capacity_test.go:293: capacity metadata complete elapsed=2m30.781250003s
2026-10-03T23:36:12.1403455Z     correction_capacity_test.go:312: CORRECTION_CAPACITY cases=1000 plans=1000 affected=10000 workerBatches=200 completeSets=true heapDelta=88480 allocatedBytes=4496438360 maxBatchBytes=22525032 elapsed=2m51.884235066s
2026-10-03T23:36:12.2805769Z --- PASS: TestCorrectionCapacityImpact (172.02s)
2026-10-03T23:36:12.2825374Z PASS
2026-10-03T23:36:12.2840341Z ok  	github.com/yyl1212/math_master/backend/internal/store	172.031s
2026-10-03T23:36:12.3023162Z ##[group]Run node tools/verify/run.mjs --cwd backend -- env CGO_ENABLED=0 GOTOOLCHAIN=go1.27.1 go test ./internal/store -run '^TestCorrectionCapacityNotifications$' -timeout 5m -count=1 -v
2026-10-03T23:36:12.3024223Z node tools/verify/run.mjs --cwd backend -- env CGO_ENABLED=0 GOTOOLCHAIN=go1.27.1 go test ./internal/store -run '^TestCorrectionCapacityNotifications$' -timeout 5m -count=1 -v
2026-10-03T23:36:12.3077999Z shell: /usr/bin/bash -e {0}
2026-10-03T23:36:12.3078155Z env:
2026-10-03T23:36:12.3078269Z   CGO_ENABLED: 0
2026-10-03T23:36:12.3078393Z   GOTOOLCHAIN: local
2026-10-03T23:36:12.3078746Z   TEST_DATABASE_URL: ***127.0.0.1:5432/math_master_test_ci?sslmode=disable
2026-10-03T23:36:12.3078959Z ##[endgroup]
2026-10-03T23:36:12.7775771Z === RUN   TestCorrectionCapacityNotifications
2026-10-03T23:37:09.3430529Z     correction_capacity_test.go:449: CORRECTION_CAPACITY notifications=10000 sameSourceReruns=10000 completeOwnerSets=true immutableFirstReads=2 elapsed=56.565252053s
2026-10-03T23:37:09.4593485Z --- PASS: TestCorrectionCapacityNotifications (56.68s)
2026-10-03T23:37:09.4610215Z PASS
2026-10-03T23:37:09.4610758Z ok  	github.com/yyl1212/math_master/backend/internal/store	56.687s
2026-10-03T23:37:09.4802857Z Post job cleanup.
2026-10-03T23:37:09.5689550Z Post job cleanup.
2026-10-03T23:37:09.6511248Z [command]/opt/hostedtoolcache/go/1.27.1/x64/bin/go env GOMODCACHE
2026-10-03T23:37:09.6574633Z [command]/opt/hostedtoolcache/go/1.27.1/x64/bin/go env GOCACHE
2026-10-03T23:37:09.6638718Z /home/runner/go/pkg/mod
2026-10-03T23:37:09.6651703Z /home/runner/.cache/go-build
2026-10-03T23:37:09.6653601Z Cache hit occurred on the primary key setup-go-Linux-x64-ubuntu24-go-1.27.1-6f926d71642f0f7c618aaf48183d120ae01c676eeeea6094ca09a10a0292f233, not saving cache.
2026-10-03T23:37:09.6801615Z Post job cleanup.
2026-10-03T23:37:09.7430651Z [command]/usr/bin/git version
2026-10-03T23:37:09.7477768Z git version 2.55.0
2026-10-03T23:37:09.7514578Z Temporarily overriding HOME='/home/runner/work/_temp/d0bc837e-f7aa-47a2-b22a-20d86d8f0f25' before making global git config changes
2026-10-03T23:37:09.7515505Z Adding repository directory to the temporary git global config as a safe directory
2026-10-03T23:37:09.7516328Z [command]/usr/bin/git config --global --add safe.directory /home/runner/work/math_master/math_master
2026-10-03T23:37:09.7563854Z Removing SSH command configuration
2026-10-03T23:37:09.7564522Z [command]/usr/bin/git config --local --name-only --get-regexp core\.sshCommand
2026-10-03T23:37:09.7605866Z [command]/usr/bin/git submodule foreach --recursive sh -c "git config --local --name-only --get-regexp 'core\.sshCommand' && git config --local --unset-all 'core.sshCommand' || :"
2026-10-03T23:37:09.7950277Z Removing HTTP extra header
2026-10-03T23:37:09.7960513Z [command]/usr/bin/git config --local --name-only --get-regexp http\.https\:\/\/github\.com\/\.extraheader
2026-10-03T23:37:09.8041825Z [command]/usr/bin/git submodule foreach --recursive sh -c "git config --local --name-only --get-regexp 'http\.https\:\/\/github\.com\/\.extraheader' && git config --local --unset-all 'http.https://github.com/.extraheader' || :"
2026-10-03T23:37:09.8480278Z Removing includeIf entries pointing to credentials config files
2026-10-03T23:37:09.8481110Z [command]/usr/bin/git config --local --name-only --get-regexp ^includeIf\.gitdir:
2026-10-03T23:37:09.8502043Z includeif.gitdir:/home/runner/work/math_master/math_master/.git.path
2026-10-03T23:37:09.8522163Z includeif.gitdir:/home/runner/work/math_master/math_master/.git/worktrees/*.path
2026-10-03T23:37:09.8537159Z includeif.gitdir:/github/workspace/.git.path
2026-10-03T23:37:09.8545185Z includeif.gitdir:/github/workspace/.git/worktrees/*.path
2026-10-03T23:37:09.8604866Z [command]/usr/bin/git config --local --get-all includeif.gitdir:/home/runner/work/math_master/math_master/.git.path
2026-10-03T23:37:09.8620913Z /home/runner/work/_temp/git-credentials-d70a552d-c4f7-4f48-a4d2-97a5afbfb5ef.config
2026-10-03T23:37:09.8674210Z [command]/usr/bin/git config --local --unset includeif.gitdir:/home/runner/work/math_master/math_master/.git.path \/home\/runner\/work\/_temp\/git\-credentials\-d70a552d\-c4f7\-4f48\-a4d2\-97a5afbfb5ef\.config
2026-10-03T23:37:09.8720526Z [command]/usr/bin/git config --local --get-all includeif.gitdir:/home/runner/work/math_master/math_master/.git/worktrees/*.path
2026-10-03T23:37:09.8728836Z /home/runner/work/_temp/git-credentials-d70a552d-c4f7-4f48-a4d2-97a5afbfb5ef.config
2026-10-03T23:37:09.8731192Z [command]/usr/bin/git config --local --unset includeif.gitdir:/home/runner/work/math_master/math_master/.git/worktrees/*.path \/home\/runner\/work\/_temp\/git\-credentials\-d70a552d\-c4f7\-4f48\-a4d2\-97a5afbfb5ef\.config
2026-10-03T23:37:09.8732992Z [command]/usr/bin/git config --local --get-all includeif.gitdir:/github/workspace/.git.path
2026-10-03T23:37:09.8733791Z /github/runner_temp/git-credentials-d70a552d-c4f7-4f48-a4d2-97a5afbfb5ef.config
2026-10-03T23:37:09.8735508Z [command]/usr/bin/git config --local --unset includeif.gitdir:/github/workspace/.git.path \/github\/runner_temp\/git\-credentials\-d70a552d\-c4f7\-4f48\-a4d2\-97a5afbfb5ef\.config
2026-10-03T23:37:09.8775459Z [command]/usr/bin/git config --local --get-all includeif.gitdir:/github/workspace/.git/worktrees/*.path
2026-10-03T23:37:09.8795753Z /github/runner_temp/git-credentials-d70a552d-c4f7-4f48-a4d2-97a5afbfb5ef.config
2026-10-03T23:37:09.8803253Z [command]/usr/bin/git config --local --unset includeif.gitdir:/github/workspace/.git/worktrees/*.path \/github\/runner_temp\/git\-credentials\-d70a552d\-c4f7\-4f48\-a4d2\-97a5afbfb5ef\.config
2026-10-03T23:37:09.8844631Z [command]/usr/bin/git submodule foreach --recursive git config --local --show-origin --name-only --get-regexp remote.origin.url
2026-10-03T23:37:09.9027132Z Removing credentials config '/home/runner/work/_temp/git-credentials-d70a552d-c4f7-4f48-a4d2-97a5afbfb5ef.config'
2026-10-03T23:37:09.9126541Z Print service container logs: 8bc87093e2ad49f9a805110b4ba4be74_postgres1711_9f6c0a
2026-10-03T23:37:09.9129936Z ##[command]/usr/bin/docker logs --details 94ce5ea4c0af72d61419ed081b424204578ccd871f1afdfa637cc4af4dc3022c
2026-10-03T23:37:09.9243464Z  The files belonging to this database system will be owned by user "postgres".
2026-10-03T23:37:09.9245838Z  initdb: warning: enabling "trust" authentication for local connections
2026-10-03T23:37:09.9246225Z  This user must also own the server process.
2026-10-03T23:37:09.9248868Z  initdb: hint: You can change this by editing pg_hba.conf or using the option -A, or --auth-local and --auth-host, the next time you run initdb.
2026-10-03T23:37:09.9249374Z  
2026-10-03T23:37:09.9250163Z  2026-10-03 23:30:46.273 UTC [1] LOG:  starting PostgreSQL 17.11 (Debian 17.11-1.pgdg13+2) on x86_64-pc-linux-gnu, compiled by gcc (Debian 14.2.0-19) 14.2.0, 64-bit
2026-10-03T23:37:09.9250925Z  2026-10-03 23:30:46.273 UTC [1] LOG:  listening on IPv4 address "0.0.0.0", port 5432
2026-10-03T23:37:09.9251396Z  2026-10-03 23:30:46.273 UTC [1] LOG:  listening on IPv6 address "::", port 5432
2026-10-03T23:37:09.9251892Z  2026-10-03 23:30:46.275 UTC [1] LOG:  listening on Unix socket "/var/run/postgresql/.s.PGSQL.5432"
2026-10-03T23:37:09.9252426Z  2026-10-03 23:30:46.277 UTC [63] LOG:  database system was shut down at 2026-10-03 23:30:46 UTC
2026-10-03T23:37:09.9252907Z  2026-10-03 23:30:46.282 UTC [1] LOG:  database system is ready to accept connections
2026-10-03T23:37:09.9253387Z  2026-10-03 23:31:14.814 UTC [181] FATAL:  terminating connection due to administrator command
2026-10-03T23:37:09.9253865Z  2026-10-03 23:31:14.824 UTC [61] LOG:  checkpoint starting: immediate force wait
2026-10-03T23:37:09.9254866Z  2026-10-03 23:31:14.937 UTC [61] LOG:  checkpoint complete: wrote 765 buffers (4.7%); 0 WAL file(s) added, 0 removed, 1 recycled; write=0.091 s, sync=0.021 s, total=0.113 s; sync files=9, longest=0.016 s, average=0.003 s; distance=15565 kB, estimate=15565 kB; lsn=0/284B540, redo lsn=0/284B018
2026-10-03T23:37:09.9256078Z  2026-10-03 23:31:14.937 UTC [61] LOG:  checkpoint starting: immediate force wait
2026-10-03T23:37:09.9257006Z  2026-10-03 23:31:14.942 UTC [61] LOG:  checkpoint complete: wrote 1 buffers (0.0%); 0 WAL file(s) added, 0 removed, 0 recycled; write=0.001 s, sync=0.003 s, total=0.005 s; sync files=1, longest=0.003 s, average=0.003 s; distance=1 kB, estimate=14009 kB; lsn=0/284B618, redo lsn=0/284B5B8
2026-10-03T23:37:09.9257935Z  2026-10-03 23:31:15.209 UTC [61] LOG:  checkpoint starting: immediate force wait
2026-10-03T23:37:09.9258931Z  2026-10-03 23:31:15.419 UTC [61] LOG:  checkpoint complete: wrote 1133 buffers (6.9%); 0 WAL file(s) added, 0 removed, 1 recycled; write=0.167 s, sync=0.042 s, total=0.210 s; sync files=35, longest=0.028 s, average=0.002 s; distance=13943 kB, estimate=14002 kB; lsn=0/37739C0, redo lsn=0/35E9568
2026-10-03T23:37:09.9260136Z  2026-10-03 23:31:15.419 UTC [61] LOG:  checkpoint starting: immediate force wait
2026-10-03T23:37:09.9261054Z  2026-10-03 23:31:15.421 UTC [61] LOG:  checkpoint complete: wrote 2 buffers (0.0%); 0 WAL file(s) added, 0 removed, 0 recycled; write=0.001 s, sync=0.001 s, total=0.002 s; sync files=2, longest=0.001 s, average=0.001 s; distance=1577 kB, estimate=12760 kB; lsn=0/3773A98, redo lsn=0/3773A38
2026-10-03T23:37:09.9262016Z  2026-10-03 23:31:15.670 UTC [61] LOG:  checkpoint starting: immediate force wait
2026-10-03T23:37:09.9262965Z  2026-10-03 23:31:15.673 UTC [61] LOG:  checkpoint complete: wrote 4 buffers (0.0%); 0 WAL file(s) added, 0 removed, 0 recycled; write=0.001 s, sync=0.001 s, total=0.004 s; sync files=4, longest=0.001 s, average=0.001 s; distance=7792 kB, estimate=12263 kB; lsn=0/3F0FBF0, redo lsn=0/3F0FB98
2026-10-03T23:37:09.9263931Z  2026-10-03 23:31:15.959 UTC [61] LOG:  checkpoint starting: immediate force wait
2026-10-03T23:37:09.9265243Z  2026-10-03 23:31:15.962 UTC [61] LOG:  checkpoint complete: wrote 4 buffers (0.0%); 0 WAL file(s) added, 0 removed, 1 recycled; write=0.001 s, sync=0.001 s, total=0.004 s; sync files=4, longest=0.001 s, average=0.001 s; distance=8049 kB, estimate=11841 kB; lsn=0/46EC2F8, redo lsn=0/46EC2A0
2026-10-03T23:37:09.9266207Z  2026-10-03 23:31:16.170 UTC [61] LOG:  checkpoint starting: immediate force wait
2026-10-03T23:37:09.9283943Z  2026-10-03 23:31:16.173 UTC [61] LOG:  checkpoint complete: wrote 4 buffers (0.0%); 0 WAL file(s) added, 0 removed, 0 recycled; write=0.001 s, sync=0.001 s, total=0.003 s; sync files=4, longest=0.001 s, average=0.001 s; distance=7777 kB, estimate=11435 kB; lsn=0/4E84A70, redo lsn=0/4E84A18
2026-10-03T23:37:09.9284921Z  2026-10-03 23:31:16.988 UTC [61] LOG:  checkpoint starting: immediate force wait
2026-10-03T23:37:09.9285866Z  2026-10-03 23:31:16.991 UTC [61] LOG:  checkpoint complete: wrote 4 buffers (0.0%); 0 WAL file(s) added, 0 removed, 1 recycled; write=0.001 s, sync=0.001 s, total=0.003 s; sync files=4, longest=0.001 s, average=0.001 s; distance=8297 kB, estimate=11121 kB; lsn=0/569F0E8, redo lsn=0/569F090
2026-10-03T23:37:09.9286834Z  2026-10-03 23:31:17.912 UTC [61] LOG:  checkpoint starting: immediate force wait
2026-10-03T23:37:09.9287803Z  2026-10-03 23:31:17.914 UTC [61] LOG:  checkpoint complete: wrote 4 buffers (0.0%); 0 WAL file(s) added, 0 removed, 0 recycled; write=0.001 s, sync=0.001 s, total=0.003 s; sync files=4, longest=0.001 s, average=0.001 s; distance=8301 kB, estimate=10839 kB; lsn=0/5EBA708, redo lsn=0/5EBA6B0
2026-10-03T23:37:09.9288770Z  2026-10-03 23:31:18.774 UTC [61] LOG:  checkpoint starting: immediate force wait
2026-10-03T23:37:09.9291661Z  2026-10-03 23:31:18.777 UTC [61] LOG:  checkpoint complete: wrote 4 buffers (0.0%); 0 WAL file(s) added, 0 removed, 1 recycled; write=0.001 s, sync=0.001 s, total=0.003 s; sync files=4, longest=0.001 s, average=0.001 s; distance=8332 kB, estimate=10588 kB; lsn=0/66DD7E8, redo lsn=0/66DD790
2026-10-03T23:37:09.9292615Z  2026-10-03 23:31:19.740 UTC [61] LOG:  checkpoint starting: immediate force wait
2026-10-03T23:37:09.9293599Z  2026-10-03 23:31:19.743 UTC [61] LOG:  checkpoint complete: wrote 4 buffers (0.0%); 0 WAL file(s) added, 0 removed, 0 recycled; write=0.001 s, sync=0.001 s, total=0.004 s; sync files=4, longest=0.001 s, average=0.001 s; distance=8314 kB, estimate=10361 kB; lsn=0/6EFC278, redo lsn=0/6EFC220
2026-10-03T23:37:09.9294779Z  2026-10-03 23:31:20.449 UTC [229] FATAL:  terminating connection due to administrator command
2026-10-03T23:37:09.9295253Z  2026-10-03 23:31:20.550 UTC [61] LOG:  checkpoint starting: immediate force wait
2026-10-03T23:37:09.9296216Z  2026-10-03 23:31:20.552 UTC [61] LOG:  checkpoint complete: wrote 4 buffers (0.0%); 0 WAL file(s) added, 0 removed, 1 recycled; write=0.001 s, sync=0.001 s, total=0.003 s; sync files=4, longest=0.001 s, average=0.001 s; distance=8249 kB, estimate=10150 kB; lsn=0/770A860, redo lsn=0/770A808
2026-10-03T23:37:09.9297159Z  2026-10-03 23:31:21.253 UTC [61] LOG:  checkpoint starting: immediate force wait
2026-10-03T23:37:09.9298120Z  2026-10-03 23:31:21.256 UTC [61] LOG:  checkpoint complete: wrote 4 buffers (0.0%); 0 WAL file(s) added, 0 removed, 0 recycled; write=0.001 s, sync=0.001 s, total=0.003 s; sync files=4, longest=0.001 s, average=0.001 s; distance=8249 kB, estimate=9960 kB; lsn=0/7F18F50, redo lsn=0/7F18EF8
2026-10-03T23:37:09.9299078Z  2026-10-03 23:31:22.155 UTC [61] LOG:  checkpoint starting: immediate force wait
2026-10-03T23:37:09.9300127Z  2026-10-03 23:31:22.162 UTC [61] LOG:  checkpoint complete: wrote 4 buffers (0.0%); 0 WAL file(s) added, 0 removed, 1 recycled; write=0.001 s, sync=0.001 s, total=0.008 s; sync files=4, longest=0.001 s, average=0.001 s; distance=8305 kB, estimate=9794 kB; lsn=0/8735420, redo lsn=0/87353C8
2026-10-03T23:37:09.9301080Z  2026-10-03 23:31:22.948 UTC [61] LOG:  checkpoint starting: immediate force wait
2026-10-03T23:37:09.9302147Z  2026-10-03 23:31:22.951 UTC [61] LOG:  checkpoint complete: wrote 4 buffers (0.0%); 0 WAL file(s) added, 0 removed, 0 recycled; write=0.001 s, sync=0.001 s, total=0.003 s; sync files=4, longest=0.001 s, average=0.001 s; distance=8300 kB, estimate=9645 kB; lsn=0/8F504E0, redo lsn=0/8F50488
2026-10-03T23:37:09.9303101Z  2026-10-03 23:31:24.025 UTC [61] LOG:  checkpoint starting: immediate force wait
2026-10-03T23:37:09.9304031Z  2026-10-03 23:31:24.030 UTC [61] LOG:  checkpoint complete: wrote 4 buffers (0.0%); 0 WAL file(s) added, 0 removed, 1 recycled; write=0.001 s, sync=0.002 s, total=0.006 s; sync files=4, longest=0.002 s, average=0.001 s; distance=9017 kB, estimate=9582 kB; lsn=0/981EAF8, redo lsn=0/981EAA0
2026-10-03T23:37:09.9304975Z  2026-10-03 23:31:24.830 UTC [61] LOG:  checkpoint starting: immediate force wait
2026-10-03T23:37:09.9305923Z  2026-10-03 23:31:24.833 UTC [61] LOG:  checkpoint complete: wrote 4 buffers (0.0%); 0 WAL file(s) added, 0 removed, 1 recycled; write=0.001 s, sync=0.001 s, total=0.003 s; sync files=4, longest=0.001 s, average=0.001 s; distance=8250 kB, estimate=9449 kB; lsn=0/A02D640, redo lsn=0/A02D5E8
2026-10-03T23:37:09.9306887Z  2026-10-03 23:31:27.453 UTC [61] LOG:  checkpoint starting: immediate force wait
2026-10-03T23:37:09.9307840Z  2026-10-03 23:31:27.463 UTC [61] LOG:  checkpoint complete: wrote 5 buffers (0.0%); 0 WAL file(s) added, 0 removed, 0 recycled; write=0.001 s, sync=0.001 s, total=0.010 s; sync files=4, longest=0.001 s, average=0.001 s; distance=8251 kB, estimate=9329 kB; lsn=0/A83C540, redo lsn=0/A83C4E8
2026-10-03T23:37:09.9308786Z  2026-10-03 23:31:28.271 UTC [61] LOG:  checkpoint starting: immediate force wait
2026-10-03T23:37:09.9313464Z  2026-10-03 23:31:28.274 UTC [61] LOG:  checkpoint complete: wrote 4 buffers (0.0%); 0 WAL file(s) added, 0 removed, 1 recycled; write=0.001 s, sync=0.001 s, total=0.003 s; sync files=4, longest=0.001 s, average=0.001 s; distance=8251 kB, estimate=9221 kB; lsn=0/B04B318, redo lsn=0/B04B2C0
2026-10-03T23:37:09.9314458Z  2026-10-03 23:31:28.963 UTC [61] LOG:  checkpoint starting: immediate force wait
2026-10-03T23:37:09.9315442Z  2026-10-03 23:31:28.967 UTC [61] LOG:  checkpoint complete: wrote 4 buffers (0.0%); 0 WAL file(s) added, 0 removed, 0 recycled; write=0.001 s, sync=0.001 s, total=0.004 s; sync files=4, longest=0.001 s, average=0.001 s; distance=8251 kB, estimate=9124 kB; lsn=0/B85A048, redo lsn=0/B859FD8
2026-10-03T23:37:09.9316557Z  2026-10-03 23:31:29.656 UTC [61] LOG:  checkpoint starting: immediate force wait
2026-10-03T23:37:09.9317499Z  2026-10-03 23:31:29.658 UTC [61] LOG:  checkpoint complete: wrote 4 buffers (0.0%); 0 WAL file(s) added, 0 removed, 1 recycled; write=0.001 s, sync=0.001 s, total=0.003 s; sync files=4, longest=0.001 s, average=0.001 s; distance=8252 kB, estimate=9037 kB; lsn=0/C0692C8, redo lsn=0/C069270
2026-10-03T23:37:09.9318463Z  2026-10-03 23:31:30.370 UTC [61] LOG:  checkpoint starting: immediate force wait
2026-10-03T23:37:09.9319410Z  2026-10-03 23:31:30.372 UTC [61] LOG:  checkpoint complete: wrote 4 buffers (0.0%); 0 WAL file(s) added, 0 removed, 0 recycled; write=0.001 s, sync=0.001 s, total=0.003 s; sync files=4, longest=0.001 s, average=0.001 s; distance=8252 kB, estimate=8958 kB; lsn=0/C878340, redo lsn=0/C8782E8
2026-10-03T23:37:09.9320488Z  2026-10-03 23:31:31.491 UTC [61] LOG:  checkpoint starting: immediate force wait
2026-10-03T23:37:09.9321423Z  2026-10-03 23:31:31.494 UTC [61] LOG:  checkpoint complete: wrote 4 buffers (0.0%); 0 WAL file(s) added, 0 removed, 1 recycled; write=0.001 s, sync=0.001 s, total=0.003 s; sync files=4, longest=0.001 s, average=0.001 s; distance=8266 kB, estimate=8889 kB; lsn=0/D08AB90, redo lsn=0/D08AB38
2026-10-03T23:37:09.9322369Z  2026-10-03 23:31:32.201 UTC [61] LOG:  checkpoint starting: immediate force wait
2026-10-03T23:37:09.9323316Z  2026-10-03 23:31:32.204 UTC [61] LOG:  checkpoint complete: wrote 4 buffers (0.0%); 0 WAL file(s) added, 0 removed, 0 recycled; write=0.001 s, sync=0.001 s, total=0.003 s; sync files=4, longest=0.001 s, average=0.001 s; distance=8258 kB, estimate=8826 kB; lsn=0/D89B480, redo lsn=0/D89B428
2026-10-03T23:37:09.9324269Z  2026-10-03 23:31:32.893 UTC [61] LOG:  checkpoint starting: immediate force wait
2026-10-03T23:37:09.9325331Z  2026-10-03 23:31:32.895 UTC [61] LOG:  checkpoint complete: wrote 4 buffers (0.0%); 0 WAL file(s) added, 0 removed, 1 recycled; write=0.001 s, sync=0.001 s, total=0.003 s; sync files=4, longest=0.001 s, average=0.001 s; distance=8254 kB, estimate=8769 kB; lsn=0/E0AACE0, redo lsn=0/E0AAC88
2026-10-03T23:37:09.9326281Z  2026-10-03 23:31:33.579 UTC [61] LOG:  checkpoint starting: immediate force wait
2026-10-03T23:37:09.9327232Z  2026-10-03 23:31:33.581 UTC [61] LOG:  checkpoint complete: wrote 4 buffers (0.0%); 0 WAL file(s) added, 0 removed, 0 recycled; write=0.001 s, sync=0.001 s, total=0.003 s; sync files=4, longest=0.001 s, average=0.001 s; distance=8253 kB, estimate=8717 kB; lsn=0/E8BA4D8, redo lsn=0/E8BA480
2026-10-03T23:37:09.9328215Z  2026-10-03 23:31:34.539 UTC [329] ERROR:  invalid passing qualification
2026-10-03T23:37:09.9328704Z  2026-10-03 23:31:34.539 UTC [329] CONTEXT:  PL/pgSQL function learning_grant_complete() line 9 at RAISE
2026-10-03T23:37:09.9329229Z  2026-10-03 23:31:34.541 UTC [329] ERROR:  nonempty correction workflow cannot roll back
2026-10-03T23:37:09.9331473Z  2026-10-03 23:31:34.541 UTC [329] CONTEXT:  PL/pgSQL function inline_code_block line 3 at RAISE
2026-10-03T23:37:09.9331958Z  2026-10-03 23:31:34.541 UTC [329] STATEMENT:  DO $$DECLARE name text;n bigint;BEGIN
2026-10-03T23:37:09.9332925Z  	 FOREACH name IN ARRAY ARRAY['correction_cases','correction_plans','correction_events','correction_jobs','correction_results','correction_dependencies','correction_idempotency','correction_rate_limits','notifications','notification_reads'] LOOP
2026-10-03T23:37:09.9334084Z  	  EXECUTE format('SELECT count(*) FROM %I',name) INTO n;IF n>0 THEN RAISE EXCEPTION 'nonempty correction workflow cannot roll back'; END IF;
2026-10-03T23:37:09.9334625Z  	 END LOOP;
2026-10-03T23:37:09.9334813Z  	END $$;
2026-10-03T23:37:09.9335534Z  	DROP TABLE notification_reads,notifications,correction_idempotency,correction_rate_limits,correction_events,correction_dependencies,correction_results,correction_jobs,correction_plans,correction_cases;
2026-10-03T23:37:09.9338123Z  	DROP FUNCTION correction_event_guard(),correction_notice_guard(),correction_dependency_guard(),correction_result_complete(),correction_case_applies(uuid,text,uuid,uuid),correction_expected_dependencies(jsonb),correction_equivalent_json(jsonb,jsonb),correction_replacement_authorized(jsonb,integer),correction_result_guard(),correction_job_complete(),correction_job_guard(),correction_plan_complete(),correction_plan_proof(jsonb,uuid,jsonb),correction_instance_proof(jsonb,uuid,jsonb),correction_plan_guard(),correction_case_complete(),correction_case_guard(),correction_immutable();
2026-10-03T23:37:09.9340316Z  	DROP INDEX correction_original_asset,correction_assessment_scope,correction_practice_scope;
2026-10-03T23:37:09.9340817Z  	-- correction_enabled 与 correction_marker_guard/trigger 永久保留。
2026-10-03T23:37:09.9341231Z  The database cluster will be initialized with locale "en_US.utf8".
2026-10-03T23:37:09.9341665Z  The default database encoding has accordingly been set to "UTF8".
2026-10-03T23:37:09.9342062Z  The default text search configuration will be set to "english".
2026-10-03T23:37:09.9342368Z  
2026-10-03T23:37:09.9342573Z  Data page checksums are disabled.
2026-10-03T23:37:09.9342811Z  
2026-10-03T23:37:09.9343097Z  fixing permissions on existing directory /var/lib/postgresql/data ... ok
2026-10-03T23:37:09.9343467Z  creating subdirectories ... ok
2026-10-03T23:37:09.9343764Z  selecting dynamic shared memory implementation ... posix
2026-10-03T23:37:09.9344105Z  selecting default "max_connections" ... 100
2026-10-03T23:37:09.9344394Z  selecting default "shared_buffers" ... 128MB
2026-10-03T23:37:09.9344692Z  selecting default time zone ... Etc/UTC
2026-10-03T23:37:09.9344964Z  creating configuration files ... ok
2026-10-03T23:37:09.9345228Z  running bootstrap script ... ok
2026-10-03T23:37:09.9345518Z  performing post-bootstrap initialization ... ok
2026-10-03T23:37:09.9345814Z  syncing data to disk ... ok
2026-10-03T23:37:09.9346032Z  
2026-10-03T23:37:09.9346329Z  
2026-10-03T23:37:09.9346554Z  Success. You can now start the database server using:
2026-10-03T23:37:09.9346833Z  
2026-10-03T23:37:09.9347063Z      pg_ctl -D /var/lib/postgresql/data -l logfile start
2026-10-03T23:37:09.9347344Z  
2026-10-03T23:37:09.9347936Z  waiting for server to start....2026-10-03 23:30:45.867 UTC [47] LOG:  starting PostgreSQL 17.11 (Debian 17.11-1.pgdg13+2) on x86_64-pc-linux-gnu, compiled by gcc (Debian 14.2.0-19) 14.2.0, 64-bit
2026-10-03T23:37:09.9348754Z  2026-10-03 23:30:45.868 UTC [47] LOG:  listening on Unix socket "/var/run/postgresql/.s.PGSQL.5432"
2026-10-03T23:37:09.9349273Z  2026-10-03 23:30:45.870 UTC [50] LOG:  database system was shut down at 2026-10-03 23:30:45 UTC
2026-10-03T23:37:09.9350547Z  2026-10-03 23:30:45.873 UTC [47] LOG:  database system is ready to accept connections
2026-10-03T23:37:09.9350906Z   done
2026-10-03T23:37:09.9351090Z  server started
2026-10-03T23:37:09.9351289Z  CREATE DATABASE
2026-10-03T23:37:09.9351475Z  
2026-10-03T23:37:09.9351642Z  
2026-10-03T23:37:09.9351958Z  /usr/local/bin/docker-entrypoint.sh: ignoring /docker-entrypoint-initdb.d/*
2026-10-03T23:37:09.9352324Z  
2026-10-03T23:37:09.9352668Z  waiting for server to shut down...2026-10-03 23:30:46.057 UTC [47] LOG:  received fast shutdown request
2026-10-03T23:37:09.9353159Z  .2026-10-03 23:30:46.057 UTC [47] LOG:  aborting any active transactions
2026-10-03T23:37:09.9353706Z  2026-10-03 23:30:46.059 UTC [47] LOG:  background worker "logical replication launcher" (PID 53) exited with exit code 1
2026-10-03T23:37:09.9354216Z  2026-10-03 23:30:46.060 UTC [48] LOG:  shutting down
2026-10-03T23:37:09.9354583Z  2026-10-03 23:30:46.060 UTC [48] LOG:  checkpoint starting: shutdown immediate
2026-10-03T23:37:09.9355581Z  2026-10-03 23:30:46.233 UTC [48] LOG:  checkpoint complete: wrote 925 buffers (5.6%); 0 WAL file(s) added, 0 removed, 0 recycled; write=0.142 s, sync=0.031 s, total=0.173 s; sync files=301, longest=0.019 s, average=0.001 s; distance=4256 kB, estimate=4256 kB; lsn=0/19179B8, redo lsn=0/19179B8
2026-10-03T23:37:09.9356655Z  2026-10-03 23:30:46.239 UTC [47] LOG:  database system is shut down
2026-10-03T23:37:09.9356963Z   done
2026-10-03T23:37:09.9357136Z  server stopped
2026-10-03T23:37:09.9357333Z  
2026-10-03T23:37:09.9357559Z  PostgreSQL init process complete; ready for start up.
2026-10-03T23:37:09.9357841Z  
2026-10-03T23:37:09.9358183Z  2026-10-03 23:31:34.548 UTC [61] LOG:  checkpoint starting: immediate force wait
2026-10-03T23:37:09.9359150Z  2026-10-03 23:31:34.554 UTC [61] LOG:  checkpoint complete: wrote 4 buffers (0.0%); 0 WAL file(s) added, 0 removed, 1 recycled; write=0.002 s, sync=0.001 s, total=0.007 s; sync files=4, longest=0.001 s, average=0.001 s; distance=8437 kB, estimate=8689 kB; lsn=0/F0F79D0, redo lsn=0/F0F7978
2026-10-03T23:37:09.9360232Z  2026-10-03 23:31:35.469 UTC [61] LOG:  checkpoint starting: immediate force wait
2026-10-03T23:37:09.9361157Z  2026-10-03 23:31:35.471 UTC [61] LOG:  checkpoint complete: wrote 4 buffers (0.0%); 0 WAL file(s) added, 0 removed, 0 recycled; write=0.001 s, sync=0.001 s, total=0.003 s; sync files=4, longest=0.001 s, average=0.001 s; distance=8391 kB, estimate=8659 kB; lsn=0/F929770, redo lsn=0/F929718
2026-10-03T23:37:09.9362118Z  2026-10-03 23:31:36.676 UTC [61] LOG:  checkpoint starting: immediate force wait
2026-10-03T23:37:09.9363052Z  2026-10-03 23:31:36.678 UTC [61] LOG:  checkpoint complete: wrote 4 buffers (0.0%); 0 WAL file(s) added, 0 removed, 1 recycled; write=0.001 s, sync=0.001 s, total=0.003 s; sync files=4, longest=0.001 s, average=0.001 s; distance=8734 kB, estimate=8734 kB; lsn=0/101B11C8, redo lsn=0/101B1170
2026-10-03T23:37:09.9363970Z  2026-10-03 23:31:37.558 UTC [354] ERROR:  isolated exposure failure
2026-10-03T23:37:09.9364430Z  2026-10-03 23:31:37.558 UTC [354] CONTEXT:  PL/pgSQL function isolated_correction_exposure() line 1 at RAISE
2026-10-03T23:37:09.9365482Z  2026-10-03 23:31:37.558 UTC [354] STATEMENT:  INSERT INTO correction_events(id,subject_kind,subject_id,case_id,owner_user_id,kind,sequence,actor_user_id,body,body_bytes,body_digest) VALUES($1,'exposure',$1,$2,$3,'detail_exposed',1,$3,$4,$5,$6)
2026-10-03T23:37:09.9366338Z  2026-10-03 23:31:37.566 UTC [61] LOG:  checkpoint starting: immediate force wait
2026-10-03T23:37:09.9367243Z  2026-10-03 23:31:37.570 UTC [61] LOG:  checkpoint complete: wrote 4 buffers (0.0%); 0 WAL file(s) added, 0 removed, 0 recycled; write=0.001 s, sync=0.001 s, total=0.004 s; sync files=4, longest=0.001 s, average=0.001 s; distance=8392 kB, estimate=8700 kB; lsn=0/109E3478, redo lsn=0/109E3420
2026-10-03T23:37:09.9368143Z  2026-10-03 23:31:38.259 UTC [61] LOG:  checkpoint starting: immediate force wait
2026-10-03T23:37:09.9369030Z  2026-10-03 23:31:38.262 UTC [61] LOG:  checkpoint complete: wrote 4 buffers (0.0%); 0 WAL file(s) added, 0 removed, 1 recycled; write=0.001 s, sync=0.001 s, total=0.003 s; sync files=4, longest=0.001 s, average=0.001 s; distance=8253 kB, estimate=8655 kB; lsn=0/111F2BC0, redo lsn=0/111F2B68
2026-10-03T23:37:09.9370933Z  2026-10-03 23:31:39.166 UTC [61] LOG:  checkpoint starting: immediate force wait
2026-10-03T23:37:09.9371823Z  2026-10-03 23:31:39.168 UTC [61] LOG:  checkpoint complete: wrote 4 buffers (0.0%); 0 WAL file(s) added, 0 removed, 0 recycled; write=0.001 s, sync=0.001 s, total=0.003 s; sync files=4, longest=0.001 s, average=0.001 s; distance=8349 kB, estimate=8625 kB; lsn=0/11A1A320, redo lsn=0/11A1A2C8
2026-10-03T23:37:09.9372724Z  2026-10-03 23:31:39.898 UTC [61] LOG:  checkpoint starting: immediate force wait
2026-10-03T23:37:09.9373615Z  2026-10-03 23:31:39.901 UTC [61] LOG:  checkpoint complete: wrote 4 buffers (0.0%); 0 WAL file(s) added, 0 removed, 1 recycled; write=0.001 s, sync=0.001 s, total=0.004 s; sync files=4, longest=0.001 s, average=0.001 s; distance=8269 kB, estimate=8589 kB; lsn=0/1222D8F8, redo lsn=0/1222D8A0
2026-10-03T23:37:09.9374499Z  2026-10-03 23:31:40.763 UTC [61] LOG:  checkpoint starting: immediate force wait
2026-10-03T23:37:09.9375384Z  2026-10-03 23:31:40.766 UTC [61] LOG:  checkpoint complete: wrote 5 buffers (0.0%); 0 WAL file(s) added, 0 removed, 0 recycled; write=0.001 s, sync=0.001 s, total=0.004 s; sync files=4, longest=0.001 s, average=0.001 s; distance=8312 kB, estimate=8561 kB; lsn=0/12A4BB60, redo lsn=0/12A4BB08
2026-10-03T23:37:09.9376386Z  2026-10-03 23:31:41.486 UTC [61] LOG:  checkpoint starting: immediate force wait
2026-10-03T23:37:09.9377274Z  2026-10-03 23:31:41.489 UTC [61] LOG:  checkpoint complete: wrote 4 buffers (0.0%); 0 WAL file(s) added, 0 removed, 1 recycled; write=0.001 s, sync=0.001 s, total=0.003 s; sync files=4, longest=0.001 s, average=0.001 s; distance=8294 kB, estimate=8535 kB; lsn=0/13265478, redo lsn=0/13265420
2026-10-03T23:37:09.9378170Z  2026-10-03 23:31:42.346 UTC [61] LOG:  checkpoint starting: immediate force wait
2026-10-03T23:37:09.9379109Z  2026-10-03 23:31:42.350 UTC [61] LOG:  checkpoint complete: wrote 4 buffers (0.0%); 0 WAL file(s) added, 0 removed, 0 recycled; write=0.001 s, sync=0.001 s, total=0.004 s; sync files=4, longest=0.001 s, average=0.001 s; distance=8264 kB, estimate=8508 kB; lsn=0/13A77760, redo lsn=0/13A77708
2026-10-03T23:37:09.9380181Z  2026-10-03 23:31:43.070 UTC [391] ERROR:  isolated atomic rollback fixture
2026-10-03T23:37:09.9380648Z  2026-10-03 23:31:43.070 UTC [391] CONTEXT:  PL/pgSQL function isolated_job_failure() line 1 at RAISE
2026-10-03T23:37:09.9381514Z  2026-10-03 23:31:43.070 UTC [391] STATEMENT:  INSERT INTO correction_jobs(id,source_key,case_id,plan_id,plan_version,type,created_at,next_run_at) VALUES($1,$2,$3,$4,$5,$6,$7,$7) ON CONFLICT(source_key) DO NOTHING RETURNING id::text
2026-10-03T23:37:09.9382298Z  2026-10-03 23:31:43.073 UTC [61] LOG:  checkpoint starting: immediate force wait
2026-10-03T23:37:09.9383223Z  2026-10-03 23:31:43.076 UTC [61] LOG:  checkpoint complete: wrote 4 buffers (0.0%); 0 WAL file(s) added, 0 removed, 1 recycled; write=0.001 s, sync=0.001 s, total=0.004 s; sync files=4, longest=0.001 s, average=0.001 s; distance=8260 kB, estimate=8483 kB; lsn=0/14288920, redo lsn=0/142888C8
2026-10-03T23:37:09.9384225Z  2026-10-03 23:31:43.829 UTC [401] ERROR:  isolated terminal rollback fixture
2026-10-03T23:37:09.9384687Z  2026-10-03 23:31:43.829 UTC [401] CONTEXT:  PL/pgSQL function isolated_job_failure() line 1 at RAISE
2026-10-03T23:37:09.9385662Z  2026-10-03 23:31:43.829 UTC [401] STATEMENT:  WITH evidence AS (SELECT 'assessment'::text kind,id,owner_user_id owner,created_at,knowledge_id kid,knowledge_version kv,knowledge_sha256 kh,rule_version,state='submitted' terminal FROM assessment_attempts WHERE sealed
2026-10-03T23:37:09.9386511Z  	 UNION ALL SELECT 'practice',id,owner_user_id,created_at,knowledge_id,knowledge_version,knowledge_sha256,(seal#>>'{body,ruleVersion}')::integer,state='answered' FROM practice_attempts
2026-10-03T23:37:09.9387117Z  	 UNION ALL SELECT 'learning-event',id,owner_user_id,recorded_at,knowledge_id,knowledge_version,knowledge_sha256,NULL::integer,true FROM learning_events
2026-10-03T23:37:09.9388387Z  	 UNION ALL SELECT 'enrollment',id,owner_user_id,created_at,NULL::text,NULL::integer,NULL::text,NULL::integer,true FROM learning_path_enrollments), matched AS (SELECT c.id case_id,e.id,e.kind,e.owner FROM evidence e CROSS JOIN correction_cases c WHERE e.id=$1 AND e.kind=$2 AND e.owner=$3 AND e.terminal AND ((c.sealed AND c.kind='grading_rule' AND e.kind IN ('assessment','practice') AND e.rule_version=c.rule_version AND e.created_at<=c.cutoff AND (c.scope_kind='all' OR e.kid=c.knowledge_id AND e.kv=c.knowledge_version AND e.kh=c.knowledge_sha256)) OR (c.sealed AND c.kind='withdrawal' AND (
2026-10-03T23:37:09.9391806Z  	 EXISTS(SELECT 1 FROM learning_evidence_dependencies d WHERE d.evidence_kind=e.kind AND d.evidence_id=e.id AND d.owner_user_id=e.owner AND ((c.withdrawal_space='content' AND EXISTS(SELECT 1 FROM content_withdrawals w WHERE w.id=c.withdrawal_id AND w.kind=d.kind AND w.sha256=d.sha256 AND (d.kind='asset' OR w.target_id=d.id AND w.target_version=d.version))) OR (c.withdrawal_space='question' AND EXISTS(SELECT 1 FROM question_withdrawals w WHERE w.id=c.withdrawal_id AND w.kind=d.kind AND w.target_id=d.id AND w.target_version=d.version AND w.sha256=d.sha256))))
2026-10-03T23:37:09.9395132Z  	 OR EXISTS(SELECT 1 FROM correction_results r JOIN correction_dependencies d ON d.result_id=r.id AND d.role='effective' WHERE r.sealed AND r.owner_user_id=e.owner AND r.evidence_kind=e.kind AND r.evidence_id=e.id AND ((c.withdrawal_space='content' AND EXISTS(SELECT 1 FROM content_withdrawals w WHERE w.id=c.withdrawal_id AND w.kind=d.kind AND w.sha256=d.sha256 AND (d.kind='asset' OR w.target_id=d.id AND w.target_version=d.version))) OR (c.withdrawal_space='question' AND EXISTS(SELECT 1 FROM question_withdrawals w WHERE w.id=c.withdrawal_id AND w.kind=d.kind AND w.target_id=d.id AND w.target_version=d.version AND w.sha256=d.sha256))))
2026-10-03T23:37:09.9397284Z  	 OR (e.kind='enrollment' AND c.withdrawal_space='content' AND EXISTS(SELECT 1 FROM content_withdrawals w JOIN learning_path_enrollments p ON p.id=e.id AND p.owner_user_id=e.owner WHERE w.id=c.withdrawal_id AND ((w.kind='path' AND p.path_id=w.target_id AND p.path_version=w.target_version AND p.path_sha256=w.sha256) OR (w.kind='knowledge' AND EXISTS(SELECT 1 FROM learning_path_nodes n WHERE n.enrollment_id=p.id AND n.knowledge_id=w.target_id AND n.knowledge_version=w.target_version AND n.knowledge_sha256=w.sha256)))))
2026-10-03T23:37:09.9399031Z  	 )))), inserted AS (INSERT INTO correction_jobs(id,source_key,case_id,type,evidence_kind,evidence_id,owner_user_id,created_at,next_run_at) SELECT gen_random_uuid(),'terminal:'||case_id::text||':'||kind||':'||id::text,case_id,'attempt_terminal',kind,id,owner,$4,$4 FROM matched ON CONFLICT(source_key) DO NOTHING RETURNING id,case_id) INSERT INTO correction_events(id,subject_kind,subject_id,case_id,kind,sequence,body,body_bytes,body_digest) SELECT gen_random_uuid(),'job',id,case_id,'job_created',1,$5::jsonb,$6,$7 FROM inserted
2026-10-03T23:37:09.9400234Z  2026-10-03 23:31:43.873 UTC [61] LOG:  checkpoint starting: immediate force wait
2026-10-03T23:37:09.9400907Z  2026-10-03 23:31:43.877 UTC [61] LOG:  checkpoint complete: wrote 4 buffers (0.0%); 0 WAL file(s) added, 0 removed, 0 recycled; write=0.001 s, sync=0.001 s, total=0.004 s; sync files=4, longest=0.001 s, average=0.001 s; distance=8319 kB, estimate=8466 kB; lsn=0/14AA88E8, redo lsn=0/14AA8890
2026-10-03T23:37:09.9401486Z  2026-10-03 23:31:44.623 UTC [61] LOG:  checkpoint starting: immediate force wait
2026-10-03T23:37:09.9402051Z  2026-10-03 23:31:44.626 UTC [61] LOG:  checkpoint complete: wrote 4 buffers (0.0%); 0 WAL file(s) added, 0 removed, 1 recycled; write=0.001 s, sync=0.001 s, total=0.003 s; sync files=4, longest=0.001 s, average=0.001 s; distance=8267 kB, estimate=8447 kB; lsn=0/152BB630, redo lsn=0/152BB5D8
2026-10-03T23:37:09.9402614Z  2026-10-03 23:31:45.400 UTC [61] LOG:  checkpoint starting: immediate force wait
2026-10-03T23:37:09.9403179Z  2026-10-03 23:31:45.402 UTC [61] LOG:  checkpoint complete: wrote 4 buffers (0.0%); 0 WAL file(s) added, 0 removed, 0 recycled; write=0.001 s, sync=0.001 s, total=0.003 s; sync files=4, longest=0.001 s, average=0.001 s; distance=8292 kB, estimate=8431 kB; lsn=0/15AD4920, redo lsn=0/15AD48C8
2026-10-03T23:37:09.9403742Z  2026-10-03 23:31:46.117 UTC [61] LOG:  checkpoint starting: immediate force wait
2026-10-03T23:37:09.9404307Z  2026-10-03 23:31:46.119 UTC [61] LOG:  checkpoint complete: wrote 4 buffers (0.0%); 0 WAL file(s) added, 0 removed, 1 recycled; write=0.001 s, sync=0.001 s, total=0.003 s; sync files=4, longest=0.001 s, average=0.001 s; distance=8266 kB, estimate=8415 kB; lsn=0/162E7370, redo lsn=0/162E7318
2026-10-03T23:37:09.9404874Z  2026-10-03 23:31:46.858 UTC [61] LOG:  checkpoint starting: immediate force wait
2026-10-03T23:37:09.9405445Z  2026-10-03 23:31:46.861 UTC [61] LOG:  checkpoint complete: wrote 45 buffers (0.3%); 0 WAL file(s) added, 0 removed, 0 recycled; write=0.001 s, sync=0.001 s, total=0.003 s; sync files=13, longest=0.001 s, average=0.001 s; distance=8524 kB, estimate=8524 kB; lsn=0/16B3A6E0, redo lsn=0/16B3A688
2026-10-03T23:37:09.9406016Z  2026-10-03 23:31:47.710 UTC [61] LOG:  checkpoint starting: immediate force wait
2026-10-03T23:37:09.9406661Z  2026-10-03 23:31:47.713 UTC [61] LOG:  checkpoint complete: wrote 4 buffers (0.0%); 0 WAL file(s) added, 0 removed, 1 recycled; write=0.001 s, sync=0.001 s, total=0.003 s; sync files=4, longest=0.001 s, average=0.001 s; distance=8401 kB, estimate=8512 kB; lsn=0/1736EC98, redo lsn=0/1736EC40
2026-10-03T23:37:09.9407224Z  2026-10-03 23:31:47.941 UTC [436] ERROR:  permanent correction enablement
2026-10-03T23:37:09.9407517Z  2026-10-03 23:31:47.941 UTC [436] CONTEXT:  PL/pgSQL function correction_marker_guard() line 3 at RAISE
2026-10-03T23:37:09.9407879Z  2026-10-03 23:31:47.941 UTC [436] STATEMENT:  UPDATE goose_db_version SET correction_enabled=false WHERE version_id=0
2026-10-03T23:37:09.9408200Z  2026-10-03 23:31:47.941 UTC [436] ERROR:  permanent correction enablement
2026-10-03T23:37:09.9408486Z  2026-10-03 23:31:47.941 UTC [436] CONTEXT:  PL/pgSQL function correction_marker_guard() line 3 at RAISE
2026-10-03T23:37:09.9408806Z  2026-10-03 23:31:47.941 UTC [436] STATEMENT:  DELETE FROM goose_db_version WHERE version_id=0
2026-10-03T23:37:09.9409083Z  2026-10-03 23:31:47.942 UTC [436] ERROR:  permanent correction enablement
2026-10-03T23:37:09.9409365Z  2026-10-03 23:31:47.942 UTC [436] CONTEXT:  PL/pgSQL function correction_marker_guard() line 3 at RAISE
2026-10-03T23:37:09.9410088Z  2026-10-03 23:31:47.942 UTC [436] STATEMENT:  UPDATE goose_db_version SET version_id=99 WHERE version_id=0
2026-10-03T23:37:09.9410575Z  2026-10-03 23:31:47.968 UTC [61] LOG:  checkpoint starting: immediate force wait
2026-10-03T23:37:09.9411477Z  2026-10-03 23:31:47.971 UTC [61] LOG:  checkpoint complete: wrote 4 buffers (0.0%); 0 WAL file(s) added, 0 removed, 0 recycled; write=0.001 s, sync=0.001 s, total=0.003 s; sync files=4, longest=0.001 s, average=0.001 s; distance=8648 kB, estimate=8648 kB; lsn=0/17BE0FC8, redo lsn=0/17BE0F70
2026-10-03T23:37:09.9412407Z  2026-10-03 23:31:48.671 UTC [438] ERROR:  nonempty correction workflow cannot roll back
2026-10-03T23:37:09.9412974Z  2026-10-03 23:31:48.671 UTC [438] CONTEXT:  PL/pgSQL function inline_code_block line 3 at RAISE
2026-10-03T23:37:09.9413298Z  2026-10-03 23:31:48.671 UTC [438] STATEMENT:  DO $$DECLARE name text;n bigint;BEGIN
2026-10-03T23:37:09.9413864Z  	 FOREACH name IN ARRAY ARRAY['correction_cases','correction_plans','correction_events','correction_jobs','correction_results','correction_dependencies','correction_idempotency','correction_rate_limits','notifications','notification_reads'] LOOP
2026-10-03T23:37:09.9414535Z  	  EXECUTE format('SELECT count(*) FROM %I',name) INTO n;IF n>0 THEN RAISE EXCEPTION 'nonempty correction workflow cannot roll back'; END IF;
2026-10-03T23:37:09.9414851Z  	 END LOOP;
2026-10-03T23:37:09.9414972Z  	END $$;
2026-10-03T23:37:09.9415397Z  	DROP TABLE notification_reads,notifications,correction_idempotency,correction_rate_limits,correction_events,correction_dependencies,correction_results,correction_jobs,correction_plans,correction_cases;
2026-10-03T23:37:09.9416802Z  	DROP FUNCTION correction_event_guard(),correction_notice_guard(),correction_dependency_guard(),correction_result_complete(),correction_case_applies(uuid,text,uuid,uuid),correction_expected_dependencies(jsonb),correction_equivalent_json(jsonb,jsonb),correction_replacement_authorized(jsonb,integer),correction_result_guard(),correction_job_complete(),correction_job_guard(),correction_plan_complete(),correction_plan_proof(jsonb,uuid,jsonb),correction_instance_proof(jsonb,uuid,jsonb),correction_plan_guard(),correction_case_complete(),correction_case_guard(),correction_immutable();
2026-10-03T23:37:09.9418014Z  	DROP INDEX correction_original_asset,correction_assessment_scope,correction_practice_scope;
2026-10-03T23:37:09.9418321Z  	-- correction_enabled 与 correction_marker_guard/trigger 永久保留。
2026-10-03T23:37:09.9418594Z  2026-10-03 23:31:48.674 UTC [445] FATAL:  terminating connection due to administrator command
2026-10-03T23:37:09.9418886Z  2026-10-03 23:31:48.775 UTC [61] LOG:  checkpoint starting: immediate force wait
2026-10-03T23:37:09.9419543Z  2026-10-03 23:31:48.778 UTC [61] LOG:  checkpoint complete: wrote 4 buffers (0.0%); 0 WAL file(s) added, 0 removed, 1 recycled; write=0.001 s, sync=0.001 s, total=0.003 s; sync files=4, longest=0.001 s, average=0.001 s; distance=8312 kB, estimate=8615 kB; lsn=0/183FF288, redo lsn=0/183FF230
2026-10-03T23:37:09.9420301Z  2026-10-03 23:31:49.464 UTC [449] ERROR:  nonempty correction workflow cannot roll back
2026-10-03T23:37:09.9420601Z  2026-10-03 23:31:49.464 UTC [449] CONTEXT:  PL/pgSQL function inline_code_block line 3 at RAISE
2026-10-03T23:37:09.9420890Z  2026-10-03 23:31:49.464 UTC [449] STATEMENT:  DO $$DECLARE name text;n bigint;BEGIN
2026-10-03T23:37:09.9421454Z  	 FOREACH name IN ARRAY ARRAY['correction_cases','correction_plans','correction_events','correction_jobs','correction_results','correction_dependencies','correction_idempotency','correction_rate_limits','notifications','notification_reads'] LOOP
2026-10-03T23:37:09.9422123Z  	  EXECUTE format('SELECT count(*) FROM %I',name) INTO n;IF n>0 THEN RAISE EXCEPTION 'nonempty correction workflow cannot roll back'; END IF;
2026-10-03T23:37:09.9422439Z  	 END LOOP;
2026-10-03T23:37:09.9422557Z  	END $$;
2026-10-03T23:37:09.9422978Z  	DROP TABLE notification_reads,notifications,correction_idempotency,correction_rate_limits,correction_events,correction_dependencies,correction_results,correction_jobs,correction_plans,correction_cases;
2026-10-03T23:37:09.9424593Z  	DROP FUNCTION correction_event_guard(),correction_notice_guard(),correction_dependency_guard(),correction_result_complete(),correction_case_applies(uuid,text,uuid,uuid),correction_expected_dependencies(jsonb),correction_equivalent_json(jsonb,jsonb),correction_replacement_authorized(jsonb,integer),correction_result_guard(),correction_job_complete(),correction_job_guard(),correction_plan_complete(),correction_plan_proof(jsonb,uuid,jsonb),correction_instance_proof(jsonb,uuid,jsonb),correction_plan_guard(),correction_case_complete(),correction_case_guard(),correction_immutable();
2026-10-03T23:37:09.9425837Z  	DROP INDEX correction_original_asset,correction_assessment_scope,correction_practice_scope;
2026-10-03T23:37:09.9426132Z  	-- correction_enabled 与 correction_marker_guard/trigger 永久保留。
2026-10-03T23:37:09.9426418Z  2026-10-03 23:31:49.468 UTC [61] LOG:  checkpoint starting: immediate force wait
2026-10-03T23:37:09.9427054Z  2026-10-03 23:31:49.471 UTC [61] LOG:  checkpoint complete: wrote 4 buffers (0.0%); 0 WAL file(s) added, 0 removed, 0 recycled; write=0.001 s, sync=0.001 s, total=0.003 s; sync files=4, longest=0.001 s, average=0.001 s; distance=8311 kB, estimate=8584 kB; lsn=0/18C1D150, redo lsn=0/18C1D0F8
2026-10-03T23:37:09.9427674Z  2026-10-03 23:31:50.236 UTC [61] LOG:  checkpoint starting: immediate force wait
2026-10-03T23:37:09.9428247Z  2026-10-03 23:31:50.238 UTC [61] LOG:  checkpoint complete: wrote 4 buffers (0.0%); 0 WAL file(s) added, 0 removed, 1 recycled; write=0.001 s, sync=0.001 s, total=0.003 s; sync files=4, longest=0.001 s, average=0.001 s; distance=8332 kB, estimate=8559 kB; lsn=0/19440380, redo lsn=0/19440328
2026-10-03T23:37:09.9428816Z  2026-10-03 23:31:51.168 UTC [61] LOG:  checkpoint starting: immediate force wait
2026-10-03T23:37:09.9429381Z  2026-10-03 23:31:51.171 UTC [61] LOG:  checkpoint complete: wrote 4 buffers (0.0%); 0 WAL file(s) added, 0 removed, 0 recycled; write=0.001 s, sync=0.001 s, total=0.003 s; sync files=4, longest=0.001 s, average=0.001 s; distance=8404 kB, estimate=8544 kB; lsn=0/19C754E8, redo lsn=0/19C75490
2026-10-03T23:37:09.9430404Z  2026-10-03 23:31:52.037 UTC [61] LOG:  checkpoint starting: immediate force wait
2026-10-03T23:37:09.9430976Z  2026-10-03 23:31:52.039 UTC [61] LOG:  checkpoint complete: wrote 4 buffers (0.0%); 0 WAL file(s) added, 0 removed, 1 recycled; write=0.001 s, sync=0.001 s, total=0.003 s; sync files=4, longest=0.001 s, average=0.001 s; distance=8331 kB, estimate=8522 kB; lsn=0/1A4981F0, redo lsn=0/1A498198
2026-10-03T23:37:09.9431546Z  2026-10-03 23:31:52.804 UTC [61] LOG:  checkpoint starting: immediate force wait
2026-10-03T23:37:09.9432201Z  2026-10-03 23:31:52.808 UTC [61] LOG:  checkpoint complete: wrote 4 buffers (0.0%); 0 WAL file(s) added, 0 removed, 0 recycled; write=0.002 s, sync=0.001 s, total=0.005 s; sync files=4, longest=0.001 s, average=0.001 s; distance=8331 kB, estimate=8503 kB; lsn=0/1ACBB040, redo lsn=0/1ACBAFE8
2026-10-03T23:37:09.9432764Z  2026-10-03 23:31:53.670 UTC [480] ERROR:  isolated atomic process fault
2026-10-03T23:37:09.9433057Z  2026-10-03 23:31:53.670 UTC [480] CONTEXT:  PL/pgSQL function isolated_process_failure() line 1 at RAISE
2026-10-03T23:37:09.9434031Z  2026-10-03 23:31:53.670 UTC [480] STATEMENT:  INSERT INTO correction_results(id,owner_user_id,case_id,plan_id,plan_version,parent_result_id,evidence_kind,evidence_id,knowledge_id,knowledge_version,knowledge_sha256,status,reason,score,passed,correctness,handled_case_ids,basis,basis_bytes,basis_digest,source_key) VALUES($1,$2,$3,$4,$5,$6,$7,$8,$9,$10,$11,$12,$13,$14,$15,$16,$17,$18,$19,$20,$21) ON CONFLICT(source_key,evidence_kind,evidence_id,basis_digest) DO NOTHING RETURNING id::text
2026-10-03T23:37:09.9434959Z  2026-10-03 23:31:53.717 UTC [61] LOG:  checkpoint starting: immediate force wait
2026-10-03T23:37:09.9435530Z  2026-10-03 23:31:53.720 UTC [61] LOG:  checkpoint complete: wrote 4 buffers (0.0%); 0 WAL file(s) added, 0 removed, 1 recycled; write=0.001 s, sync=0.001 s, total=0.004 s; sync files=4, longest=0.001 s, average=0.001 s; distance=8413 kB, estimate=8494 kB; lsn=0/1B4F2510, redo lsn=0/1B4F24B8
2026-10-03T23:37:09.9436097Z  2026-10-03 23:31:54.563 UTC [483] ERROR:  isolated atomic process fault
2026-10-03T23:37:09.9436388Z  2026-10-03 23:31:54.563 UTC [483] CONTEXT:  PL/pgSQL function isolated_process_failure() line 1 at RAISE
2026-10-03T23:37:09.9436681Z  2026-10-03 23:31:54.563 UTC [483] STATEMENT:  WITH dependencies AS (
2026-10-03T23:37:09.9437426Z  	 INSERT INTO correction_dependencies(result_id,role,kind,id,version,sha256,positions) SELECT $1,d.role,d.kind,d.id,d.version,d.sha256,d.positions FROM jsonb_to_recordset($2::jsonb) AS d(role text,kind text,id text,version integer,sha256 text,positions integer[]) RETURNING result_id
2026-10-03T23:37:09.9438005Z  	 ),audit AS (
2026-10-03T23:37:09.9438304Z  	 INSERT INTO correction_events(id,subject_kind,subject_id,subject_version,case_id,kind,sequence,actor_user_id,body,body_bytes,body_digest)
2026-10-03T23:37:09.9438768Z  	 SELECT $3,'result',$1,NULL,$4,'result_sealed',1,NULL,$5,$6,$7 FROM (SELECT count(*) FROM dependencies) ready RETURNING subject_id
2026-10-03T23:37:09.9439212Z  	 ) UPDATE correction_results SET sealed=true FROM audit WHERE correction_results.id=$1 AND audit.subject_id=correction_results.id
2026-10-03T23:37:09.9439701Z  2026-10-03 23:31:54.612 UTC [61] LOG:  checkpoint starting: immediate force wait
2026-10-03T23:37:09.9440288Z  2026-10-03 23:31:54.615 UTC [61] LOG:  checkpoint complete: wrote 5 buffers (0.0%); 0 WAL file(s) added, 0 removed, 0 recycled; write=0.001 s, sync=0.001 s, total=0.003 s; sync files=4, longest=0.001 s, average=0.001 s; distance=8425 kB, estimate=8487 kB; lsn=0/1BD2CC68, redo lsn=0/1BD2CC10
2026-10-03T23:37:09.9440846Z  2026-10-03 23:31:55.466 UTC [486] ERROR:  isolated atomic process fault
2026-10-03T23:37:09.9441135Z  2026-10-03 23:31:55.466 UTC [486] CONTEXT:  PL/pgSQL function isolated_process_failure() line 1 at RAISE
2026-10-03T23:37:09.9441419Z  2026-10-03 23:31:55.466 UTC [486] STATEMENT:  WITH dependencies AS (
2026-10-03T23:37:09.9442041Z  	 INSERT INTO correction_dependencies(result_id,role,kind,id,version,sha256,positions) SELECT $1,d.role,d.kind,d.id,d.version,d.sha256,d.positions FROM jsonb_to_recordset($2::jsonb) AS d(role text,kind text,id text,version integer,sha256 text,positions integer[]) RETURNING result_id
2026-10-03T23:37:09.9442613Z  	 ),audit AS (
2026-10-03T23:37:09.9442904Z  	 INSERT INTO correction_events(id,subject_kind,subject_id,subject_version,case_id,kind,sequence,actor_user_id,body,body_bytes,body_digest)
2026-10-03T23:37:09.9443370Z  	 SELECT $3,'result',$1,NULL,$4,'result_sealed',1,NULL,$5,$6,$7 FROM (SELECT count(*) FROM dependencies) ready RETURNING subject_id
2026-10-03T23:37:09.9443899Z  	 ) UPDATE correction_results SET sealed=true FROM audit WHERE correction_results.id=$1 AND audit.subject_id=correction_results.id
2026-10-03T23:37:09.9444285Z  2026-10-03 23:31:55.510 UTC [486] FATAL:  terminating connection due to administrator command
2026-10-03T23:37:09.9444573Z  2026-10-03 23:31:55.610 UTC [61] LOG:  checkpoint starting: immediate force wait
2026-10-03T23:37:09.9445143Z  2026-10-03 23:31:55.612 UTC [61] LOG:  checkpoint complete: wrote 4 buffers (0.0%); 0 WAL file(s) added, 0 removed, 1 recycled; write=0.001 s, sync=0.001 s, total=0.003 s; sync files=4, longest=0.001 s, average=0.001 s; distance=8433 kB, estimate=8482 kB; lsn=0/1C569300, redo lsn=0/1C5692A8
2026-10-03T23:37:09.9445706Z  2026-10-03 23:31:56.453 UTC [497] ERROR:  isolated atomic process fault
2026-10-03T23:37:09.9445994Z  2026-10-03 23:31:56.453 UTC [497] CONTEXT:  PL/pgSQL function isolated_process_failure() line 1 at RAISE
2026-10-03T23:37:09.9446996Z  2026-10-03 23:31:56.453 UTC [497] STATEMENT:  INSERT INTO correction_events(id,subject_kind,subject_id,case_id,result_id,owner_user_id,kind,sequence,body,body_bytes,body_digest,recorded_at) SELECT gen_random_uuid(),'result',r.id,r.case_id,r.id,$2,'qualification_granted',(SELECT coalesce(max(sequence),0)+1 FROM correction_events WHERE subject_kind='result' AND subject_id=r.id),$3::jsonb,$4,$5,$6 FROM correction_results r WHERE r.id=$1 AND r.owner_user_id=$2 AND r.sealed ON CONFLICT DO NOTHING
2026-10-03T23:37:09.9447941Z  2026-10-03 23:31:56.595 UTC [61] LOG:  checkpoint starting: immediate force wait
2026-10-03T23:37:09.9448515Z  2026-10-03 23:31:56.597 UTC [61] LOG:  checkpoint complete: wrote 4 buffers (0.0%); 0 WAL file(s) added, 0 removed, 0 recycled; write=0.001 s, sync=0.001 s, total=0.003 s; sync files=4, longest=0.001 s, average=0.001 s; distance=8451 kB, estimate=8479 kB; lsn=0/1CDAA1F8, redo lsn=0/1CDAA1A0
2026-10-03T23:37:09.9449160Z  2026-10-03 23:31:57.464 UTC [500] ERROR:  isolated atomic process fault
2026-10-03T23:37:09.9449452Z  2026-10-03 23:31:57.464 UTC [500] CONTEXT:  PL/pgSQL function isolated_process_failure() line 1 at RAISE
2026-10-03T23:37:09.9450096Z  2026-10-03 23:31:57.464 UTC [500] STATEMENT:  INSERT INTO notifications(owner_user_id,dedup_key,type,evidence_kind,evidence_id,case_id,result_id) VALUES($1,$2,$3,$4,$5,$6,$7) ON CONFLICT(dedup_key) DO NOTHING
2026-10-03T23:37:09.9450591Z  2026-10-03 23:31:57.507 UTC [509] FATAL:  terminating connection due to administrator command
2026-10-03T23:37:09.9450873Z  2026-10-03 23:31:57.607 UTC [61] LOG:  checkpoint starting: immediate force wait
2026-10-03T23:37:09.9451439Z  2026-10-03 23:31:57.609 UTC [61] LOG:  checkpoint complete: wrote 4 buffers (0.0%); 0 WAL file(s) added, 0 removed, 1 recycled; write=0.001 s, sync=0.001 s, total=0.003 s; sync files=4, longest=0.001 s, average=0.001 s; distance=8452 kB, estimate=8476 kB; lsn=0/1D5EB5B8, redo lsn=0/1D5EB560
2026-10-03T23:37:09.9452001Z  2026-10-03 23:31:58.939 UTC [511] ERROR:  isolated atomic process fault
2026-10-03T23:37:09.9452287Z  2026-10-03 23:31:58.939 UTC [511] CONTEXT:  PL/pgSQL function isolated_process_failure() line 1 at RAISE
2026-10-03T23:37:09.9452569Z  2026-10-03 23:31:58.939 UTC [511] STATEMENT:  WITH advanced AS (
2026-10-03T23:37:09.9452907Z  	 UPDATE correction_jobs SET cursor_kind=$2,cursor_id=$3,processed_count=processed_count+1,sequence=$4 WHERE id=$1 RETURNING id
2026-10-03T23:37:09.9453383Z  	 ) INSERT INTO correction_events(id,subject_kind,subject_id,subject_version,case_id,kind,sequence,actor_user_id,body,body_bytes,body_digest)
2026-10-03T23:37:09.9453779Z  	 SELECT $5,'job',advanced.id,NULL,$6,'job_continued',$4,NULL,$7,$8,$9 FROM advanced
2026-10-03T23:37:09.9454054Z  2026-10-03 23:31:59.102 UTC [61] LOG:  checkpoint starting: immediate force wait
2026-10-03T23:37:09.9454622Z  2026-10-03 23:31:59.104 UTC [61] LOG:  checkpoint complete: wrote 4 buffers (0.0%); 0 WAL file(s) added, 0 removed, 0 recycled; write=0.001 s, sync=0.001 s, total=0.003 s; sync files=4, longest=0.001 s, average=0.001 s; distance=8455 kB, estimate=8474 kB; lsn=0/1DE2D2F0, redo lsn=0/1DE2D298
2026-10-03T23:37:09.9455280Z  2026-10-03 23:31:59.944 UTC [61] LOG:  checkpoint starting: immediate force wait
2026-10-03T23:37:09.9455840Z  2026-10-03 23:31:59.948 UTC [61] LOG:  checkpoint complete: wrote 4 buffers (0.0%); 0 WAL file(s) added, 0 removed, 1 recycled; write=0.001 s, sync=0.001 s, total=0.004 s; sync files=4, longest=0.001 s, average=0.001 s; distance=8367 kB, estimate=8463 kB; lsn=0/1E6590A8, redo lsn=0/1E659050
2026-10-03T23:37:09.9456413Z  2026-10-03 23:32:00.899 UTC [525] ERROR:  isolated second evidence interruption
2026-10-03T23:37:09.9456713Z  2026-10-03 23:32:00.899 UTC [525] CONTEXT:  PL/pgSQL function isolated_process_failure() line 1 at RAISE
2026-10-03T23:37:09.9457676Z  2026-10-03 23:32:00.899 UTC [525] STATEMENT:  INSERT INTO correction_results(id,owner_user_id,case_id,plan_id,plan_version,parent_result_id,evidence_kind,evidence_id,knowledge_id,knowledge_version,knowledge_sha256,status,reason,score,passed,correctness,handled_case_ids,basis,basis_bytes,basis_digest,source_key) VALUES($1,$2,$3,$4,$5,$6,$7,$8,$9,$10,$11,$12,$13,$14,$15,$16,$17,$18,$19,$20,$21) ON CONFLICT(source_key,evidence_kind,evidence_id,basis_digest) DO NOTHING RETURNING id::text
2026-10-03T23:37:09.9458598Z  2026-10-03 23:32:01.578 UTC [61] LOG:  checkpoint starting: immediate force wait
2026-10-03T23:37:09.9459172Z  2026-10-03 23:32:01.580 UTC [61] LOG:  checkpoint complete: wrote 14 buffers (0.1%); 0 WAL file(s) added, 0 removed, 0 recycled; write=0.001 s, sync=0.001 s, total=0.003 s; sync files=10, longest=0.001 s, average=0.001 s; distance=8617 kB, estimate=8617 kB; lsn=0/1EEC36D8, redo lsn=0/1EEC3680
2026-10-03T23:37:09.9459863Z  2026-10-03 23:32:02.536 UTC [61] LOG:  checkpoint starting: immediate force wait
2026-10-03T23:37:09.9460509Z  2026-10-03 23:32:02.539 UTC [61] LOG:  checkpoint complete: wrote 4 buffers (0.0%); 0 WAL file(s) added, 0 removed, 1 recycled; write=0.001 s, sync=0.001 s, total=0.003 s; sync files=4, longest=0.001 s, average=0.001 s; distance=8418 kB, estimate=8597 kB; lsn=0/1F6FC260, redo lsn=0/1F6FC208
2026-10-03T23:37:09.9461081Z  2026-10-03 23:32:03.611 UTC [61] LOG:  checkpoint starting: immediate force wait
2026-10-03T23:37:09.9461644Z  2026-10-03 23:32:03.613 UTC [61] LOG:  checkpoint complete: wrote 4 buffers (0.0%); 0 WAL file(s) added, 0 removed, 0 recycled; write=0.001 s, sync=0.001 s, total=0.003 s; sync files=4, longest=0.001 s, average=0.001 s; distance=8462 kB, estimate=8584 kB; lsn=0/1FF3FD98, redo lsn=0/1FF3FD40
2026-10-03T23:37:09.9462206Z  2026-10-03 23:32:04.514 UTC [61] LOG:  checkpoint starting: immediate force wait
2026-10-03T23:37:09.9462772Z  2026-10-03 23:32:04.517 UTC [61] LOG:  checkpoint complete: wrote 4 buffers (0.0%); 0 WAL file(s) added, 0 removed, 1 recycled; write=0.001 s, sync=0.001 s, total=0.004 s; sync files=4, longest=0.001 s, average=0.001 s; distance=8447 kB, estimate=8570 kB; lsn=0/2077FA40, redo lsn=0/2077F9E8
2026-10-03T23:37:09.9463339Z  2026-10-03 23:32:05.495 UTC [61] LOG:  checkpoint starting: immediate force wait
2026-10-03T23:37:09.9463898Z  2026-10-03 23:32:05.497 UTC [61] LOG:  checkpoint complete: wrote 4 buffers (0.0%); 0 WAL file(s) added, 0 removed, 0 recycled; write=0.001 s, sync=0.001 s, total=0.003 s; sync files=4, longest=0.001 s, average=0.001 s; distance=8401 kB, estimate=8553 kB; lsn=0/20FB4110, redo lsn=0/20FB40B8
2026-10-03T23:37:09.9464462Z  2026-10-03 23:32:06.364 UTC [61] LOG:  checkpoint starting: immediate force wait
2026-10-03T23:37:09.9465023Z  2026-10-03 23:32:06.366 UTC [61] LOG:  checkpoint complete: wrote 4 buffers (0.0%); 0 WAL file(s) added, 0 removed, 1 recycled; write=0.001 s, sync=0.001 s, total=0.003 s; sync files=4, longest=0.001 s, average=0.001 s; distance=8403 kB, estimate=8538 kB; lsn=0/217E8E70, redo lsn=0/217E8E18
2026-10-03T23:37:09.9465590Z  2026-10-03 23:32:07.568 UTC [61] LOG:  checkpoint starting: immediate force wait
2026-10-03T23:37:09.9466150Z  2026-10-03 23:32:07.571 UTC [61] LOG:  checkpoint complete: wrote 4 buffers (0.0%); 0 WAL file(s) added, 0 removed, 1 recycled; write=0.001 s, sync=0.001 s, total=0.003 s; sync files=4, longest=0.001 s, average=0.001 s; distance=8765 kB, estimate=8765 kB; lsn=0/22078500, redo lsn=0/220784A8
2026-10-03T23:37:09.9466793Z  2026-10-03 23:32:08.903 UTC [61] LOG:  checkpoint starting: immediate force wait
2026-10-03T23:37:09.9467355Z  2026-10-03 23:32:08.905 UTC [61] LOG:  checkpoint complete: wrote 4 buffers (0.0%); 0 WAL file(s) added, 0 removed, 0 recycled; write=0.001 s, sync=0.001 s, total=0.003 s; sync files=4, longest=0.001 s, average=0.001 s; distance=8767 kB, estimate=8767 kB; lsn=0/22908370, redo lsn=0/22908318
2026-10-03T23:37:09.9467917Z  2026-10-03 23:32:10.553 UTC [61] LOG:  checkpoint starting: immediate force wait
2026-10-03T23:37:09.9468478Z  2026-10-03 23:32:10.555 UTC [61] LOG:  checkpoint complete: wrote 4 buffers (0.0%); 0 WAL file(s) added, 0 removed, 1 recycled; write=0.001 s, sync=0.001 s, total=0.003 s; sync files=4, longest=0.001 s, average=0.001 s; distance=9166 kB, estimate=9166 kB; lsn=0/231FBE58, redo lsn=0/231FBE00
2026-10-03T23:37:09.9469043Z  2026-10-03 23:32:11.420 UTC [61] LOG:  checkpoint starting: immediate force wait
2026-10-03T23:37:09.9469749Z  2026-10-03 23:32:11.424 UTC [61] LOG:  checkpoint complete: wrote 5 buffers (0.0%); 0 WAL file(s) added, 0 removed, 0 recycled; write=0.001 s, sync=0.001 s, total=0.004 s; sync files=4, longest=0.001 s, average=0.001 s; distance=8363 kB, estimate=9086 kB; lsn=0/23A26C08, redo lsn=0/23A26BB0
2026-10-03T23:37:09.9470325Z  2026-10-03 23:32:12.260 UTC [61] LOG:  checkpoint starting: immediate force wait
2026-10-03T23:37:09.9470883Z  2026-10-03 23:32:12.263 UTC [61] LOG:  checkpoint complete: wrote 4 buffers (0.0%); 0 WAL file(s) added, 0 removed, 1 recycled; write=0.001 s, sync=0.001 s, total=0.003 s; sync files=4, longest=0.001 s, average=0.001 s; distance=8388 kB, estimate=9016 kB; lsn=0/24257F18, redo lsn=0/24257EC0
2026-10-03T23:37:09.9471531Z  2026-10-03 23:32:13.136 UTC [61] LOG:  checkpoint starting: immediate force wait
2026-10-03T23:37:09.9472097Z  2026-10-03 23:32:13.138 UTC [61] LOG:  checkpoint complete: wrote 4 buffers (0.0%); 0 WAL file(s) added, 0 removed, 0 recycled; write=0.001 s, sync=0.001 s, total=0.003 s; sync files=4, longest=0.001 s, average=0.001 s; distance=8405 kB, estimate=8955 kB; lsn=0/24A8D648, redo lsn=0/24A8D5F0
2026-10-03T23:37:09.9472669Z  2026-10-03 23:32:14.629 UTC [61] LOG:  checkpoint starting: immediate force wait
2026-10-03T23:37:09.9473232Z  2026-10-03 23:32:14.632 UTC [61] LOG:  checkpoint complete: wrote 4 buffers (0.0%); 0 WAL file(s) added, 0 removed, 1 recycled; write=0.001 s, sync=0.001 s, total=0.003 s; sync files=4, longest=0.001 s, average=0.001 s; distance=9156 kB, estimate=9156 kB; lsn=0/2537E9C0, redo lsn=0/2537E968
2026-10-03T23:37:09.9473797Z  2026-10-03 23:32:16.165 UTC [61] LOG:  checkpoint starting: immediate force wait
2026-10-03T23:37:09.9474364Z  2026-10-03 23:32:16.167 UTC [61] LOG:  checkpoint complete: wrote 4 buffers (0.0%); 0 WAL file(s) added, 0 removed, 0 recycled; write=0.001 s, sync=0.001 s, total=0.003 s; sync files=4, longest=0.001 s, average=0.001 s; distance=9158 kB, estimate=9158 kB; lsn=0/25C70388, redo lsn=0/25C70330
2026-10-03T23:37:09.9474934Z  2026-10-03 23:32:17.039 UTC [61] LOG:  checkpoint starting: immediate force wait
2026-10-03T23:37:09.9475499Z  2026-10-03 23:32:17.041 UTC [61] LOG:  checkpoint complete: wrote 4 buffers (0.0%); 0 WAL file(s) added, 0 removed, 1 recycled; write=0.001 s, sync=0.001 s, total=0.003 s; sync files=4, longest=0.001 s, average=0.001 s; distance=8400 kB, estimate=9082 kB; lsn=0/264A4580, redo lsn=0/264A4528
2026-10-03T23:37:09.9476068Z  2026-10-03 23:32:17.940 UTC [61] LOG:  checkpoint starting: immediate force wait
2026-10-03T23:37:09.9476639Z  2026-10-03 23:32:17.943 UTC [61] LOG:  checkpoint complete: wrote 4 buffers (0.0%); 0 WAL file(s) added, 0 removed, 0 recycled; write=0.001 s, sync=0.001 s, total=0.003 s; sync files=4, longest=0.001 s, average=0.001 s; distance=8445 kB, estimate=9018 kB; lsn=0/26CE3BD8, redo lsn=0/26CE3B80
2026-10-03T23:37:09.9477283Z  2026-10-03 23:32:18.870 UTC [61] LOG:  checkpoint starting: immediate force wait
2026-10-03T23:37:09.9477844Z  2026-10-03 23:32:18.872 UTC [61] LOG:  checkpoint complete: wrote 4 buffers (0.0%); 0 WAL file(s) added, 0 removed, 1 recycled; write=0.001 s, sync=0.001 s, total=0.003 s; sync files=4, longest=0.001 s, average=0.001 s; distance=8480 kB, estimate=8965 kB; lsn=0/2752BE58, redo lsn=0/2752BE00
2026-10-03T23:37:09.9478402Z  2026-10-03 23:32:19.684 UTC [672] ERROR:  invalid passing qualification
2026-10-03T23:37:09.9478689Z  2026-10-03 23:32:19.684 UTC [672] CONTEXT:  PL/pgSQL function learning_grant_complete() line 9 at RAISE
2026-10-03T23:37:09.9478987Z  2026-10-03 23:32:19.687 UTC [61] LOG:  checkpoint starting: immediate force wait
2026-10-03T23:37:09.9479553Z  2026-10-03 23:32:19.689 UTC [61] LOG:  checkpoint complete: wrote 4 buffers (0.0%); 0 WAL file(s) added, 0 removed, 0 recycled; write=0.001 s, sync=0.001 s, total=0.003 s; sync files=4, longest=0.001 s, average=0.001 s; distance=8390 kB, estimate=8907 kB; lsn=0/27D5D998, redo lsn=0/27D5D940
2026-10-03T23:37:09.9480256Z  2026-10-03 23:32:20.544 UTC [682] FATAL:  terminating connection due to administrator command
2026-10-03T23:37:09.9480540Z  2026-10-03 23:32:20.644 UTC [61] LOG:  checkpoint starting: immediate force wait
2026-10-03T23:37:09.9481100Z  2026-10-03 23:32:20.647 UTC [61] LOG:  checkpoint complete: wrote 4 buffers (0.0%); 0 WAL file(s) added, 0 removed, 1 recycled; write=0.001 s, sync=0.001 s, total=0.003 s; sync files=4, longest=0.001 s, average=0.001 s; distance=8438 kB, estimate=8860 kB; lsn=0/2859B460, redo lsn=0/2859B408
2026-10-03T23:37:09.9481663Z  2026-10-03 23:32:21.581 UTC [61] LOG:  checkpoint starting: immediate force wait
2026-10-03T23:37:09.9482311Z  2026-10-03 23:32:21.584 UTC [61] LOG:  checkpoint complete: wrote 4 buffers (0.0%); 0 WAL file(s) added, 0 removed, 0 recycled; write=0.001 s, sync=0.001 s, total=0.003 s; sync files=4, longest=0.001 s, average=0.001 s; distance=8419 kB, estimate=8816 kB; lsn=0/28DD42D8, redo lsn=0/28DD4280
2026-10-03T23:37:09.9482879Z  2026-10-03 23:32:23.167 UTC [61] LOG:  checkpoint starting: immediate force wait
2026-10-03T23:37:09.9483448Z  2026-10-03 23:32:23.170 UTC [61] LOG:  checkpoint complete: wrote 4 buffers (0.0%); 0 WAL file(s) added, 0 removed, 1 recycled; write=0.001 s, sync=0.001 s, total=0.004 s; sync files=4, longest=0.001 s, average=0.001 s; distance=10496 kB, estimate=10496 kB; lsn=0/29814300, redo lsn=0/298142A8
2026-10-03T23:37:09.9484021Z  2026-10-03 23:32:24.030 UTC [61] LOG:  checkpoint starting: immediate force wait
2026-10-03T23:37:09.9484586Z  2026-10-03 23:32:24.033 UTC [61] LOG:  checkpoint complete: wrote 4 buffers (0.0%); 0 WAL file(s) added, 0 removed, 1 recycled; write=0.002 s, sync=0.001 s, total=0.004 s; sync files=4, longest=0.001 s, average=0.001 s; distance=8316 kB, estimate=10278 kB; lsn=0/2A0335E0, redo lsn=0/2A033588
2026-10-03T23:37:09.9485157Z  2026-10-03 23:32:24.900 UTC [61] LOG:  checkpoint starting: immediate force wait
2026-10-03T23:37:09.9485723Z  2026-10-03 23:32:24.903 UTC [61] LOG:  checkpoint complete: wrote 4 buffers (0.0%); 0 WAL file(s) added, 0 removed, 0 recycled; write=0.001 s, sync=0.001 s, total=0.003 s; sync files=4, longest=0.001 s, average=0.001 s; distance=8370 kB, estimate=10087 kB; lsn=0/2A860018, redo lsn=0/2A85FFA8
2026-10-03T23:37:09.9486317Z  2026-10-03 23:32:25.871 UTC [713] FATAL:  terminating connection due to administrator command
2026-10-03T23:37:09.9486599Z  2026-10-03 23:32:25.972 UTC [61] LOG:  checkpoint starting: immediate force wait
2026-10-03T23:37:09.9487166Z  2026-10-03 23:32:25.975 UTC [61] LOG:  checkpoint complete: wrote 4 buffers (0.0%); 0 WAL file(s) added, 0 removed, 1 recycled; write=0.001 s, sync=0.001 s, total=0.003 s; sync files=4, longest=0.001 s, average=0.001 s; distance=8451 kB, estimate=9923 kB; lsn=0/2B0A0E38, redo lsn=0/2B0A0DE0
2026-10-03T23:37:09.9487736Z  2026-10-03 23:32:26.762 UTC [61] LOG:  checkpoint starting: immediate force wait
2026-10-03T23:37:09.9488381Z  2026-10-03 23:32:26.765 UTC [61] LOG:  checkpoint complete: wrote 5 buffers (0.0%); 0 WAL file(s) added, 0 removed, 0 recycled; write=0.001 s, sync=0.001 s, total=0.003 s; sync files=4, longest=0.001 s, average=0.001 s; distance=8329 kB, estimate=9764 kB; lsn=0/2B8C3510, redo lsn=0/2B8C34B8
2026-10-03T23:37:09.9488949Z  2026-10-03 23:32:27.050 UTC [61] LOG:  checkpoint starting: immediate force wait
2026-10-03T23:37:09.9489533Z  2026-10-03 23:32:27.052 UTC [61] LOG:  checkpoint complete: wrote 4 buffers (0.0%); 0 WAL file(s) added, 0 removed, 0 recycled; write=0.001 s, sync=0.001 s, total=0.003 s; sync files=4, longest=0.001 s, average=0.001 s; distance=7178 kB, estimate=9505 kB; lsn=0/2BFC5EC0, redo lsn=0/2BFC5E68
2026-10-03T23:37:09.9490233Z  2026-10-03 23:32:28.042 UTC [61] LOG:  checkpoint starting: immediate force wait
2026-10-03T23:37:09.9490801Z  2026-10-03 23:32:28.044 UTC [61] LOG:  checkpoint complete: wrote 4 buffers (0.0%); 0 WAL file(s) added, 0 removed, 1 recycled; write=0.001 s, sync=0.001 s, total=0.003 s; sync files=4, longest=0.001 s, average=0.001 s; distance=8361 kB, estimate=9391 kB; lsn=0/2C7F0360, redo lsn=0/2C7F0308
2026-10-03T23:37:09.9491369Z  2026-10-03 23:32:28.938 UTC [61] LOG:  checkpoint starting: immediate force wait
2026-10-03T23:37:09.9491939Z  2026-10-03 23:32:28.941 UTC [61] LOG:  checkpoint complete: wrote 4 buffers (0.0%); 0 WAL file(s) added, 0 removed, 1 recycled; write=0.001 s, sync=0.001 s, total=0.003 s; sync files=4, longest=0.001 s, average=0.001 s; distance=8361 kB, estimate=9288 kB; lsn=0/2D01AA40, redo lsn=0/2D01A9E8
2026-10-03T23:37:09.9492504Z  2026-10-03 23:32:29.662 UTC [61] LOG:  checkpoint starting: immediate force wait
2026-10-03T23:37:09.9493151Z  2026-10-03 23:32:29.665 UTC [61] LOG:  checkpoint complete: wrote 4 buffers (0.0%); 0 WAL file(s) added, 0 removed, 0 recycled; write=0.001 s, sync=0.001 s, total=0.003 s; sync files=4, longest=0.001 s, average=0.001 s; distance=8311 kB, estimate=9190 kB; lsn=0/2D8387E0, redo lsn=0/2D838788
2026-10-03T23:37:09.9493721Z  2026-10-03 23:32:30.514 UTC [61] LOG:  checkpoint starting: immediate force wait
2026-10-03T23:37:09.9494284Z  2026-10-03 23:32:30.518 UTC [61] LOG:  checkpoint complete: wrote 4 buffers (0.0%); 0 WAL file(s) added, 0 removed, 1 recycled; write=0.001 s, sync=0.001 s, total=0.004 s; sync files=4, longest=0.001 s, average=0.001 s; distance=8403 kB, estimate=9111 kB; lsn=0/2E06D410, redo lsn=0/2E06D3B8
2026-10-03T23:37:09.9494866Z  2026-10-03 23:32:31.541 UTC [762] ERROR:  accurate independently handled case required
2026-10-03T23:37:09.9495186Z  2026-10-03 23:32:31.541 UTC [762] CONTEXT:  PL/pgSQL function correction_result_complete() line 9 at RAISE
2026-10-03T23:37:09.9495465Z  2026-10-03 23:32:31.541 UTC [762] STATEMENT:  commit
2026-10-03T23:37:09.9495714Z  2026-10-03 23:32:31.543 UTC [762] FATAL:  terminating connection due to administrator command
2026-10-03T23:37:09.9495997Z  2026-10-03 23:32:31.644 UTC [61] LOG:  checkpoint starting: immediate force wait
2026-10-03T23:37:09.9496564Z  2026-10-03 23:32:31.646 UTC [61] LOG:  checkpoint complete: wrote 4 buffers (0.0%); 0 WAL file(s) added, 0 removed, 0 recycled; write=0.001 s, sync=0.001 s, total=0.003 s; sync files=4, longest=0.001 s, average=0.001 s; distance=9092 kB, estimate=9109 kB; lsn=0/2E94E5A8, redo lsn=0/2E94E550
2026-10-03T23:37:09.9497123Z  2026-10-03 23:32:31.659 UTC [764] FATAL:  database 213698 does not exist
2026-10-03T23:37:09.9497374Z  2026-10-03 23:32:32.691 UTC [766] ERROR:  active withdrawal in corrected basis
2026-10-03T23:37:09.9497682Z  2026-10-03 23:32:32.691 UTC [766] CONTEXT:  PL/pgSQL function correction_result_complete() line 25 at RAISE
2026-10-03T23:37:09.9497960Z  2026-10-03 23:32:32.691 UTC [766] STATEMENT:  commit
2026-10-03T23:37:09.9498180Z  2026-10-03 23:32:32.694 UTC [61] LOG:  checkpoint starting: immediate force wait
2026-10-03T23:37:09.9498746Z  2026-10-03 23:32:32.696 UTC [61] LOG:  checkpoint complete: wrote 4 buffers (0.0%); 0 WAL file(s) added, 0 removed, 1 recycled; write=0.001 s, sync=0.001 s, total=0.003 s; sync files=4, longest=0.001 s, average=0.001 s; distance=9088 kB, estimate=9107 kB; lsn=0/2F22E818, redo lsn=0/2F22E7C0
2026-10-03T23:37:09.9499401Z  2026-10-03 23:32:33.557 UTC [777] ERROR:  complete parent closure and audit required
2026-10-03T23:37:09.9499826Z  2026-10-03 23:32:33.557 UTC [777] CONTEXT:  PL/pgSQL function correction_result_complete() line 16 at RAISE
2026-10-03T23:37:09.9500102Z  2026-10-03 23:32:33.557 UTC [777] STATEMENT:  commit
2026-10-03T23:37:09.9500320Z  2026-10-03 23:32:33.562 UTC [61] LOG:  checkpoint starting: immediate force wait
2026-10-03T23:37:09.9500881Z  2026-10-03 23:32:33.565 UTC [61] LOG:  checkpoint complete: wrote 4 buffers (0.0%); 0 WAL file(s) added, 0 removed, 0 recycled; write=0.002 s, sync=0.001 s, total=0.004 s; sync files=4, longest=0.001 s, average=0.001 s; distance=8479 kB, estimate=9045 kB; lsn=0/2FA76808, redo lsn=0/2FA767B0
2026-10-03T23:37:09.9501450Z  2026-10-03 23:32:34.459 UTC [780] ERROR:  original and effective audit required
2026-10-03T23:37:09.9501755Z  2026-10-03 23:32:34.459 UTC [780] CONTEXT:  PL/pgSQL function correction_result_complete() line 18 at RAISE
2026-10-03T23:37:09.9502031Z  2026-10-03 23:32:34.459 UTC [780] STATEMENT:  commit
2026-10-03T23:37:09.9502250Z  2026-10-03 23:32:34.462 UTC [61] LOG:  checkpoint starting: immediate force wait
2026-10-03T23:37:09.9502812Z  2026-10-03 23:32:34.466 UTC [61] LOG:  checkpoint complete: wrote 4 buffers (0.0%); 0 WAL file(s) added, 0 removed, 1 recycled; write=0.001 s, sync=0.001 s, total=0.004 s; sync files=4, longest=0.001 s, average=0.001 s; distance=8397 kB, estimate=8980 kB; lsn=0/302A9FD0, redo lsn=0/302A9F78
2026-10-03T23:37:09.9503398Z  2026-10-03 23:32:35.287 UTC [791] ERROR:  complete actual effective dependencies required
2026-10-03T23:37:09.9503717Z  2026-10-03 23:32:35.287 UTC [791] CONTEXT:  PL/pgSQL function correction_result_complete() line 24 at RAISE
2026-10-03T23:37:09.9504070Z  2026-10-03 23:32:35.287 UTC [791] STATEMENT:  commit
2026-10-03T23:37:09.9504295Z  2026-10-03 23:32:35.389 UTC [61] LOG:  checkpoint starting: immediate force wait
2026-10-03T23:37:09.9504860Z  2026-10-03 23:32:35.391 UTC [61] LOG:  checkpoint complete: wrote 4 buffers (0.0%); 0 WAL file(s) added, 0 removed, 0 recycled; write=0.001 s, sync=0.001 s, total=0.003 s; sync files=4, longest=0.001 s, average=0.001 s; distance=8396 kB, estimate=8921 kB; lsn=0/30ADD260, redo lsn=0/30ADD208
2026-10-03T23:37:09.9505455Z  2026-10-03 23:32:36.915 UTC [794] FATAL:  terminating connection due to administrator command
2026-10-03T23:37:09.9505741Z  2026-10-03 23:32:37.016 UTC [61] LOG:  checkpoint starting: immediate force wait
2026-10-03T23:37:09.9506311Z  2026-10-03 23:32:37.019 UTC [61] LOG:  checkpoint complete: wrote 4 buffers (0.0%); 0 WAL file(s) added, 0 removed, 1 recycled; write=0.001 s, sync=0.001 s, total=0.003 s; sync files=4, longest=0.001 s, average=0.001 s; distance=9168 kB, estimate=9168 kB; lsn=0/313D1640, redo lsn=0/313D15E8
2026-10-03T23:37:09.9506884Z  2026-10-03 23:32:38.362 UTC [61] LOG:  checkpoint starting: immediate force wait
2026-10-03T23:37:09.9507447Z  2026-10-03 23:32:38.364 UTC [61] LOG:  checkpoint complete: wrote 4 buffers (0.0%); 0 WAL file(s) added, 0 removed, 0 recycled; write=0.001 s, sync=0.001 s, total=0.003 s; sync files=4, longest=0.001 s, average=0.001 s; distance=8799 kB, estimate=9131 kB; lsn=0/31C69240, redo lsn=0/31C691E8
2026-10-03T23:37:09.9508014Z  2026-10-03 23:32:40.068 UTC [61] LOG:  checkpoint starting: immediate force wait
2026-10-03T23:37:09.9508580Z  2026-10-03 23:32:40.072 UTC [61] LOG:  checkpoint complete: wrote 4 buffers (0.0%); 0 WAL file(s) added, 0 removed, 1 recycled; write=0.001 s, sync=0.001 s, total=0.004 s; sync files=4, longest=0.001 s, average=0.001 s; distance=9397 kB, estimate=9397 kB; lsn=0/325966A8, redo lsn=0/32596650
2026-10-03T23:37:09.9509175Z  2026-10-03 23:32:41.739 UTC [825] FATAL:  terminating connection due to administrator command
2026-10-03T23:37:09.9509460Z  2026-10-03 23:32:41.839 UTC [61] LOG:  checkpoint starting: immediate force wait
2026-10-03T23:37:09.9510259Z  2026-10-03 23:32:41.842 UTC [61] LOG:  checkpoint complete: wrote 4 buffers (0.0%); 0 WAL file(s) added, 0 removed, 0 recycled; write=0.001 s, sync=0.001 s, total=0.003 s; sync files=4, longest=0.001 s, average=0.001 s; distance=9090 kB, estimate=9366 kB; lsn=0/32E77248, redo lsn=0/32E771F0
2026-10-03T23:37:09.9510821Z  2026-10-03 23:32:42.941 UTC [61] LOG:  checkpoint starting: immediate force wait
2026-10-03T23:37:09.9511388Z  2026-10-03 23:32:42.943 UTC [61] LOG:  checkpoint complete: wrote 4 buffers (0.0%); 0 WAL file(s) added, 0 removed, 1 recycled; write=0.001 s, sync=0.001 s, total=0.003 s; sync files=4, longest=0.001 s, average=0.001 s; distance=8450 kB, estimate=9274 kB; lsn=0/336B7C90, redo lsn=0/336B7C38
2026-10-03T23:37:09.9511950Z  2026-10-03 23:32:44.813 UTC [61] LOG:  checkpoint starting: immediate force wait
2026-10-03T23:37:09.9512519Z  2026-10-03 23:32:44.815 UTC [61] LOG:  checkpoint complete: wrote 4 buffers (0.0%); 0 WAL file(s) added, 0 removed, 1 recycled; write=0.001 s, sync=0.001 s, total=0.003 s; sync files=4, longest=0.001 s, average=0.001 s; distance=10003 kB, estimate=10003 kB; lsn=0/3407C8E0, redo lsn=0/3407C888
2026-10-03T23:37:09.9513086Z  2026-10-03 23:32:45.966 UTC [61] LOG:  checkpoint starting: immediate force wait
2026-10-03T23:37:09.9513646Z  2026-10-03 23:32:45.968 UTC [61] LOG:  checkpoint complete: wrote 5 buffers (0.0%); 0 WAL file(s) added, 0 removed, 0 recycled; write=0.001 s, sync=0.001 s, total=0.003 s; sync files=4, longest=0.001 s, average=0.001 s; distance=9052 kB, estimate=9908 kB; lsn=0/34953B68, redo lsn=0/34953B10
2026-10-03T23:37:09.9514210Z  2026-10-03 23:32:46.720 UTC [61] LOG:  checkpoint starting: immediate force wait
2026-10-03T23:37:09.9514851Z  2026-10-03 23:32:46.724 UTC [61] LOG:  checkpoint complete: wrote 4 buffers (0.0%); 0 WAL file(s) added, 0 removed, 1 recycled; write=0.001 s, sync=0.001 s, total=0.004 s; sync files=4, longest=0.001 s, average=0.001 s; distance=8324 kB, estimate=9749 kB; lsn=0/35174E40, redo lsn=0/35174DE8
2026-10-03T23:37:09.9515421Z  2026-10-03 23:32:47.689 UTC [61] LOG:  checkpoint starting: immediate force wait
2026-10-03T23:37:09.9515983Z  2026-10-03 23:32:47.693 UTC [61] LOG:  checkpoint complete: wrote 4 buffers (0.0%); 0 WAL file(s) added, 0 removed, 0 recycled; write=0.001 s, sync=0.001 s, total=0.005 s; sync files=4, longest=0.001 s, average=0.001 s; distance=8677 kB, estimate=9642 kB; lsn=0/359EE3D8, redo lsn=0/359EE380
2026-10-03T23:37:09.9516548Z  2026-10-03 23:32:48.580 UTC [61] LOG:  checkpoint starting: immediate force wait
2026-10-03T23:37:09.9517109Z  2026-10-03 23:32:48.583 UTC [61] LOG:  checkpoint complete: wrote 4 buffers (0.0%); 0 WAL file(s) added, 0 removed, 1 recycled; write=0.001 s, sync=0.001 s, total=0.003 s; sync files=4, longest=0.001 s, average=0.001 s; distance=8328 kB, estimate=9511 kB; lsn=0/36210618, redo lsn=0/362105C0
2026-10-03T23:37:09.9517676Z  2026-10-03 23:32:49.344 UTC [61] LOG:  checkpoint starting: immediate force wait
2026-10-03T23:37:09.9518244Z  2026-10-03 23:32:49.346 UTC [61] LOG:  checkpoint complete: wrote 4 buffers (0.0%); 0 WAL file(s) added, 0 removed, 0 recycled; write=0.001 s, sync=0.001 s, total=0.003 s; sync files=4, longest=0.001 s, average=0.001 s; distance=8325 kB, estimate=9392 kB; lsn=0/36A31B98, redo lsn=0/36A31B40
2026-10-03T23:37:09.9518812Z  2026-10-03 23:32:50.171 UTC [61] LOG:  checkpoint starting: immediate force wait
2026-10-03T23:37:09.9519376Z  2026-10-03 23:32:50.174 UTC [61] LOG:  checkpoint complete: wrote 4 buffers (0.0%); 0 WAL file(s) added, 0 removed, 1 recycled; write=0.001 s, sync=0.001 s, total=0.003 s; sync files=4, longest=0.001 s, average=0.001 s; distance=8685 kB, estimate=9321 kB; lsn=0/372AD1C8, redo lsn=0/372AD170
2026-10-03T23:37:09.9520066Z  2026-10-03 23:32:51.175 UTC [61] LOG:  checkpoint starting: immediate force wait
2026-10-03T23:37:09.9520630Z  2026-10-03 23:32:51.177 UTC [61] LOG:  checkpoint complete: wrote 4 buffers (0.0%); 0 WAL file(s) added, 0 removed, 0 recycled; write=0.001 s, sync=0.001 s, total=0.003 s; sync files=4, longest=0.001 s, average=0.001 s; distance=8364 kB, estimate=9226 kB; lsn=0/37AD84E8, redo lsn=0/37AD8490
2026-10-03T23:37:09.9521311Z  2026-10-03 23:32:52.049 UTC [61] LOG:  checkpoint starting: immediate force wait
2026-10-03T23:37:09.9521872Z  2026-10-03 23:32:52.052 UTC [61] LOG:  checkpoint complete: wrote 4 buffers (0.0%); 0 WAL file(s) added, 0 removed, 1 recycled; write=0.001 s, sync=0.001 s, total=0.003 s; sync files=4, longest=0.001 s, average=0.001 s; distance=8407 kB, estimate=9144 kB; lsn=0/3830E360, redo lsn=0/3830E308
2026-10-03T23:37:09.9522765Z  2026-10-03 23:32:52.765 UTC [918] ERROR:  immutable correction case source
2026-10-03T23:37:09.9523056Z  2026-10-03 23:32:52.765 UTC [918] CONTEXT:  PL/pgSQL function correction_case_guard() line 9 at RAISE
2026-10-03T23:37:09.9523361Z  2026-10-03 23:32:52.765 UTC [918] STATEMENT:  DELETE FROM correction_cases WHERE id=$1
2026-10-03T23:37:09.9523630Z  2026-10-03 23:32:52.766 UTC [918] ERROR:  immutable correction case source
2026-10-03T23:37:09.9523917Z  2026-10-03 23:32:52.766 UTC [918] CONTEXT:  PL/pgSQL function correction_case_guard() line 9 at RAISE
2026-10-03T23:37:09.9524263Z  2026-10-03 23:32:52.766 UTC [918] STATEMENT:  UPDATE correction_cases SET cutoff=clock_timestamp() WHERE id=$1
2026-10-03T23:37:09.9524574Z  2026-10-03 23:32:52.766 UTC [918] ERROR:  immutable correction case source
2026-10-03T23:37:09.9524859Z  2026-10-03 23:32:52.766 UTC [918] CONTEXT:  PL/pgSQL function correction_case_guard() line 9 at RAISE
2026-10-03T23:37:09.9525183Z  2026-10-03 23:32:52.766 UTC [918] STATEMENT:  UPDATE correction_cases SET sealed=false WHERE id=$1
2026-10-03T23:37:09.9525463Z  2026-10-03 23:32:52.767 UTC [918] ERROR:  immutable correction fact
2026-10-03T23:37:09.9525740Z  2026-10-03 23:32:52.767 UTC [918] CONTEXT:  PL/pgSQL function correction_immutable() line 2 at RAISE
2026-10-03T23:37:09.9526144Z  2026-10-03 23:32:52.767 UTC [918] STATEMENT:  DELETE FROM correction_events WHERE subject_id=$1
2026-10-03T23:37:09.9526426Z  2026-10-03 23:32:52.767 UTC [918] ERROR:  immutable correction fact
2026-10-03T23:37:09.9526703Z  2026-10-03 23:32:52.767 UTC [918] CONTEXT:  PL/pgSQL function correction_immutable() line 2 at RAISE
2026-10-03T23:37:09.9527041Z  2026-10-03 23:32:52.767 UTC [918] STATEMENT:  UPDATE correction_events SET sequence=2 WHERE subject_id=$1
2026-10-03T23:37:09.9527341Z  2026-10-03 23:32:52.772 UTC [918] ERROR:  invalid correction plan advance
2026-10-03T23:37:09.9527630Z  2026-10-03 23:32:52.772 UTC [918] CONTEXT:  PL/pgSQL function correction_plan_guard() line 13 at RAISE
2026-10-03T23:37:09.9528032Z  2026-10-03 23:32:52.772 UTC [918] STATEMENT:  UPDATE correction_plans SET body=jsonb_set(body,'{reason}','"changed"') WHERE id=$1 AND version=1
2026-10-03T23:37:09.9528424Z  2026-10-03 23:32:52.773 UTC [918] FATAL:  terminating connection due to administrator command
2026-10-03T23:37:09.9528712Z  2026-10-03 23:32:52.874 UTC [61] LOG:  checkpoint starting: immediate force wait
2026-10-03T23:37:09.9529289Z  2026-10-03 23:32:52.877 UTC [61] LOG:  checkpoint complete: wrote 4 buffers (0.0%); 0 WAL file(s) added, 0 removed, 0 recycled; write=0.001 s, sync=0.001 s, total=0.004 s; sync files=4, longest=0.001 s, average=0.001 s; distance=8316 kB, estimate=9061 kB; lsn=0/38B2D380, redo lsn=0/38B2D328
2026-10-03T23:37:09.9531654Z  2026-10-03 23:32:53.571 UTC [929] ERROR:  matching plan event required
2026-10-03T23:37:09.9531944Z  2026-10-03 23:32:53.571 UTC [929] CONTEXT:  PL/pgSQL function correction_plan_complete() line 6 at RAISE
2026-10-03T23:37:09.9532212Z  2026-10-03 23:32:53.571 UTC [929] STATEMENT:  commit
2026-10-03T23:37:09.9532434Z  2026-10-03 23:32:53.573 UTC [929] ERROR:  independent current reviewer required
2026-10-03T23:37:09.9532733Z  2026-10-03 23:32:53.573 UTC [929] CONTEXT:  PL/pgSQL function correction_plan_complete() line 9 at RAISE
2026-10-03T23:37:09.9532999Z  2026-10-03 23:32:53.573 UTC [929] STATEMENT:  commit
2026-10-03T23:37:09.9533209Z  2026-10-03 23:32:53.575 UTC [929] ERROR:  immutable correction decision
2026-10-03T23:37:09.9533590Z  2026-10-03 23:32:53.575 UTC [929] CONTEXT:  PL/pgSQL function correction_plan_guard() line 12 at RAISE
2026-10-03T23:37:09.9533953Z  2026-10-03 23:32:53.575 UTC [929] STATEMENT:  UPDATE correction_plans SET status='rejected' WHERE id=$1 AND version=1
2026-10-03T23:37:09.9534282Z  2026-10-03 23:32:53.580 UTC [61] LOG:  checkpoint starting: immediate force wait
2026-10-03T23:37:09.9534850Z  2026-10-03 23:32:53.583 UTC [61] LOG:  checkpoint complete: wrote 4 buffers (0.0%); 0 WAL file(s) added, 0 removed, 1 recycled; write=0.001 s, sync=0.001 s, total=0.003 s; sync files=4, longest=0.001 s, average=0.001 s; distance=8317 kB, estimate=8987 kB; lsn=0/3934C8F0, redo lsn=0/3934C898
2026-10-03T23:37:09.9535595Z  2026-10-03 23:32:54.364 UTC [932] ERROR:  insert or update on table "notification_reads" violates foreign key constraint "notification_reads_notification_id_owner_user_id_fkey"
2026-10-03T23:37:09.9536239Z  2026-10-03 23:32:54.364 UTC [932] DETAIL:  Key (notification_id, owner_user_id)=(ece68f10-c066-47c5-96ee-e9c66744b02c, 4f881f60-f123-4c39-864d-18ca26a7f42f) is not present in table "notifications".
2026-10-03T23:37:09.9536787Z  2026-10-03 23:32:54.364 UTC [932] STATEMENT:  INSERT INTO notification_reads(owner_user_id,notification_id) VALUES($1,$2)
2026-10-03T23:37:09.9537110Z  2026-10-03 23:32:54.364 UTC [932] ERROR:  immutable correction fact
2026-10-03T23:37:09.9537387Z  2026-10-03 23:32:54.364 UTC [932] CONTEXT:  PL/pgSQL function correction_immutable() line 2 at RAISE
2026-10-03T23:37:09.9537764Z  2026-10-03 23:32:54.364 UTC [932] STATEMENT:  UPDATE notification_reads SET read_at=clock_timestamp() WHERE notification_id=$1
2026-10-03T23:37:09.9538108Z  2026-10-03 23:32:54.368 UTC [61] LOG:  checkpoint starting: immediate force wait
2026-10-03T23:37:09.9538763Z  2026-10-03 23:32:54.371 UTC [61] LOG:  checkpoint complete: wrote 4 buffers (0.0%); 0 WAL file(s) added, 0 removed, 0 recycled; write=0.001 s, sync=0.001 s, total=0.003 s; sync files=4, longest=0.001 s, average=0.001 s; distance=8344 kB, estimate=8922 kB; lsn=0/39B72C10, redo lsn=0/39B72BB8
2026-10-03T23:37:09.9539437Z  2026-10-03 23:32:55.102 UTC [935] ERROR:  new row for relation "correction_results" violates check constraint "correction_results_check3"
2026-10-03T23:37:09.9540534Z  2026-10-03 23:32:55.102 UTC [935] DETAIL:  Failing row contains (4f045906-b5b0-4c10-a6ac-fa46ff8b39af, 518dfbda-94ad-4fc1-8241-017003c88313, 5340a2af-982d-4fd2-bfd8-fd516a6adced, 81a0a1e5-fba7-47ec-a938-5906901d3de4, 1, null, assessment, 09c6e586-1650-444a-b52f-1d3dd9c7cd4a, null, null, null, corrected_passed, answer_corrected, 5, t, [], [], {}, \x7b7d, 44136fa355b3678a1146ad16f7e8649e94fb4fc21fe77e8310c060f61caaff8a, fake, f, 2026-10-03 23:32:55.102002+00).
2026-10-03T23:37:09.9541992Z  2026-10-03 23:32:55.102 UTC [935] STATEMENT:  INSERT INTO correction_results(id,owner_user_id,case_id,plan_id,plan_version,evidence_kind,evidence_id,status,reason,score,passed,handled_case_ids,basis,basis_bytes,basis_digest,source_key) VALUES($1,$2,$3,$4,1,'assessment',$5,'corrected_passed','answer_corrected',5,true,'[]','{}',convert_to('{}','UTF8'),encode(sha256(convert_to('{}','UTF8')),'hex'),'fake')
2026-10-03T23:37:09.9542787Z  2026-10-03 23:32:55.105 UTC [61] LOG:  checkpoint starting: immediate force wait
2026-10-03T23:37:09.9543360Z  2026-10-03 23:32:55.108 UTC [61] LOG:  checkpoint complete: wrote 4 buffers (0.0%); 0 WAL file(s) added, 0 removed, 1 recycled; write=0.001 s, sync=0.001 s, total=0.004 s; sync files=4, longest=0.001 s, average=0.001 s; distance=8313 kB, estimate=8861 kB; lsn=0/3A391288, redo lsn=0/3A391230
2026-10-03T23:37:09.9543914Z  2026-10-03 23:32:55.928 UTC [946] ERROR:  result seal audit required
2026-10-03T23:37:09.9544203Z  2026-10-03 23:32:55.928 UTC [946] CONTEXT:  PL/pgSQL function correction_result_complete() line 5 at RAISE
2026-10-03T23:37:09.9544477Z  2026-10-03 23:32:55.928 UTC [946] STATEMENT:  commit
2026-10-03T23:37:09.9544688Z  2026-10-03 23:32:55.944 UTC [946] ERROR:  immutable correction result
2026-10-03T23:37:09.9545054Z  2026-10-03 23:32:55.944 UTC [946] CONTEXT:  PL/pgSQL function correction_result_guard() line 3 at RAISE
2026-10-03T23:37:09.9545380Z  2026-10-03 23:32:55.944 UTC [946] STATEMENT:  UPDATE correction_results SET score=0 WHERE id=$1
2026-10-03T23:37:09.9545652Z  2026-10-03 23:32:55.945 UTC [946] ERROR:  immutable correction result
2026-10-03T23:37:09.9545933Z  2026-10-03 23:32:55.945 UTC [946] CONTEXT:  PL/pgSQL function correction_result_guard() line 3 at RAISE
2026-10-03T23:37:09.9546245Z  2026-10-03 23:32:55.945 UTC [946] STATEMENT:  DELETE FROM correction_results WHERE id=$1
2026-10-03T23:37:09.9546512Z  2026-10-03 23:32:55.945 UTC [946] ERROR:  immutable correction dependency
2026-10-03T23:37:09.9546810Z  2026-10-03 23:32:55.945 UTC [946] CONTEXT:  PL/pgSQL function correction_dependency_guard() line 3 at RAISE
2026-10-03T23:37:09.9547156Z  2026-10-03 23:32:55.945 UTC [946] STATEMENT:  DELETE FROM correction_dependencies WHERE result_id=$1
2026-10-03T23:37:09.9547437Z  2026-10-03 23:32:55.946 UTC [946] ERROR:  immutable attempt child
2026-10-03T23:37:09.9547723Z  2026-10-03 23:32:55.946 UTC [946] CONTEXT:  PL/pgSQL function learning_attempt_child_guard() line 9 at RAISE
2026-10-03T23:37:09.9548119Z  2026-10-03 23:32:55.946 UTC [946] STATEMENT:  UPDATE assessment_answers SET answer='{"kind":"skipped"}' WHERE attempt_id=$1
2026-10-03T23:37:09.9548461Z  2026-10-03 23:32:55.957 UTC [946] ERROR:  owned sealed correction source required
2026-10-03T23:37:09.9548769Z  2026-10-03 23:32:55.957 UTC [946] CONTEXT:  PL/pgSQL function correction_result_complete() line 6 at RAISE
2026-10-03T23:37:09.9549039Z  2026-10-03 23:32:55.957 UTC [946] STATEMENT:  commit
2026-10-03T23:37:09.9549260Z  2026-10-03 23:32:55.961 UTC [61] LOG:  checkpoint starting: immediate force wait
2026-10-03T23:37:09.9549975Z  2026-10-03 23:32:55.964 UTC [61] LOG:  checkpoint complete: wrote 4 buffers (0.0%); 0 WAL file(s) added, 0 removed, 0 recycled; write=0.001 s, sync=0.001 s, total=0.004 s; sync files=4, longest=0.001 s, average=0.001 s; distance=8479 kB, estimate=8823 kB; lsn=0/3ABD8EF0, redo lsn=0/3ABD8E98
2026-10-03T23:37:09.9550552Z  2026-10-03 23:32:56.782 UTC [949] ERROR:  accurate frozen plan proof required
2026-10-03T23:37:09.9550849Z  2026-10-03 23:32:56.782 UTC [949] CONTEXT:  PL/pgSQL function correction_plan_complete() line 7 at RAISE
2026-10-03T23:37:09.9551117Z  2026-10-03 23:32:56.782 UTC [949] STATEMENT:  commit
2026-10-03T23:37:09.9551337Z  2026-10-03 23:32:56.786 UTC [61] LOG:  checkpoint starting: immediate force wait
2026-10-03T23:37:09.9551903Z  2026-10-03 23:32:56.790 UTC [61] LOG:  checkpoint complete: wrote 4 buffers (0.0%); 0 WAL file(s) added, 0 removed, 1 recycled; write=0.001 s, sync=0.001 s, total=0.004 s; sync files=4, longest=0.001 s, average=0.001 s; distance=8367 kB, estimate=8778 kB; lsn=0/3B404DA8, redo lsn=0/3B404D50
2026-10-03T23:37:09.9553908Z  2026-10-03 23:32:57.591 UTC [960] ERROR:  original knowledge identity required
2026-10-03T23:37:09.9554216Z  2026-10-03 23:32:57.591 UTC [960] CONTEXT:  PL/pgSQL function correction_result_complete() line 22 at RAISE
2026-10-03T23:37:09.9555945Z  2026-10-03 23:32:57.591 UTC [960] STATEMENT:  commit
2026-10-03T23:37:09.9556286Z  2026-10-03 23:32:57.693 UTC [61] LOG:  checkpoint starting: immediate force wait
2026-10-03T23:37:09.9557171Z  2026-10-03 23:32:57.695 UTC [61] LOG:  checkpoint complete: wrote 4 buffers (0.0%); 0 WAL file(s) added, 0 removed, 0 recycled; write=0.001 s, sync=0.001 s, total=0.003 s; sync files=4, longest=0.001 s, average=0.001 s; distance=8402 kB, estimate=8740 kB; lsn=0/3BC39890, redo lsn=0/3BC39838
2026-10-03T23:37:09.9558811Z  2026-10-03 23:32:58.586 UTC [963] ERROR:  equivalent accurate instance required
2026-10-03T23:37:09.9559297Z  2026-10-03 23:32:58.586 UTC [963] CONTEXT:  PL/pgSQL function correction_result_complete() line 29 at RAISE
2026-10-03T23:37:09.9560891Z  2026-10-03 23:32:58.586 UTC [963] STATEMENT:  commit
2026-10-03T23:37:09.9561228Z  2026-10-03 23:32:58.615 UTC [61] LOG:  checkpoint starting: immediate force wait
2026-10-03T23:37:09.9563437Z  2026-10-03 23:32:58.620 UTC [61] LOG:  checkpoint complete: wrote 4 buffers (0.0%); 0 WAL file(s) added, 0 removed, 1 recycled; write=0.001 s, sync=0.001 s, total=0.006 s; sync files=4, longest=0.001 s, average=0.001 s; distance=8761 kB, estimate=8761 kB; lsn=0/3C4C8018, redo lsn=0/3C4C7FA8
2026-10-03T23:37:09.9565359Z  2026-10-03 23:32:59.429 UTC [966] ERROR:  duplicate key value violates unique constraint "correction_cases_withdrawal_space_withdrawal_id_key"
2026-10-03T23:37:09.9567084Z  2026-10-03 23:32:59.429 UTC [966] DETAIL:  Key (withdrawal_space, withdrawal_id)=(question, a9844a34-c1ae-4203-aa37-a3f24e78de98) already exists.
2026-10-03T23:37:09.9569157Z  2026-10-03 23:32:59.429 UTC [966] STATEMENT:  INSERT INTO correction_cases(id,kind,withdrawal_space,withdrawal_id,content_withdrawal_id,question_withdrawal_id,rule_version,scope_kind,knowledge_id,knowledge_version,knowledge_sha256,cutoff,creator_user_id,created_at) VALUES($1,$2,$3,$4,$5,$6,$7,$8,$9,$10,$11,$12,$13,$14)
2026-10-03T23:37:09.9569985Z  2026-10-03 23:32:59.450 UTC [61] LOG:  checkpoint starting: immediate force wait
2026-10-03T23:37:09.9570604Z  2026-10-03 23:32:59.454 UTC [61] LOG:  checkpoint complete: wrote 5 buffers (0.0%); 0 WAL file(s) added, 0 removed, 0 recycled; write=0.001 s, sync=0.001 s, total=0.004 s; sync files=4, longest=0.001 s, average=0.001 s; distance=8366 kB, estimate=8722 kB; lsn=0/3CCF39B8, redo lsn=0/3CCF3960
2026-10-03T23:37:09.9572637Z  2026-10-03 23:33:00.355 UTC [61] LOG:  checkpoint starting: immediate force wait
2026-10-03T23:37:09.9573627Z  2026-10-03 23:33:00.357 UTC [61] LOG:  checkpoint complete: wrote 4 buffers (0.0%); 0 WAL file(s) added, 0 removed, 1 recycled; write=0.001 s, sync=0.001 s, total=0.003 s; sync files=4, longest=0.001 s, average=0.001 s; distance=8362 kB, estimate=8686 kB; lsn=0/3D51E1F8, redo lsn=0/3D51E1A0
2026-10-03T23:37:09.9574322Z  2026-10-03 23:33:01.184 UTC [980] FATAL:  terminating connection due to administrator command
2026-10-03T23:37:09.9574635Z  2026-10-03 23:33:01.285 UTC [61] LOG:  checkpoint starting: immediate force wait
2026-10-03T23:37:09.9575200Z  2026-10-03 23:33:01.288 UTC [61] LOG:  checkpoint complete: wrote 4 buffers (0.0%); 0 WAL file(s) added, 0 removed, 0 recycled; write=0.001 s, sync=0.001 s, total=0.003 s; sync files=4, longest=0.001 s, average=0.001 s; distance=8366 kB, estimate=8654 kB; lsn=0/3DD49C40, redo lsn=0/3DD49BE8
2026-10-03T23:37:09.9575791Z  2026-10-03 23:33:02.012 UTC [993] FATAL:  terminating connection due to administrator command
2026-10-03T23:37:09.9576218Z  2026-10-03 23:33:02.012 UTC [991] FATAL:  terminating connection due to administrator command
2026-10-03T23:37:09.9576498Z  2026-10-03 23:33:02.112 UTC [61] LOG:  checkpoint starting: immediate force wait
2026-10-03T23:37:09.9577065Z  2026-10-03 23:33:02.115 UTC [61] LOG:  checkpoint complete: wrote 8 buffers (0.0%); 0 WAL file(s) added, 0 removed, 1 recycled; write=0.001 s, sync=0.001 s, total=0.003 s; sync files=6, longest=0.001 s, average=0.001 s; distance=8321 kB, estimate=8621 kB; lsn=0/3E56A390, redo lsn=0/3E56A338
2026-10-03T23:37:09.9577632Z  2026-10-03 23:33:02.935 UTC [61] LOG:  checkpoint starting: immediate force wait
2026-10-03T23:37:09.9579363Z  2026-10-03 23:33:02.937 UTC [61] LOG:  checkpoint complete: wrote 4 buffers (0.0%); 0 WAL file(s) added, 0 removed, 0 recycled; write=0.001 s, sync=0.001 s, total=0.003 s; sync files=4, longest=0.001 s, average=0.001 s; distance=8304 kB, estimate=8589 kB; lsn=0/3ED866E8, redo lsn=0/3ED86690
2026-10-03T23:37:09.9581436Z  2026-10-03 23:33:03.704 UTC [61] LOG:  checkpoint starting: immediate force wait
2026-10-03T23:37:09.9582035Z  2026-10-03 23:33:03.706 UTC [61] LOG:  checkpoint complete: wrote 4 buffers (0.0%); 0 WAL file(s) added, 0 removed, 1 recycled; write=0.001 s, sync=0.001 s, total=0.003 s; sync files=4, longest=0.001 s, average=0.001 s; distance=8305 kB, estimate=8561 kB; lsn=0/3F5A2B20, redo lsn=0/3F5A2AC8
2026-10-03T23:37:09.9583794Z  2026-10-03 23:33:04.398 UTC [1011] FATAL:  terminating connection due to administrator command
2026-10-03T23:37:09.9584159Z  2026-10-03 23:33:04.498 UTC [61] LOG:  checkpoint starting: immediate force wait
2026-10-03T23:37:09.9586102Z  2026-10-03 23:33:04.500 UTC [61] LOG:  checkpoint complete: wrote 4 buffers (0.0%); 0 WAL file(s) added, 0 removed, 0 recycled; write=0.001 s, sync=0.001 s, total=0.003 s; sync files=4, longest=0.001 s, average=0.001 s; distance=8305 kB, estimate=8535 kB; lsn=0/3FDBF060, redo lsn=0/3FDBF008
2026-10-03T23:37:09.9587989Z  2026-10-03 23:33:05.250 UTC [61] LOG:  checkpoint starting: immediate force wait
2026-10-03T23:37:09.9589741Z  2026-10-03 23:33:05.254 UTC [61] LOG:  checkpoint complete: wrote 4 buffers (0.0%); 0 WAL file(s) added, 0 removed, 1 recycled; write=0.001 s, sync=0.001 s, total=0.004 s; sync files=4, longest=0.001 s, average=0.001 s; distance=8311 kB, estimate=8513 kB; lsn=0/405DD050, redo lsn=0/405DCFF8
2026-10-03T23:37:09.9590393Z  2026-10-03 23:33:05.960 UTC [1026] FATAL:  terminating connection due to administrator command
2026-10-03T23:37:09.9591967Z  2026-10-03 23:33:06.061 UTC [61] LOG:  checkpoint starting: immediate force wait
2026-10-03T23:37:09.9592557Z  2026-10-03 23:33:06.063 UTC [61] LOG:  checkpoint complete: wrote 4 buffers (0.0%); 0 WAL file(s) added, 0 removed, 0 recycled; write=0.001 s, sync=0.001 s, total=0.003 s; sync files=4, longest=0.001 s, average=0.001 s; distance=8305 kB, estimate=8492 kB; lsn=0/40DF9450, redo lsn=0/40DF93F8
2026-10-03T23:37:09.9594237Z  2026-10-03 23:33:06.807 UTC [61] LOG:  checkpoint starting: immediate force wait
2026-10-03T23:37:09.9594800Z  2026-10-03 23:33:06.809 UTC [61] LOG:  checkpoint complete: wrote 4 buffers (0.0%); 0 WAL file(s) added, 0 removed, 1 recycled; write=0.001 s, sync=0.001 s, total=0.003 s; sync files=4, longest=0.001 s, average=0.001 s; distance=8311 kB, estimate=8474 kB; lsn=0/41617140, redo lsn=0/416170E8
2026-10-03T23:37:09.9595410Z  2026-10-03 23:33:07.559 UTC [61] LOG:  checkpoint starting: immediate force wait
2026-10-03T23:37:09.9598251Z  2026-10-03 23:33:07.562 UTC [61] LOG:  checkpoint complete: wrote 4 buffers (0.0%); 0 WAL file(s) added, 0 removed, 0 recycled; write=0.001 s, sync=0.001 s, total=0.004 s; sync files=4, longest=0.001 s, average=0.001 s; distance=8311 kB, estimate=8457 kB; lsn=0/41E34F10, redo lsn=0/41E34EB8
2026-10-03T23:37:09.9598911Z  2026-10-03 23:33:08.285 UTC [61] LOG:  checkpoint starting: immediate force wait
2026-10-03T23:37:09.9599473Z  2026-10-03 23:33:08.287 UTC [61] LOG:  checkpoint complete: wrote 4 buffers (0.0%); 0 WAL file(s) added, 0 removed, 1 recycled; write=0.001 s, sync=0.001 s, total=0.003 s; sync files=4, longest=0.001 s, average=0.001 s; distance=8311 kB, estimate=8443 kB; lsn=0/42652E30, redo lsn=0/42652DD8
2026-10-03T23:37:09.9600091Z  2026-10-03 23:33:09.022 UTC [61] LOG:  checkpoint starting: immediate force wait
2026-10-03T23:37:09.9600654Z  2026-10-03 23:33:09.030 UTC [61] LOG:  checkpoint complete: wrote 4 buffers (0.0%); 0 WAL file(s) added, 0 removed, 0 recycled; write=0.006 s, sync=0.001 s, total=0.008 s; sync files=4, longest=0.001 s, average=0.001 s; distance=8311 kB, estimate=8430 kB; lsn=0/42E70D80, redo lsn=0/42E70D28
2026-10-03T23:37:09.9601219Z  2026-10-03 23:33:09.783 UTC [61] LOG:  checkpoint starting: immediate force wait
2026-10-03T23:37:09.9601783Z  2026-10-03 23:33:09.786 UTC [61] LOG:  checkpoint complete: wrote 4 buffers (0.0%); 0 WAL file(s) added, 0 removed, 1 recycled; write=0.001 s, sync=0.001 s, total=0.003 s; sync files=4, longest=0.001 s, average=0.001 s; distance=8309 kB, estimate=8418 kB; lsn=0/4368E4D8, redo lsn=0/4368E480
2026-10-03T23:37:09.9602345Z  2026-10-03 23:33:10.702 UTC [61] LOG:  checkpoint starting: immediate force wait
2026-10-03T23:37:09.9602906Z  2026-10-03 23:33:10.704 UTC [61] LOG:  checkpoint complete: wrote 4 buffers (0.0%); 0 WAL file(s) added, 0 removed, 0 recycled; write=0.001 s, sync=0.001 s, total=0.003 s; sync files=4, longest=0.001 s, average=0.001 s; distance=8306 kB, estimate=8406 kB; lsn=0/43EAAF18, redo lsn=0/43EAAEC0
2026-10-03T23:37:09.9603586Z  2026-10-03 23:33:11.444 UTC [1062] FATAL:  terminating connection due to administrator command
2026-10-03T23:37:09.9603868Z  2026-10-03 23:33:11.545 UTC [61] LOG:  checkpoint starting: immediate force wait
2026-10-03T23:37:09.9604431Z  2026-10-03 23:33:11.547 UTC [61] LOG:  checkpoint complete: wrote 4 buffers (0.0%); 0 WAL file(s) added, 0 removed, 1 recycled; write=0.001 s, sync=0.001 s, total=0.003 s; sync files=4, longest=0.001 s, average=0.001 s; distance=8308 kB, estimate=8397 kB; lsn=0/446C8020, redo lsn=0/446C7FB0
2026-10-03T23:37:09.9605025Z  2026-10-03 23:33:12.236 UTC [1073] FATAL:  terminating connection due to administrator command
2026-10-03T23:37:09.9605307Z  2026-10-03 23:33:12.337 UTC [61] LOG:  checkpoint starting: immediate force wait
2026-10-03T23:37:09.9605876Z  2026-10-03 23:33:12.339 UTC [61] LOG:  checkpoint complete: wrote 4 buffers (0.0%); 0 WAL file(s) added, 0 removed, 0 recycled; write=0.001 s, sync=0.001 s, total=0.003 s; sync files=4, longest=0.001 s, average=0.001 s; distance=8307 kB, estimate=8388 kB; lsn=0/44EE4FF8, redo lsn=0/44EE4FA0
2026-10-03T23:37:09.9606440Z  2026-10-03 23:33:13.057 UTC [61] LOG:  checkpoint starting: immediate force wait
2026-10-03T23:37:09.9606999Z  2026-10-03 23:33:13.059 UTC [61] LOG:  checkpoint complete: wrote 4 buffers (0.0%); 0 WAL file(s) added, 0 removed, 1 recycled; write=0.001 s, sync=0.001 s, total=0.003 s; sync files=4, longest=0.001 s, average=0.001 s; distance=8450 kB, estimate=8450 kB; lsn=0/45725A78, redo lsn=0/45725A20
2026-10-03T23:37:09.9607565Z  2026-10-03 23:33:13.909 UTC [61] LOG:  checkpoint starting: immediate force wait
2026-10-03T23:37:09.9608124Z  2026-10-03 23:33:13.912 UTC [61] LOG:  checkpoint complete: wrote 5 buffers (0.0%); 0 WAL file(s) added, 0 removed, 0 recycled; write=0.001 s, sync=0.001 s, total=0.003 s; sync files=4, longest=0.001 s, average=0.001 s; distance=8358 kB, estimate=8441 kB; lsn=0/45F4F5C8, redo lsn=0/45F4F570
2026-10-03T23:37:09.9608769Z  2026-10-03 23:33:14.144 UTC [61] LOG:  checkpoint starting: immediate force wait
2026-10-03T23:37:09.9609334Z  2026-10-03 23:33:14.146 UTC [61] LOG:  checkpoint complete: wrote 4 buffers (0.0%); 0 WAL file(s) added, 0 removed, 1 recycled; write=0.001 s, sync=0.001 s, total=0.003 s; sync files=4, longest=0.001 s, average=0.001 s; distance=7844 kB, estimate=8381 kB; lsn=0/466F85F8, redo lsn=0/466F85A0
2026-10-03T23:37:09.9610084Z  2026-10-03 23:33:15.091 UTC [61] LOG:  checkpoint starting: immediate force wait
2026-10-03T23:37:09.9610650Z  2026-10-03 23:33:15.093 UTC [61] LOG:  checkpoint complete: wrote 4 buffers (0.0%); 0 WAL file(s) added, 0 removed, 0 recycled; write=0.001 s, sync=0.001 s, total=0.003 s; sync files=4, longest=0.001 s, average=0.001 s; distance=8443 kB, estimate=8443 kB; lsn=0/46F37590, redo lsn=0/46F37538
2026-10-03T23:37:09.9611213Z  2026-10-03 23:33:15.997 UTC [61] LOG:  checkpoint starting: immediate force wait
2026-10-03T23:37:09.9611778Z  2026-10-03 23:33:16.000 UTC [61] LOG:  checkpoint complete: wrote 4 buffers (0.0%); 0 WAL file(s) added, 0 removed, 1 recycled; write=0.001 s, sync=0.001 s, total=0.003 s; sync files=4, longest=0.001 s, average=0.001 s; distance=8410 kB, estimate=8440 kB; lsn=0/4776E058, redo lsn=0/4776DFE8
2026-10-03T23:37:09.9612331Z  2026-10-03 23:33:16.865 UTC [1105] ERROR:  isolated receipt failure
2026-10-03T23:37:09.9612631Z  2026-10-03 23:33:16.865 UTC [1105] CONTEXT:  PL/pgSQL function isolated_notification_receipt() line 1 at RAISE
2026-10-03T23:37:09.9613148Z  2026-10-03 23:33:16.865 UTC [1105] STATEMENT:  INSERT INTO correction_idempotency(owner_user_id,action,resource,key,digest,status,receipt) VALUES($1,'notification-read',$2,$3,$4,200,$5)
2026-10-03T23:37:09.9613602Z  2026-10-03 23:33:17.038 UTC [61] LOG:  checkpoint starting: immediate force wait
2026-10-03T23:37:09.9614166Z  2026-10-03 23:33:17.040 UTC [61] LOG:  checkpoint complete: wrote 4 buffers (0.0%); 0 WAL file(s) added, 0 removed, 0 recycled; write=0.001 s, sync=0.001 s, total=0.003 s; sync files=4, longest=0.001 s, average=0.001 s; distance=8598 kB, estimate=8598 kB; lsn=0/47FD3A50, redo lsn=0/47FD39F8
2026-10-03T23:37:09.9614814Z  2026-10-03 23:33:17.928 UTC [61] LOG:  checkpoint starting: immediate force wait
2026-10-03T23:37:09.9615373Z  2026-10-03 23:33:17.931 UTC [61] LOG:  checkpoint complete: wrote 4 buffers (0.0%); 0 WAL file(s) added, 0 removed, 1 recycled; write=0.001 s, sync=0.001 s, total=0.004 s; sync files=4, longest=0.001 s, average=0.001 s; distance=8413 kB, estimate=8580 kB; lsn=0/4880B168, redo lsn=0/4880B110
2026-10-03T23:37:09.9615935Z  2026-10-03 23:33:18.808 UTC [61] LOG:  checkpoint starting: immediate force wait
2026-10-03T23:37:09.9616493Z  2026-10-03 23:33:18.810 UTC [61] LOG:  checkpoint complete: wrote 4 buffers (0.0%); 0 WAL file(s) added, 0 removed, 1 recycled; write=0.001 s, sync=0.001 s, total=0.003 s; sync files=4, longest=0.001 s, average=0.001 s; distance=8341 kB, estimate=8556 kB; lsn=0/49030618, redo lsn=0/490305C0
2026-10-03T23:37:09.9617060Z  2026-10-03 23:33:19.804 UTC [61] LOG:  checkpoint starting: immediate force wait
2026-10-03T23:37:09.9617618Z  2026-10-03 23:33:19.807 UTC [61] LOG:  checkpoint complete: wrote 4 buffers (0.0%); 0 WAL file(s) added, 0 removed, 0 recycled; write=0.001 s, sync=0.001 s, total=0.003 s; sync files=4, longest=0.001 s, average=0.001 s; distance=9023 kB, estimate=9023 kB; lsn=0/49900490, redo lsn=0/49900438
2026-10-03T23:37:09.9618175Z  2026-10-03 23:36:12.145 UTC [61] LOG:  checkpoint starting: immediate force wait
2026-10-03T23:37:09.9618751Z  2026-10-03 23:36:12.151 UTC [61] LOG:  checkpoint complete: wrote 10 buffers (0.1%); 0 WAL file(s) added, 0 removed, 20 recycled; write=0.001 s, sync=0.001 s, total=0.007 s; sync files=9, longest=0.001 s, average=0.001 s; distance=322286 kB, estimate=322286 kB; lsn=0/5D3BBFE8, redo lsn=0/5D3BBF90
2026-10-03T23:37:09.9619324Z  2026-10-03 23:37:09.347 UTC [61] LOG:  checkpoint starting: immediate force wait
2026-10-03T23:37:09.9620043Z  2026-10-03 23:37:09.351 UTC [61] LOG:  checkpoint complete: wrote 4 buffers (0.0%); 0 WAL file(s) added, 0 removed, 6 recycled; write=0.001 s, sync=0.001 s, total=0.004 s; sync files=4, longest=0.001 s, average=0.001 s; distance=101818 kB, estimate=300240 kB; lsn=0/6372AB08, redo lsn=0/6372AAB0
2026-10-03T23:37:09.9624428Z Stop and remove container: 8bc87093e2ad49f9a805110b4ba4be74_postgres1711_9f6c0a
2026-10-03T23:37:09.9627936Z ##[command]/usr/bin/docker rm --force 94ce5ea4c0af72d61419ed081b424204578ccd871f1afdfa637cc4af4dc3022c
2026-10-03T23:37:10.1472817Z 94ce5ea4c0af72d61419ed081b424204578ccd871f1afdfa637cc4af4dc3022c
2026-10-03T23:37:10.1496127Z Remove container network: github_network_fde0b30796b945989b75a753fd6d6fd8
2026-10-03T23:37:10.1498500Z ##[command]/usr/bin/docker network rm github_network_fde0b30796b945989b75a753fd6d6fd8
2026-10-03T23:37:10.2080358Z github_network_fde0b30796b945989b75a753fd6d6fd8
2026-10-03T23:37:10.2130276Z Cleaning up orphan processes
