=== RUN   TestLearningCapacityMaxPool
    learning_capacity_test.go:229: LEARNING_CAPACITY actual published knowledge=1000 units=4000 paths=200 assets=1000 templates=200 instances=10000 blueprints=1000 rootCandidates=1000 core=8 directSuccessors=999 actualMaxPathNodes=100
    learning_capacity_test.go:229: LEARNING_CAPACITY approvalProofDifferential=1000 allEqual=true allApproved=true
    learning_capacity_test.go:237: LEARNING_CAPACITY optionsWireBytes=211777
    learning_capacity_test.go:231: LEARNING_CAPACITY 1000-safe-blueprint-options elapsed=297.270125ms allocs=94581 bytes=15677800 heap=39230176 maxRSS=333594624 unit=bytes GOOS=darwin err=<nil>
    learning_capacity_test.go:247: LEARNING_CAPACITY approval100Plan=[
          {
            "Plan": {
              "Node Type": "Nested Loop",
              "Parallel Aware": false,
              "Async Capable": false,
              "Join Type": "Inner",
              "Startup Cost": 5.03,
              "Total Cost": 143.41,
              "Plan Rows": 45,
              "Plan Width": 1,
              "Actual Startup Time": 2.909,
              "Actual Total Time": 195.157,
              "Actual Rows": 100,
              "Actual Loops": 1,
              "Inner Unique": true,
              "Shared Hit Blocks": 10219,
              "Shared Read Blocks": 3,
              "Shared Dirtied Blocks": 0,
              "Shared Written Blocks": 0,
              "Local Hit Blocks": 0,
              "Local Read Blocks": 0,
              "Local Dirtied Blocks": 0,
              "Local Written Blocks": 0,
              "Temp Read Blocks": 0,
              "Temp Written Blocks": 0,
              "Plans": [
                {
                  "Node Type": "Bitmap Heap Scan",
                  "Parent Relationship": "Outer",
                  "Parallel Aware": false,
                  "Async Capable": false,
                  "Relation Name": "path_nodes",
                  "Alias": "pn",
                  "Startup Cost": 4.74,
                  "Total Cost": 55.45,
                  "Plan Rows": 45,
                  "Plan Width": 20,
                  "Actual Startup Time": 0.015,
                  "Actual Total Time": 0.035,
                  "Actual Rows": 100,
                  "Actual Loops": 1,
                  "Recheck Cond": "((path_id = 'capacity-p-000'::text) AND (path_version = 2))",
                  "Rows Removed by Index Recheck": 0,
                  "Exact Heap Blocks": 2,
                  "Lossy Heap Blocks": 0,
                  "Shared Hit Blocks": 2,
                  "Shared Read Blocks": 3,
                  "Shared Dirtied Blocks": 0,
                  "Shared Written Blocks": 0,
                  "Local Hit Blocks": 0,
                  "Local Read Blocks": 0,
                  "Local Dirtied Blocks": 0,
                  "Local Written Blocks": 0,
                  "Temp Read Blocks": 0,
                  "Temp Written Blocks": 0,
                  "Plans": [
                    {
                      "Node Type": "Bitmap Index Scan",
                      "Parent Relationship": "Outer",
                      "Parallel Aware": false,
                      "Async Capable": false,
                      "Index Name": "path_nodes_path_id_path_version_knowledge_id_key",
                      "Startup Cost": 0.00,
                      "Total Cost": 4.73,
                      "Plan Rows": 45,
                      "Plan Width": 0,
                      "Actual Startup Time": 0.012,
                      "Actual Total Time": 0.013,
                      "Actual Rows": 100,
                      "Actual Loops": 1,
                      "Index Cond": "((path_id = 'capacity-p-000'::text) AND (path_version = 2))",
                      "Shared Hit Blocks": 0,
                      "Shared Read Blocks": 3,
                      "Shared Dirtied Blocks": 0,
                      "Shared Written Blocks": 0,
                      "Local Hit Blocks": 0,
                      "Local Read Blocks": 0,
                      "Local Dirtied Blocks": 0,
                      "Local Written Blocks": 0,
                      "Temp Read Blocks": 0,
                      "Temp Written Blocks": 0
                    }
                  ]
                },
                {
                  "Node Type": "Memoize",
                  "Parent Relationship": "Inner",
                  "Parallel Aware": false,
                  "Async Capable": false,
                  "Startup Cost": 0.29,
                  "Total Cost": 1.73,
                  "Plan Rows": 1,
                  "Plan Width": 85,
                  "Actual Startup Time": 0.002,
                  "Actual Total Time": 0.002,
                  "Actual Rows": 1,
                  "Actual Loops": 100,
                  "Cache Key": "pn.knowledge_id, pn.knowledge_version",
                  "Cache Mode": "logical",
                  "Cache Hits": 0,
                  "Cache Misses": 100,
                  "Cache Evictions": 0,
                  "Cache Overflows": 0,
                  "Peak Memory Usage": 20,
                  "Shared Hit Blocks": 201,
                  "Shared Read Blocks": 0,
                  "Shared Dirtied Blocks": 0,
                  "Shared Written Blocks": 0,
                  "Local Hit Blocks": 0,
                  "Local Read Blocks": 0,
                  "Local Dirtied Blocks": 0,
                  "Local Written Blocks": 0,
                  "Temp Read Blocks": 0,
                  "Temp Written Blocks": 0,
                  "Plans": [
                    {
                      "Node Type": "Index Only Scan",
                      "Parent Relationship": "Outer",
                      "Parallel Aware": false,
                      "Async Capable": false,
                      "Scan Direction": "Forward",
                      "Index Name": "learning_knowledge_identity_sha",
                      "Relation Name": "knowledge_versions",
                      "Alias": "k",
                      "Startup Cost": 0.28,
                      "Total Cost": 1.72,
                      "Plan Rows": 1,
                      "Plan Width": 85,
                      "Actual Startup Time": 0.001,
                      "Actual Total Time": 0.001,
                      "Actual Rows": 1,
                      "Actual Loops": 100,
                      "Index Cond": "((id = pn.knowledge_id) AND (version = pn.knowledge_version))",
                      "Rows Removed by Index Recheck": 0,
                      "Heap Fetches": 0,
                      "Shared Hit Blocks": 201,
                      "Shared Read Blocks": 0,
                      "Shared Dirtied Blocks": 0,
                      "Shared Written Blocks": 0,
                      "Local Hit Blocks": 0,
                      "Local Read Blocks": 0,
                      "Local Dirtied Blocks": 0,
                      "Local Written Blocks": 0,
                      "Temp Read Blocks": 0,
                      "Temp Written Blocks": 0
                    }
                  ]
                }
              ]
            },
            "Planning": {
              "Shared Hit Blocks": 17,
              "Shared Read Blocks": 0,
              "Shared Dirtied Blocks": 0,
              "Shared Written Blocks": 0,
              "Local Hit Blocks": 0,
              "Local Read Blocks": 0,
              "Local Dirtied Blocks": 0,
              "Local Written Blocks": 0,
              "Temp Read Blocks": 0,
              "Temp Written Blocks": 0
            },
            "Planning Time": 0.152,
            "Triggers": [
            ],
            "Execution Time": 195.169
          }
        ]
    learning_capacity_test.go:251: LEARNING_CAPACITY enroll-route-0 elapsed=755.473083ms allocs=33919 bytes=8423288 heap=32267928 maxRSS=333611008 unit=bytes GOOS=darwin err=<nil>
    learning_capacity_test.go:251: LEARNING_CAPACITY enroll-route-1 elapsed=731.495542ms allocs=33689 bytes=8396152 heap=32027864 maxRSS=333627392 unit=bytes GOOS=darwin err=<nil>
    learning_capacity_test.go:251: LEARNING_CAPACITY enroll-route-2 elapsed=749.879875ms allocs=33668 bytes=8346640 heap=31978880 maxRSS=333627392 unit=bytes GOOS=darwin err=<nil>
    learning_capacity_test.go:251: LEARNING_CAPACITY enroll-route-3 elapsed=728.646708ms allocs=33690 bytes=8395512 heap=32027400 maxRSS=333627392 unit=bytes GOOS=darwin err=<nil>
    learning_capacity_test.go:251: LEARNING_CAPACITY enroll-route-4 elapsed=722.835208ms allocs=33697 bytes=8396552 heap=32028584 maxRSS=333627392 unit=bytes GOOS=darwin err=<nil>
    learning_capacity_test.go:251: LEARNING_CAPACITY enroll-route-5 elapsed=728.465708ms allocs=33676 bytes=8395640 heap=32028264 maxRSS=333627392 unit=bytes GOOS=darwin err=<nil>
    learning_capacity_test.go:251: LEARNING_CAPACITY enroll-route-6 elapsed=724.379583ms allocs=33675 bytes=8392712 heap=32012968 maxRSS=333627392 unit=bytes GOOS=darwin err=<nil>
    learning_capacity_test.go:251: LEARNING_CAPACITY enroll-route-7 elapsed=721.80125ms allocs=33638 bytes=8340704 heap=31974368 maxRSS=333627392 unit=bytes GOOS=darwin err=<nil>
    learning_capacity_test.go:251: LEARNING_CAPACITY enroll-route-8 elapsed=720.423125ms allocs=33685 bytes=8395320 heap=32027496 maxRSS=333627392 unit=bytes GOOS=darwin err=<nil>
    learning_capacity_test.go:251: LEARNING_CAPACITY enroll-route-9 elapsed=734.012583ms allocs=33663 bytes=8391160 heap=32023640 maxRSS=333627392 unit=bytes GOOS=darwin err=<nil>
    learning_capacity_test.go:251: LEARNING_CAPACITY enroll-route-10 elapsed=722.300333ms allocs=33635 bytes=8342616 heap=31987688 maxRSS=333627392 unit=bytes GOOS=darwin err=<nil>
    learning_capacity_test.go:251: LEARNING_CAPACITY enroll-route-11 elapsed=723.586458ms allocs=33685 bytes=8395368 heap=32027816 maxRSS=333627392 unit=bytes GOOS=darwin err=<nil>
    learning_capacity_test.go:251: LEARNING_CAPACITY enroll-route-12 elapsed=730.892417ms allocs=33691 bytes=8396136 heap=32028648 maxRSS=333643776 unit=bytes GOOS=darwin err=<nil>
    learning_capacity_test.go:251: LEARNING_CAPACITY enroll-route-13 elapsed=723.456833ms allocs=33656 bytes=8390632 heap=32023768 maxRSS=333643776 unit=bytes GOOS=darwin err=<nil>
    learning_capacity_test.go:251: LEARNING_CAPACITY enroll-route-14 elapsed=726.353084ms allocs=33639 bytes=8341120 heap=31973776 maxRSS=333643776 unit=bytes GOOS=darwin err=<nil>
    learning_capacity_test.go:251: LEARNING_CAPACITY enroll-route-15 elapsed=723.297458ms allocs=33685 bytes=8395256 heap=32028536 maxRSS=333643776 unit=bytes GOOS=darwin err=<nil>
    learning_capacity_test.go:251: LEARNING_CAPACITY enroll-route-16 elapsed=726.703792ms allocs=33688 bytes=8395992 heap=32029320 maxRSS=333643776 unit=bytes GOOS=darwin err=<nil>
    learning_capacity_test.go:251: LEARNING_CAPACITY enroll-route-17 elapsed=719.169625ms allocs=33672 bytes=8347200 heap=31980800 maxRSS=333643776 unit=bytes GOOS=darwin err=<nil>
    learning_capacity_test.go:251: LEARNING_CAPACITY enroll-route-18 elapsed=729.68575ms allocs=33645 bytes=8388584 heap=32022232 maxRSS=333643776 unit=bytes GOOS=darwin err=<nil>
    learning_capacity_test.go:251: LEARNING_CAPACITY enroll-route-19 elapsed=726.989792ms allocs=33687 bytes=8395624 heap=32015848 maxRSS=333643776 unit=bytes GOOS=darwin err=<nil>
    learning_capacity_test.go:251: LEARNING_CAPACITY enroll-route-20 elapsed=134.344333ms allocs=6435 bytes=1521568 heap=25154816 maxRSS=333643776 unit=bytes GOOS=darwin err=<nil>
    learning_capacity_test.go:251: LEARNING_CAPACITY enroll-route-21 elapsed=132.411791ms allocs=6432 bytes=1519184 heap=25152368 maxRSS=333643776 unit=bytes GOOS=darwin err=<nil>
    learning_capacity_test.go:251: LEARNING_CAPACITY enroll-route-22 elapsed=132.433333ms allocs=6440 bytes=1521840 heap=25155056 maxRSS=333643776 unit=bytes GOOS=darwin err=<nil>
    learning_capacity_test.go:251: LEARNING_CAPACITY enroll-route-23 elapsed=131.382875ms allocs=6446 bytes=1522464 heap=25155904 maxRSS=333643776 unit=bytes GOOS=darwin err=<nil>
    learning_capacity_test.go:251: LEARNING_CAPACITY enroll-route-24 elapsed=132.232667ms allocs=6394 bytes=1467576 heap=25101272 maxRSS=333643776 unit=bytes GOOS=darwin err=<nil>
    learning_capacity_test.go:251: LEARNING_CAPACITY enroll-route-25 elapsed=134.848917ms allocs=6416 bytes=1517840 heap=25151488 maxRSS=333643776 unit=bytes GOOS=darwin err=<nil>
    learning_capacity_test.go:251: LEARNING_CAPACITY enroll-route-26 elapsed=136.468ms allocs=6426 bytes=1517776 heap=25138336 maxRSS=333643776 unit=bytes GOOS=darwin err=<nil>
    learning_capacity_test.go:251: LEARNING_CAPACITY enroll-route-27 elapsed=130.723459ms allocs=6414 bytes=1471768 heap=25105224 maxRSS=333643776 unit=bytes GOOS=darwin err=<nil>
    learning_capacity_test.go:251: LEARNING_CAPACITY enroll-route-28 elapsed=131.747667ms allocs=6427 bytes=1517952 heap=25145200 maxRSS=333643776 unit=bytes GOOS=darwin err=<nil>
    learning_capacity_test.go:251: LEARNING_CAPACITY enroll-route-29 elapsed=132.907875ms allocs=6411 bytes=1516048 heap=25142896 maxRSS=333643776 unit=bytes GOOS=darwin err=<nil>
    learning_capacity_test.go:251: LEARNING_CAPACITY enroll-route-30 elapsed=132.965709ms allocs=6423 bytes=1474928 heap=25113376 maxRSS=333643776 unit=bytes GOOS=darwin err=<nil>
    learning_capacity_test.go:251: LEARNING_CAPACITY enroll-route-31 elapsed=131.17275ms allocs=6410 bytes=1471432 heap=25097784 maxRSS=333643776 unit=bytes GOOS=darwin err=<nil>
    learning_capacity_test.go:251: LEARNING_CAPACITY enroll-route-32 elapsed=133.595459ms allocs=6396 bytes=1468776 heap=25095240 maxRSS=333643776 unit=bytes GOOS=darwin err=<nil>
    learning_capacity_test.go:251: LEARNING_CAPACITY enroll-route-33 elapsed=136.214291ms allocs=6446 bytes=1522688 heap=25137008 maxRSS=333643776 unit=bytes GOOS=darwin err=<nil>
    learning_capacity_test.go:251: LEARNING_CAPACITY enroll-route-34 elapsed=132.061541ms allocs=6433 bytes=1520048 heap=25147456 maxRSS=333643776 unit=bytes GOOS=darwin err=<nil>
    learning_capacity_test.go:251: LEARNING_CAPACITY enroll-route-35 elapsed=133.4085ms allocs=6442 bytes=1522544 heap=25136960 maxRSS=333643776 unit=bytes GOOS=darwin err=<nil>
    learning_capacity_test.go:251: LEARNING_CAPACITY enroll-route-36 elapsed=132.687583ms allocs=6432 bytes=1520624 heap=25148000 maxRSS=333643776 unit=bytes GOOS=darwin err=<nil>
    learning_capacity_test.go:251: LEARNING_CAPACITY enroll-route-37 elapsed=132.524041ms allocs=6437 bytes=1521920 heap=25149712 maxRSS=333643776 unit=bytes GOOS=darwin err=<nil>
    learning_capacity_test.go:251: LEARNING_CAPACITY enroll-route-38 elapsed=132.525209ms allocs=6414 bytes=1514872 heap=25129480 maxRSS=333643776 unit=bytes GOOS=darwin err=<nil>
    learning_capacity_test.go:251: LEARNING_CAPACITY enroll-route-39 elapsed=133.829583ms allocs=6448 bytes=1522592 heap=25150112 maxRSS=333643776 unit=bytes GOOS=darwin err=<nil>
    learning_capacity_test.go:251: LEARNING_CAPACITY enroll-route-40 elapsed=145.372625ms allocs=6429 bytes=1520960 heap=25148544 maxRSS=333643776 unit=bytes GOOS=darwin err=<nil>
    learning_capacity_test.go:251: LEARNING_CAPACITY enroll-route-41 elapsed=133.076209ms allocs=6427 bytes=1518016 heap=25132864 maxRSS=333643776 unit=bytes GOOS=darwin err=<nil>
    learning_capacity_test.go:251: LEARNING_CAPACITY enroll-route-42 elapsed=133.711625ms allocs=6434 bytes=1519776 heap=25148048 maxRSS=333643776 unit=bytes GOOS=darwin err=<nil>
    learning_capacity_test.go:251: LEARNING_CAPACITY enroll-route-43 elapsed=132.533583ms allocs=6435 bytes=1521312 heap=25149616 maxRSS=333643776 unit=bytes GOOS=darwin err=<nil>
    learning_capacity_test.go:251: LEARNING_CAPACITY enroll-route-44 elapsed=133.779416ms allocs=6426 bytes=1473400 heap=25101288 maxRSS=333643776 unit=bytes GOOS=darwin err=<nil>
    learning_capacity_test.go:251: LEARNING_CAPACITY enroll-route-45 elapsed=133.436625ms allocs=6429 bytes=1473784 heap=25101480 maxRSS=333643776 unit=bytes GOOS=darwin err=<nil>
    learning_capacity_test.go:251: LEARNING_CAPACITY enroll-route-46 elapsed=132.671ms allocs=6412 bytes=1517520 heap=25145536 maxRSS=333643776 unit=bytes GOOS=darwin err=<nil>
    learning_capacity_test.go:251: LEARNING_CAPACITY enroll-route-47 elapsed=133.090625ms allocs=6423 bytes=1517488 heap=25132528 maxRSS=333643776 unit=bytes GOOS=darwin err=<nil>
    learning_capacity_test.go:251: LEARNING_CAPACITY enroll-route-48 elapsed=134.063833ms allocs=6441 bytes=1521952 heap=25149936 maxRSS=333643776 unit=bytes GOOS=darwin err=<nil>
    learning_capacity_test.go:251: LEARNING_CAPACITY enroll-route-49 elapsed=133.871417ms allocs=6437 bytes=1520912 heap=25136144 maxRSS=333643776 unit=bytes GOOS=darwin err=<nil>
    learning_capacity_test.go:251: LEARNING_CAPACITY enroll-route-50 elapsed=133.958958ms allocs=6447 bytes=1522320 heap=25150400 maxRSS=333643776 unit=bytes GOOS=darwin err=<nil>
    learning_capacity_test.go:251: LEARNING_CAPACITY enroll-route-51 elapsed=132.575459ms allocs=6423 bytes=1519680 heap=25147776 maxRSS=333643776 unit=bytes GOOS=darwin err=<nil>
    learning_capacity_test.go:251: LEARNING_CAPACITY enroll-route-52 elapsed=132.777625ms allocs=6447 bytes=1522720 heap=25138096 maxRSS=333643776 unit=bytes GOOS=darwin err=<nil>
    learning_capacity_test.go:251: LEARNING_CAPACITY enroll-route-53 elapsed=133.685583ms allocs=6429 bytes=1519232 heap=25147536 maxRSS=333643776 unit=bytes GOOS=darwin err=<nil>
    learning_capacity_test.go:251: LEARNING_CAPACITY enroll-route-54 elapsed=135.495334ms allocs=6421 bytes=1517344 heap=25145568 maxRSS=333643776 unit=bytes GOOS=darwin err=<nil>
    learning_capacity_test.go:251: LEARNING_CAPACITY enroll-route-55 elapsed=137.456375ms allocs=6430 bytes=1473896 heap=25102296 maxRSS=333643776 unit=bytes GOOS=darwin err=<nil>
    learning_capacity_test.go:251: LEARNING_CAPACITY enroll-route-56 elapsed=134.050208ms allocs=6425 bytes=1473272 heap=25101720 maxRSS=333643776 unit=bytes GOOS=darwin err=<nil>
    learning_capacity_test.go:251: LEARNING_CAPACITY enroll-route-57 elapsed=133.492375ms allocs=6437 bytes=1520928 heap=25149568 maxRSS=333643776 unit=bytes GOOS=darwin err=<nil>
    learning_capacity_test.go:251: LEARNING_CAPACITY enroll-route-58 elapsed=139.287916ms allocs=6410 bytes=1515888 heap=25144448 maxRSS=333643776 unit=bytes GOOS=darwin err=<nil>
    learning_capacity_test.go:251: LEARNING_CAPACITY enroll-route-59 elapsed=137.041791ms allocs=6411 bytes=1516448 heap=25144832 maxRSS=333643776 unit=bytes GOOS=darwin err=<nil>
    learning_capacity_test.go:251: LEARNING_CAPACITY enroll-route-60 elapsed=136.462125ms allocs=6455 bytes=1523616 heap=25152144 maxRSS=333643776 unit=bytes GOOS=darwin err=<nil>
    learning_capacity_test.go:251: LEARNING_CAPACITY enroll-route-61 elapsed=129.441917ms allocs=6434 bytes=1521312 heap=25150816 maxRSS=333643776 unit=bytes GOOS=darwin err=<nil>
    learning_capacity_test.go:251: LEARNING_CAPACITY enroll-route-62 elapsed=128.215167ms allocs=6424 bytes=1473752 heap=25102872 maxRSS=333643776 unit=bytes GOOS=darwin err=<nil>
    learning_capacity_test.go:251: LEARNING_CAPACITY enroll-route-63 elapsed=132.781125ms allocs=6430 bytes=1518240 heap=25147424 maxRSS=333643776 unit=bytes GOOS=darwin err=<nil>
    learning_capacity_test.go:251: LEARNING_CAPACITY enroll-route-64 elapsed=133.219209ms allocs=6405 bytes=1469816 heap=25099704 maxRSS=333643776 unit=bytes GOOS=darwin err=<nil>
    learning_capacity_test.go:251: LEARNING_CAPACITY enroll-route-65 elapsed=133.821375ms allocs=6394 bytes=1467656 heap=25097112 maxRSS=333643776 unit=bytes GOOS=darwin err=<nil>
    learning_capacity_test.go:251: LEARNING_CAPACITY enroll-route-66 elapsed=133.298125ms allocs=6412 bytes=1516432 heap=25145840 maxRSS=333643776 unit=bytes GOOS=darwin err=<nil>
    learning_capacity_test.go:251: LEARNING_CAPACITY enroll-route-67 elapsed=134.203ms allocs=6423 bytes=1517568 heap=25146752 maxRSS=333643776 unit=bytes GOOS=darwin err=<nil>
    learning_capacity_test.go:251: LEARNING_CAPACITY enroll-route-68 elapsed=133.717958ms allocs=6399 bytes=1467768 heap=25097704 maxRSS=333643776 unit=bytes GOOS=darwin err=<nil>
    learning_capacity_test.go:251: LEARNING_CAPACITY enroll-route-69 elapsed=133.152333ms allocs=6424 bytes=1517424 heap=25147008 maxRSS=333643776 unit=bytes GOOS=darwin err=<nil>
    learning_capacity_test.go:251: LEARNING_CAPACITY enroll-route-70 elapsed=137.411291ms allocs=6428 bytes=1473736 heap=25103800 maxRSS=333643776 unit=bytes GOOS=darwin err=<nil>
    learning_capacity_test.go:251: LEARNING_CAPACITY enroll-route-71 elapsed=132.481666ms allocs=6446 bytes=1524736 heap=25154416 maxRSS=333643776 unit=bytes GOOS=darwin err=<nil>
    learning_capacity_test.go:251: LEARNING_CAPACITY enroll-route-72 elapsed=133.48275ms allocs=6445 bytes=1522496 heap=25153216 maxRSS=333643776 unit=bytes GOOS=darwin err=<nil>
    learning_capacity_test.go:251: LEARNING_CAPACITY enroll-route-73 elapsed=132.220834ms allocs=6404 bytes=1468472 heap=25099704 maxRSS=333643776 unit=bytes GOOS=darwin err=<nil>
    learning_capacity_test.go:251: LEARNING_CAPACITY enroll-route-74 elapsed=131.872833ms allocs=6430 bytes=1518288 heap=25149632 maxRSS=333643776 unit=bytes GOOS=darwin err=<nil>
    learning_capacity_test.go:251: LEARNING_CAPACITY enroll-route-75 elapsed=133.708959ms allocs=6423 bytes=1473192 heap=25105352 maxRSS=333643776 unit=bytes GOOS=darwin err=<nil>
    learning_capacity_test.go:251: LEARNING_CAPACITY enroll-route-76 elapsed=132.994458ms allocs=6423 bytes=1472040 heap=25103768 maxRSS=333643776 unit=bytes GOOS=darwin err=<nil>
    learning_capacity_test.go:251: LEARNING_CAPACITY enroll-route-77 elapsed=135.039375ms allocs=6447 bytes=1522944 heap=25154576 maxRSS=333643776 unit=bytes GOOS=darwin err=<nil>
    learning_capacity_test.go:251: LEARNING_CAPACITY enroll-route-78 elapsed=134.123209ms allocs=6446 bytes=1521856 heap=25154000 maxRSS=333643776 unit=bytes GOOS=darwin err=<nil>
    learning_capacity_test.go:251: LEARNING_CAPACITY enroll-route-79 elapsed=132.413708ms allocs=6413 bytes=1516400 heap=25149648 maxRSS=333643776 unit=bytes GOOS=darwin err=<nil>
    learning_capacity_test.go:251: LEARNING_CAPACITY enroll-route-80 elapsed=132.855042ms allocs=6398 bytes=1468136 heap=25101320 maxRSS=333643776 unit=bytes GOOS=darwin err=<nil>
    learning_capacity_test.go:251: LEARNING_CAPACITY enroll-route-81 elapsed=132.174042ms allocs=6445 bytes=1522640 heap=25155712 maxRSS=333643776 unit=bytes GOOS=darwin err=<nil>
    learning_capacity_test.go:251: LEARNING_CAPACITY enroll-route-82 elapsed=133.115917ms allocs=6418 bytes=1518112 heap=25151440 maxRSS=333643776 unit=bytes GOOS=darwin err=<nil>
    learning_capacity_test.go:251: LEARNING_CAPACITY enroll-route-83 elapsed=132.055125ms allocs=6428 bytes=1517888 heap=25151616 maxRSS=333643776 unit=bytes GOOS=darwin err=<nil>
    learning_capacity_test.go:251: LEARNING_CAPACITY enroll-route-84 elapsed=133.5535ms allocs=6410 bytes=1469080 heap=25103640 maxRSS=333643776 unit=bytes GOOS=darwin err=<nil>
    learning_capacity_test.go:251: LEARNING_CAPACITY enroll-route-85 elapsed=136.405083ms allocs=6433 bytes=1521136 heap=25156240 maxRSS=333660160 unit=bytes GOOS=darwin err=<nil>
    learning_capacity_test.go:251: LEARNING_CAPACITY enroll-route-86 elapsed=134.299541ms allocs=6439 bytes=1521552 heap=25156368 maxRSS=333660160 unit=bytes GOOS=darwin err=<nil>
    learning_capacity_test.go:251: LEARNING_CAPACITY enroll-route-87 elapsed=133.251791ms allocs=6449 bytes=1522720 heap=25159072 maxRSS=333660160 unit=bytes GOOS=darwin err=<nil>
    learning_capacity_test.go:251: LEARNING_CAPACITY enroll-route-88 elapsed=133.578875ms allocs=6435 bytes=1520608 heap=25148304 maxRSS=333660160 unit=bytes GOOS=darwin err=<nil>
    learning_capacity_test.go:251: LEARNING_CAPACITY enroll-route-89 elapsed=132.925708ms allocs=6411 bytes=1516128 heap=25143760 maxRSS=333660160 unit=bytes GOOS=darwin err=<nil>
    learning_capacity_test.go:251: LEARNING_CAPACITY enroll-route-90 elapsed=135.362125ms allocs=6451 bytes=1523120 heap=25137792 maxRSS=333660160 unit=bytes GOOS=darwin err=<nil>
    learning_capacity_test.go:251: LEARNING_CAPACITY enroll-route-91 elapsed=133.637834ms allocs=6431 bytes=1521296 heap=25149616 maxRSS=333660160 unit=bytes GOOS=darwin err=<nil>
    learning_capacity_test.go:251: LEARNING_CAPACITY enroll-route-92 elapsed=134.239458ms allocs=6418 bytes=1517824 heap=25145360 maxRSS=333660160 unit=bytes GOOS=darwin err=<nil>
    learning_capacity_test.go:251: LEARNING_CAPACITY enroll-route-93 elapsed=132.947084ms allocs=6398 bytes=1470032 heap=25109904 maxRSS=333660160 unit=bytes GOOS=darwin err=<nil>
    learning_capacity_test.go:251: LEARNING_CAPACITY enroll-route-94 elapsed=131.491833ms allocs=6440 bytes=1521680 heap=25149344 maxRSS=333660160 unit=bytes GOOS=darwin err=<nil>
    learning_capacity_test.go:251: LEARNING_CAPACITY enroll-route-95 elapsed=133.054875ms allocs=6459 bytes=1524048 heap=25164384 maxRSS=333660160 unit=bytes GOOS=darwin err=<nil>
    learning_capacity_test.go:251: LEARNING_CAPACITY enroll-route-96 elapsed=133.240916ms allocs=6442 bytes=1520288 heap=25149392 maxRSS=333660160 unit=bytes GOOS=darwin err=<nil>
    learning_capacity_test.go:251: LEARNING_CAPACITY enroll-route-97 elapsed=132.929792ms allocs=6414 bytes=1516512 heap=25145952 maxRSS=333660160 unit=bytes GOOS=darwin err=<nil>
    learning_capacity_test.go:251: LEARNING_CAPACITY enroll-route-98 elapsed=132.064667ms allocs=6423 bytes=1515768 heap=25132280 maxRSS=333660160 unit=bytes GOOS=darwin err=<nil>
    learning_capacity_test.go:251: LEARNING_CAPACITY enroll-route-99 elapsed=132.800791ms allocs=6400 bytes=1468360 heap=25098440 maxRSS=333660160 unit=bytes GOOS=darwin err=<nil>
    learning_capacity_test.go:266: LEARNING_CAPACITY page-100-routes-3280-fixed-nodes elapsed=546.883208ms allocs=81994 bytes=15568104 heap=39198248 maxRSS=333660160 unit=bytes GOOS=darwin err=<nil>
    learning_capacity_test.go:295: LEARNING_CAPACITY create-five-only-sparse-1000-eight-core elapsed=171.633667ms allocs=27147 bytes=2868272 heap=26651432 maxRSS=333709312 unit=bytes GOOS=darwin err=<nil>
    learning_capacity_test.go:305: LEARNING_CAPACITY submit-and-999-direct-successors elapsed=2.066765958s allocs=32923 bytes=5659176 heap=7499768 maxRSS=333742080 unit=bytes GOOS=darwin err=<nil>
    learning_capacity_test.go:313: LEARNING_CAPACITY overview-1000-current elapsed=480.693291ms allocs=69804 bytes=4296448 heap=5497392 maxRSS=333742080 unit=bytes GOOS=darwin err=<nil>
    learning_capacity_test.go:320: LEARNING_CAPACITY 100-node-page elapsed=223.126375ms allocs=31639 bytes=6213288 heap=7247728 maxRSS=333758464 unit=bytes GOOS=darwin err=<nil>
    learning_capacity_test.go:340: LEARNING_CAPACITY alternative-pass-antijoin elapsed=293.253791ms allocs=94062 bytes=14443176 heap=38893368 maxRSS=333938688 unit=bytes GOOS=darwin err=<nil>
    learning_capacity_test.go:347: LEARNING_CAPACITY historical-approved-svg elapsed=10.621834ms allocs=1419 bytes=373248 heap=18096424 maxRSS=333938688 unit=bytes GOOS=darwin err=<nil>
    learning_capacity_test.go:364: LEARNING_CAPACITY owned-history-101-offset-0 elapsed=10.109667ms allocs=2990 bytes=294840 heap=18032664 maxRSS=334233600 unit=bytes GOOS=darwin err=<nil>
    learning_capacity_test.go:364: LEARNING_CAPACITY owned-history-101-offset-100 elapsed=9.368916ms allocs=1010 bytes=197624 heap=17937880 maxRSS=334233600 unit=bytes GOOS=darwin err=<nil>
    learning_capacity_test.go:376: LEARNING_CAPACITY batch-template-exposure elapsed=27.380709ms allocs=120932 bytes=27493080 heap=35387192 maxRSS=334233600 unit=bytes GOOS=darwin err=<nil>
    learning_capacity_test.go:387: LEARNING_CAPACITY SQLSUMMARY metadata-1000 actualRows=999 executionMs=51.405000 sharedHits=110664 sharedReads=0
    learning_capacity_test.go:387: LEARNING_CAPACITY SQLPLAN metadata-1000 [
          {
            "Plan": {
              "Node Type": "Limit",
              "Parallel Aware": false,
              "Async Capable": false,
              "Startup Cost": 2170.55,
              "Total Cost": 2306.47,
              "Plan Rows": 1,
              "Plan Width": 271,
              "Actual Startup Time": 3.119,
              "Actual Total Time": 51.309,
              "Actual Rows": 999,
              "Actual Loops": 1,
              "Shared Hit Blocks": 110664,
              "Shared Read Blocks": 0,
              "Shared Dirtied Blocks": 0,
              "Shared Written Blocks": 0,
              "Local Hit Blocks": 0,
              "Local Read Blocks": 0,
              "Local Dirtied Blocks": 0,
              "Local Written Blocks": 0,
              "Temp Read Blocks": 0,
              "Temp Written Blocks": 0,
              "Plans": [
                {
                  "Node Type": "Limit",
                  "Parent Relationship": "InitPlan",
                  "Subplan Name": "CTE recent",
                  "Parallel Aware": false,
                  "Async Capable": false,
                  "Startup Cost": 0.14,
                  "Total Cost": 8.16,
                  "Plan Rows": 1,
                  "Plan Width": 24,
                  "Actual Startup Time": 0.002,
                  "Actual Total Time": 0.002,
                  "Actual Rows": 1,
                  "Actual Loops": 1,
                  "Shared Hit Blocks": 2,
                  "Shared Read Blocks": 0,
                  "Shared Dirtied Blocks": 0,
                  "Shared Written Blocks": 0,
                  "Local Hit Blocks": 0,
                  "Local Read Blocks": 0,
                  "Local Dirtied Blocks": 0,
                  "Local Written Blocks": 0,
                  "Temp Read Blocks": 0,
                  "Temp Written Blocks": 0,
                  "Plans": [
                    {
                      "Node Type": "Index Only Scan",
                      "Parent Relationship": "Outer",
                      "Parallel Aware": false,
                      "Async Capable": false,
                      "Scan Direction": "Forward",
                      "Index Name": "learning_recent_submission",
                      "Relation Name": "assessment_attempts",
                      "Alias": "assessment_attempts",
                      "Startup Cost": 0.14,
                      "Total Cost": 8.16,
                      "Plan Rows": 1,
                      "Plan Width": 24,
                      "Actual Startup Time": 0.001,
                      "Actual Total Time": 0.001,
                      "Actual Rows": 1,
                      "Actual Loops": 1,
                      "Index Cond": "(owner_user_id = '56b2b1da-4979-4a21-8fa3-392ea761d1ee'::uuid)",
                      "Rows Removed by Index Recheck": 0,
                      "Heap Fetches": 1,
                      "Shared Hit Blocks": 2,
                      "Shared Read Blocks": 0,
                      "Shared Dirtied Blocks": 0,
                      "Shared Written Blocks": 0,
                      "Local Hit Blocks": 0,
                      "Local Read Blocks": 0,
                      "Local Dirtied Blocks": 0,
                      "Local Written Blocks": 0,
                      "Temp Read Blocks": 0,
                      "Temp Written Blocks": 0
                    }
                  ]
                },
                {
                  "Node Type": "Hash Join",
                  "Parent Relationship": "InitPlan",
                  "Subplan Name": "CTE available_units",
                  "Parallel Aware": false,
                  "Async Capable": false,
                  "Join Type": "Inner",
                  "Startup Cost": 958.39,
                  "Total Cost": 1345.98,
                  "Plan Rows": 2547,
                  "Plan Width": 22,
                  "Actual Startup Time": 0.564,
                  "Actual Total Time": 1.354,
                  "Actual Rows": 4000,
                  "Actual Loops": 1,
                  "Inner Unique": true,
                  "Hash Cond": "((uv.id = m_1.id) AND (uv.version = m_1.version))",
                  "Shared Hit Blocks": 209,
                  "Shared Read Blocks": 0,
                  "Shared Dirtied Blocks": 0,
                  "Shared Written Blocks": 0,
                  "Local Hit Blocks": 0,
                  "Local Read Blocks": 0,
                  "Local Dirtied Blocks": 0,
                  "Local Written Blocks": 0,
                  "Temp Read Blocks": 0,
                  "Temp Written Blocks": 0,
                  "Plans": [
                    {
                      "Node Type": "Merge Join",
                      "Parent Relationship": "Outer",
                      "Parallel Aware": false,
                      "Async Capable": false,
                      "Join Type": "Anti",
                      "Startup Cost": 0.41,
                      "Total Cost": 366.46,
                      "Plan Rows": 4100,
                      "Plan Width": 22,
                      "Actual Startup Time": 0.002,
                      "Actual Total Time": 0.424,
                      "Actual Rows": 4100,
                      "Actual Loops": 1,
                      "Inner Unique": false,
                      "Merge Cond": "((uv.id = w_1.target_id) AND (uv.version = w_1.target_version))",
                      "Join Filter": "(w_1.sha256 = uv.sha256)",
                      "Rows Removed by Join Filter": 0,
                      "Shared Hit Blocks": 70,
                      "Shared Read Blocks": 0,
                      "Shared Dirtied Blocks": 0,
                      "Shared Written Blocks": 0,
                      "Local Hit Blocks": 0,
                      "Local Read Blocks": 0,
                      "Local Dirtied Blocks": 0,
                      "Local Written Blocks": 0,
                      "Temp Read Blocks": 0,
                      "Temp Written Blocks": 0,
                      "Plans": [
                        {
                          "Node Type": "Index Only Scan",
                          "Parent Relationship": "Outer",
                          "Parallel Aware": false,
                          "Async Capable": false,
                          "Scan Direction": "Forward",
                          "Index Name": "learning_unit_identity_sha",
                          "Relation Name": "unit_versions",
                          "Alias": "uv",
                          "Startup Cost": 0.28,
                          "Total Cost": 333.78,
                          "Plan Rows": 4100,
                          "Plan Width": 87,
                          "Actual Startup Time": 0.001,
                          "Actual Total Time": 0.222,
                          "Actual Rows": 4100,
                          "Actual Loops": 1,
                          "Heap Fetches": 0,
                          "Shared Hit Blocks": 68,
                          "Shared Read Blocks": 0,
                          "Shared Dirtied Blocks": 0,
                          "Shared Written Blocks": 0,
                          "Local Hit Blocks": 0,
                          "Local Read Blocks": 0,
                          "Local Dirtied Blocks": 0,
                          "Local Written Blocks": 0,
                          "Temp Read Blocks": 0,
                          "Temp Written Blocks": 0
                        },
                        {
                          "Node Type": "Index Scan",
                          "Parent Relationship": "Inner",
                          "Parallel Aware": false,
                          "Async Capable": false,
                          "Scan Direction": "Forward",
                          "Index Name": "content_withdrawal_version",
                          "Relation Name": "content_withdrawals",
                          "Alias": "w_1",
                          "Startup Cost": 0.12,
                          "Total Cost": 12.15,
                          "Plan Rows": 2,
                          "Plan Width": 68,
                          "Actual Startup Time": 0.000,
                          "Actual Total Time": 0.001,
                          "Actual Rows": 0,
                          "Actual Loops": 1,
                          "Index Cond": "(kind = 'unit'::text)",
                          "Rows Removed by Index Recheck": 0,
                          "Shared Hit Blocks": 2,
                          "Shared Read Blocks": 0,
                          "Shared Dirtied Blocks": 0,
                          "Shared Written Blocks": 0,
                          "Local Hit Blocks": 0,
                          "Local Read Blocks": 0,
                          "Local Dirtied Blocks": 0,
                          "Local Written Blocks": 0,
                          "Temp Read Blocks": 0,
                          "Temp Written Blocks": 0
                        }
                      ]
                    },
                    {
                      "Node Type": "Hash",
                      "Parent Relationship": "Inner",
                      "Parallel Aware": false,
                      "Async Capable": false,
                      "Startup Cost": 898.13,
                      "Total Cost": 898.13,
                      "Plan Rows": 3990,
                      "Plan Width": 21,
                      "Actual Startup Time": 0.561,
                      "Actual Total Time": 0.561,
                      "Actual Rows": 4000,
                      "Actual Loops": 1,
                      "Hash Buckets": 4096,
                      "Original Hash Buckets": 4096,
                      "Hash Batches": 1,
                      "Original Hash Batches": 1,
                      "Peak Memory Usage": 251,
                      "Shared Hit Blocks": 139,
                      "Shared Read Blocks": 0,
                      "Shared Dirtied Blocks": 0,
                      "Shared Written Blocks": 0,
                      "Local Hit Blocks": 0,
                      "Local Read Blocks": 0,
                      "Local Dirtied Blocks": 0,
                      "Local Written Blocks": 0,
                      "Temp Read Blocks": 0,
                      "Temp Written Blocks": 0,
                      "Plans": [
                        {
                          "Node Type": "Bitmap Heap Scan",
                          "Parent Relationship": "Outer",
                          "Parallel Aware": false,
                          "Async Capable": false,
                          "Relation Name": "publication_members",
                          "Alias": "m_1",
                          "Startup Cost": 333.31,
                          "Total Cost": 898.13,
                          "Plan Rows": 3990,
                          "Plan Width": 21,
                          "Actual Startup Time": 0.068,
                          "Actual Total Time": 0.342,
                          "Actual Rows": 4000,
                          "Actual Loops": 1,
                          "Recheck Cond": "((snapshot_id = '1aef0c57-0ede-4611-8d9f-c7453e160737'::text) AND (kind = 'unit'::text))",
                          "Rows Removed by Index Recheck": 0,
                          "Filter": "(availability = 'active'::text)",
                          "Rows Removed by Filter": 0,
                          "Exact Heap Blocks": 62,
                          "Lossy Heap Blocks": 0,
                          "Shared Hit Blocks": 139,
                          "Shared Read Blocks": 0,
                          "Shared Dirtied Blocks": 0,
                          "Shared Written Blocks": 0,
                          "Local Hit Blocks": 0,
                          "Local Read Blocks": 0,
                          "Local Dirtied Blocks": 0,
                          "Local Written Blocks": 0,
                          "Temp Read Blocks": 0,
                          "Temp Written Blocks": 0,
                          "Plans": [
                            {
                              "Node Type": "Bitmap Index Scan",
                              "Parent Relationship": "Outer",
                              "Parallel Aware": false,
                              "Async Capable": false,
                              "Index Name": "publication_members_pkey",
                              "Startup Cost": 0.00,
                              "Total Cost": 332.31,
                              "Plan Rows": 3990,
                              "Plan Width": 0,
                              "Actual Startup Time": 0.064,
                              "Actual Total Time": 0.064,
                              "Actual Rows": 4000,
                              "Actual Loops": 1,
                              "Index Cond": "((snapshot_id = '1aef0c57-0ede-4611-8d9f-c7453e160737'::text) AND (kind = 'unit'::text))",
                              "Shared Hit Blocks": 77,
                              "Shared Read Blocks": 0,
                              "Shared Dirtied Blocks": 0,
                              "Shared Written Blocks": 0,
                              "Local Hit Blocks": 0,
                              "Local Read Blocks": 0,
                              "Local Dirtied Blocks": 0,
                              "Local Written Blocks": 0,
                              "Temp Read Blocks": 0,
                              "Temp Written Blocks": 0
                            }
                          ]
                        }
                      ]
                    }
                  ]
                },
                {
                  "Node Type": "Nested Loop",
                  "Parent Relationship": "InitPlan",
                  "Subplan Name": "CTE available_assets",
                  "Parallel Aware": false,
                  "Async Capable": false,
                  "Join Type": "Anti",
                  "Startup Cost": 288.75,
                  "Total Cost": 809.72,
                  "Plan Rows": 5,
                  "Plan Width": 82,
                  "Actual Startup Time": 0.351,
                  "Actual Total Time": 0.750,
                  "Actual Rows": 1000,
                  "Actual Loops": 1,
                  "Inner Unique": false,
                  "Shared Hit Blocks": 2140,
                  "Shared Read Blocks": 0,
                  "Shared Dirtied Blocks": 0,
                  "Shared Written Blocks": 0,
                  "Local Hit Blocks": 0,
                  "Local Read Blocks": 0,
                  "Local Dirtied Blocks": 0,
                  "Local Written Blocks": 0,
                  "Temp Read Blocks": 0,
                  "Temp Written Blocks": 0,
                  "Plans": [
                    {
                      "Node Type": "Hash Join",
                      "Parent Relationship": "Outer",
                      "Parallel Aware": false,
                      "Async Capable": false,
                      "Join Type": "Inner",
                      "Startup Cost": 288.62,
                      "Total Cost": 808.75,
                      "Plan Rows": 5,
                      "Plan Width": 82,
                      "Actual Startup Time": 0.350,
                      "Actual Total Time": 0.529,
                      "Actual Rows": 1000,
                      "Actual Loops": 1,
                      "Inner Unique": true,
                      "Hash Cond": "((m_2.package_id = pm.package_id) AND (m_2.package_version = pm.package_version) AND (m_2.id = pm.id))",
                      "Shared Hit Blocks": 140,
                      "Shared Read Blocks": 0,
                      "Shared Dirtied Blocks": 0,
                      "Shared Written Blocks": 0,
                      "Local Hit Blocks": 0,
                      "Local Read Blocks": 0,
                      "Local Dirtied Blocks": 0,
                      "Local Written Blocks": 0,
                      "Temp Read Blocks": 0,
                      "Temp Written Blocks": 0,
                      "Plans": [
                        {
                          "Node Type": "Bitmap Heap Scan",
                          "Parent Relationship": "Outer",
                          "Parallel Aware": false,
                          "Async Capable": false,
                          "Relation Name": "publication_members",
                          "Alias": "m_2",
                          "Startup Cost": 86.56,
                          "Total Cost": 598.88,
                          "Plan Rows": 990,
                          "Plan Width": 36,
                          "Actual Startup Time": 0.026,
                          "Actual Total Time": 0.094,
                          "Actual Rows": 1000,
                          "Actual Loops": 1,
                          "Recheck Cond": "((snapshot_id = '1aef0c57-0ede-4611-8d9f-c7453e160737'::text) AND (kind = 'asset'::text))",
                          "Rows Removed by Index Recheck": 0,
                          "Filter": "(availability = 'active'::text)",
                          "Rows Removed by Filter": 0,
                          "Exact Heap Blocks": 21,
                          "Lossy Heap Blocks": 0,
                          "Shared Hit Blocks": 42,
                          "Shared Read Blocks": 0,
                          "Shared Dirtied Blocks": 0,
                          "Shared Written Blocks": 0,
                          "Local Hit Blocks": 0,
                          "Local Read Blocks": 0,
                          "Local Dirtied Blocks": 0,
                          "Local Written Blocks": 0,
                          "Temp Read Blocks": 0,
                          "Temp Written Blocks": 0,
                          "Plans": [
                            {
                              "Node Type": "Bitmap Index Scan",
                              "Parent Relationship": "Outer",
                              "Parallel Aware": false,
                              "Async Capable": false,
                              "Index Name": "publication_members_pkey",
                              "Startup Cost": 0.00,
                              "Total Cost": 86.31,
                              "Plan Rows": 990,
                              "Plan Width": 0,
                              "Actual Startup Time": 0.024,
                              "Actual Total Time": 0.024,
                              "Actual Rows": 1000,
                              "Actual Loops": 1,
                              "Index Cond": "((snapshot_id = '1aef0c57-0ede-4611-8d9f-c7453e160737'::text) AND (kind = 'asset'::text))",
                              "Shared Hit Blocks": 21,
                              "Shared Read Blocks": 0,
                              "Shared Dirtied Blocks": 0,
                              "Shared Written Blocks": 0,
                              "Local Hit Blocks": 0,
                              "Local Read Blocks": 0,
                              "Local Dirtied Blocks": 0,
                              "Local Written Blocks": 0,
                              "Temp Read Blocks": 0,
                              "Temp Written Blocks": 0
                            }
                          ]
                        },
                        {
                          "Node Type": "Hash",
                          "Parent Relationship": "Inner",
                          "Parallel Aware": false,
                          "Async Capable": false,
                          "Startup Cost": 183.38,
                          "Total Cost": 183.38,
                          "Plan Rows": 1068,
                          "Plan Width": 101,
                          "Actual Startup Time": 0.322,
                          "Actual Total Time": 0.322,
                          "Actual Rows": 1068,
                          "Actual Loops": 1,
                          "Hash Buckets": 2048,
                          "Original Hash Buckets": 2048,
                          "Hash Batches": 1,
                          "Original Hash Batches": 1,
                          "Peak Memory Usage": 154,
                          "Shared Hit Blocks": 98,
                          "Shared Read Blocks": 0,
                          "Shared Dirtied Blocks": 0,
                          "Shared Written Blocks": 0,
                          "Local Hit Blocks": 0,
                          "Local Read Blocks": 0,
                          "Local Dirtied Blocks": 0,
                          "Local Written Blocks": 0,
                          "Temp Read Blocks": 0,
                          "Temp Written Blocks": 0,
                          "Plans": [
                            {
                              "Node Type": "Seq Scan",
                              "Parent Relationship": "Outer",
                              "Parallel Aware": false,
                              "Async Capable": false,
                              "Relation Name": "package_members",
                              "Alias": "pm",
                              "Startup Cost": 0.00,
                              "Total Cost": 183.38,
                              "Plan Rows": 1068,
                              "Plan Width": 101,
                              "Actual Startup Time": 0.002,
                              "Actual Total Time": 0.230,
                              "Actual Rows": 1068,
                              "Actual Loops": 1,
                              "Filter": "(kind = 'asset'::text)",
                              "Rows Removed by Filter": 5762,
                              "Shared Hit Blocks": 98,
                              "Shared Read Blocks": 0,
                              "Shared Dirtied Blocks": 0,
                              "Shared Written Blocks": 0,
                              "Local Hit Blocks": 0,
                              "Local Read Blocks": 0,
                              "Local Dirtied Blocks": 0,
                              "Local Written Blocks": 0,
                              "Temp Read Blocks": 0,
                              "Temp Written Blocks": 0
                            }
                          ]
                        }
                      ]
                    },
                    {
                      "Node Type": "Index Only Scan",
                      "Parent Relationship": "Inner",
                      "Parallel Aware": false,
                      "Async Capable": false,
                      "Scan Direction": "Forward",
                      "Index Name": "content_withdrawal_asset",
                      "Relation Name": "content_withdrawals",
                      "Alias": "w_2",
                      "Startup Cost": 0.12,
                      "Total Cost": 0.18,
                      "Plan Rows": 1,
                      "Plan Width": 32,
                      "Actual Startup Time": 0.000,
                      "Actual Total Time": 0.000,
                      "Actual Rows": 0,
                      "Actual Loops": 1000,
                      "Index Cond": "(sha256 = pm.asset_sha256)",
                      "Rows Removed by Index Recheck": 0,
                      "Heap Fetches": 0,
                      "Shared Hit Blocks": 2000,
                      "Shared Read Blocks": 0,
                      "Shared Dirtied Blocks": 0,
                      "Shared Written Blocks": 0,
                      "Local Hit Blocks": 0,
                      "Local Read Blocks": 0,
                      "Local Dirtied Blocks": 0,
                      "Local Written Blocks": 0,
                      "Temp Read Blocks": 0,
                      "Temp Written Blocks": 0
                    }
                  ]
                },
                {
                  "Node Type": "Nested Loop",
                  "Parent Relationship": "Outer",
                  "Parallel Aware": false,
                  "Async Capable": false,
                  "Join Type": "Anti",
                  "Startup Cost": 6.69,
                  "Total Cost": 142.60,
                  "Plan Rows": 1,
                  "Plan Width": 271,
                  "Actual Startup Time": 3.118,
                  "Actual Total Time": 51.261,
                  "Actual Rows": 999,
                  "Actual Loops": 1,
                  "Inner Unique": false,
                  "Shared Hit Blocks": 110664,
                  "Shared Read Blocks": 0,
                  "Shared Dirtied Blocks": 0,
                  "Shared Written Blocks": 0,
                  "Local Hit Blocks": 0,
                  "Local Read Blocks": 0,
                  "Local Dirtied Blocks": 0,
                  "Local Written Blocks": 0,
                  "Temp Read Blocks": 0,
                  "Temp Written Blocks": 0,
                  "Plans": [
                    {
                      "Node Type": "Nested Loop",
                      "Parent Relationship": "Outer",
                      "Parallel Aware": false,
                      "Async Capable": false,
                      "Join Type": "Left",
                      "Startup Cost": 6.11,
                      "Total Cost": 113.31,
                      "Plan Rows": 1,
                      "Plan Width": 238,
                      "Actual Startup Time": 3.102,
                      "Actual Total Time": 47.762,
                      "Actual Rows": 999,
                      "Actual Loops": 1,
                      "Inner Unique": false,
                      "Shared Hit Blocks": 105663,
                      "Shared Read Blocks": 0,
                      "Shared Dirtied Blocks": 0,
                      "Shared Written Blocks": 0,
                      "Local Hit Blocks": 0,
                      "Local Read Blocks": 0,
                      "Local Dirtied Blocks": 0,
                      "Local Written Blocks": 0,
                      "Temp Read Blocks": 0,
                      "Temp Written Blocks": 0,
                      "Plans": [
                        {
                          "Node Type": "Nested Loop",
                          "Parent Relationship": "Outer",
                          "Parallel Aware": false,
                          "Async Capable": false,
                          "Join Type": "Left",
                          "Startup Cost": 1.80,
                          "Total Cost": 108.98,
                          "Plan Rows": 1,
                          "Plan Width": 230,
                          "Actual Startup Time": 3.097,
                          "Actual Total Time": 46.114,
                          "Actual Rows": 999,
                          "Actual Loops": 1,
                          "Inner Unique": true,
                          "Shared Hit Blocks": 102665,
                          "Shared Read Blocks": 0,
                          "Shared Dirtied Blocks": 0,
                          "Shared Written Blocks": 0,
                          "Local Hit Blocks": 0,
                          "Local Read Blocks": 0,
                          "Local Dirtied Blocks": 0,
                          "Local Written Blocks": 0,
                          "Temp Read Blocks": 0,
                          "Temp Written Blocks": 0,
                          "Plans": [
                            {
                              "Node Type": "Nested Loop",
                              "Parent Relationship": "Outer",
                              "Parallel Aware": false,
                              "Async Capable": false,
                              "Join Type": "Inner",
                              "Startup Cost": 1.53,
                              "Total Cost": 107.15,
                              "Plan Rows": 1,
                              "Plan Width": 222,
                              "Actual Startup Time": 3.094,
                              "Actual Total Time": 45.378,
                              "Actual Rows": 999,
                              "Actual Loops": 1,
                              "Inner Unique": true,
                              "Join Filter": "((qs.id = m.submission_id) AND (qs.frozen_digest = rd.frozen_digest))",
                              "Rows Removed by Join Filter": 0,
                              "Shared Hit Blocks": 100658,
                              "Shared Read Blocks": 0,
                              "Shared Dirtied Blocks": 0,
                              "Shared Written Blocks": 0,
                              "Local Hit Blocks": 0,
                              "Local Read Blocks": 0,
                              "Local Dirtied Blocks": 0,
                              "Local Written Blocks": 0,
                              "Temp Read Blocks": 0,
                              "Temp Written Blocks": 0,
                              "Plans": [
                                {
                                  "Node Type": "Nested Loop",
                                  "Parent Relationship": "Outer",
                                  "Parallel Aware": false,
                                  "Async Capable": false,
                                  "Join Type": "Inner",
                                  "Startup Cost": 1.38,
                                  "Total Cost": 106.96,
                                  "Plan Rows": 1,
                                  "Plan Width": 302,
                                  "Actual Startup Time": 3.091,
                                  "Actual Total Time": 44.494,
                                  "Actual Rows": 999,
                                  "Actual Loops": 1,
                                  "Inner Unique": true,
                                  "Join Filter": "((m.review_id = rd.id) AND (rd.submission_id = m.submission_id))",
                                  "Rows Removed by Join Filter": 0,
                                  "Shared Hit Blocks": 98660,
                                  "Shared Read Blocks": 0,
                                  "Shared Dirtied Blocks": 0,
                                  "Shared Written Blocks": 0,
                                  "Local Hit Blocks": 0,
                                  "Local Read Blocks": 0,
                                  "Local Dirtied Blocks": 0,
                                  "Local Written Blocks": 0,
                                  "Temp Read Blocks": 0,
                                  "Temp Written Blocks": 0,
                                  "Plans": [
                                    {
                                      "Node Type": "Nested Loop",
                                      "Parent Relationship": "Outer",
                                      "Parallel Aware": false,
                                      "Async Capable": false,
                                      "Join Type": "Inner",
                                      "Startup Cost": 1.23,
                                      "Total Cost": 106.78,
                                      "Plan Rows": 1,
                                      "Plan Width": 270,
                                      "Actual Startup Time": 3.089,
                                      "Actual Total Time": 44.024,
                                      "Actual Rows": 999,
                                      "Actual Loops": 1,
                                      "Inner Unique": true,
                                      "Join Filter": "((i.id = m.id) AND (i.version = m.version) AND (i.sha256 = m.sha256))",
                                      "Rows Removed by Join Filter": 0,
                                      "Shared Hit Blocks": 96662,
                                      "Shared Read Blocks": 0,
                                      "Shared Dirtied Blocks": 0,
                                      "Shared Written Blocks": 0,
                                      "Local Hit Blocks": 0,
                                      "Local Read Blocks": 0,
                                      "Local Dirtied Blocks": 0,
                                      "Local Written Blocks": 0,
                                      "Temp Read Blocks": 0,
                                      "Temp Written Blocks": 0,
                                      "Plans": [
                                        {
                                          "Node Type": "Nested Loop",
                                          "Parent Relationship": "Outer",
                                          "Parallel Aware": false,
                                          "Async Capable": false,
                                          "Join Type": "Inner",
                                          "Startup Cost": 0.83,
                                          "Total Cost": 26.83,
                                          "Plan Rows": 1,
                                          "Plan Width": 249,
                                          "Actual Startup Time": 0.009,
                                          "Actual Total Time": 15.863,
                                          "Actual Rows": 9999,
                                          "Actual Loops": 1,
                                          "Inner Unique": true,
                                          "Shared Hit Blocks": 41252,
                                          "Shared Read Blocks": 0,
                                          "Shared Dirtied Blocks": 0,
                                          "Shared Written Blocks": 0,
                                          "Local Hit Blocks": 0,
                                          "Local Read Blocks": 0,
                                          "Local Dirtied Blocks": 0,
                                          "Local Written Blocks": 0,
                                          "Temp Read Blocks": 0,
                                          "Temp Written Blocks": 0,
                                          "Plans": [
                                            {
                                              "Node Type": "Index Scan",
                                              "Parent Relationship": "Outer",
                                              "Parallel Aware": false,
                                              "Async Capable": false,
                                              "Scan Direction": "Forward",
                                              "Index Name": "question_member_history",
                                              "Relation Name": "question_publication_members",
                                              "Alias": "m",
                                              "Startup Cost": 0.41,
                                              "Total Cost": 18.38,
                                              "Plan Rows": 1,
                                              "Plan Width": 100,
                                              "Actual Startup Time": 0.004,
                                              "Actual Total Time": 1.395,
                                              "Actual Rows": 9999,
                                              "Actual Loops": 1,
                                              "Index Cond": "((kind = 'instance'::text) AND (publication_id = 'b6a663dd-2fae-4a0e-9c0c-5bd5721fab5a'::uuid))",
                                              "Rows Removed by Index Recheck": 0,
                                              "Shared Hit Blocks": 1256,
                                              "Shared Read Blocks": 0,
                                              "Shared Dirtied Blocks": 0,
                                              "Shared Written Blocks": 0,
                                              "Local Hit Blocks": 0,
                                              "Local Read Blocks": 0,
                                              "Local Dirtied Blocks": 0,
                                              "Local Written Blocks": 0,
                                              "Temp Read Blocks": 0,
                                              "Temp Written Blocks": 0
                                            },
                                            {
                                              "Node Type": "Index Scan",
                                              "Parent Relationship": "Inner",
                                              "Parallel Aware": false,
                                              "Async Capable": false,
                                              "Scan Direction": "Forward",
                                              "Index Name": "question_submission_members_pkey",
                                              "Relation Name": "question_submission_members",
                                              "Alias": "sm",
                                              "Startup Cost": 0.41,
                                              "Total Cost": 8.44,
                                              "Plan Rows": 1,
                                              "Plan Width": 149,
                                              "Actual Startup Time": 0.001,
                                              "Actual Total Time": 0.001,
                                              "Actual Rows": 1,
                                              "Actual Loops": 9999,
                                              "Index Cond": "((submission_id = m.submission_id) AND (kind = 'instance'::text) AND (id = m.id))",
                                              "Rows Removed by Index Recheck": 0,
                                              "Filter": "((m.version = version) AND (sha256 = m.sha256))",
                                              "Rows Removed by Filter": 0,
                                              "Shared Hit Blocks": 39996,
                                              "Shared Read Blocks": 0,
                                              "Shared Dirtied Blocks": 0,
                                              "Shared Written Blocks": 0,
                                              "Local Hit Blocks": 0,
                                              "Local Read Blocks": 0,
                                              "Local Dirtied Blocks": 0,
                                              "Local Written Blocks": 0,
                                              "Temp Read Blocks": 0,
                                              "Temp Written Blocks": 0
                                            }
                                          ]
                                        },
                                        {
                                          "Node Type": "Index Scan",
                                          "Parent Relationship": "Inner",
                                          "Parallel Aware": false,
                                          "Async Capable": false,
                                          "Scan Direction": "Forward",
                                          "Index Name": "question_instances_pkey",
                                          "Relation Name": "question_instances",
                                          "Alias": "i",
                                          "Startup Cost": 0.41,
                                          "Total Cost": 79.94,
                                          "Plan Rows": 1,
                                          "Plan Width": 222,
                                          "Actual Startup Time": 0.003,
                                          "Actual Total Time": 0.003,
                                          "Actual Rows": 0,
                                          "Actual Loops": 9999,
                                          "Index Cond": "((id = sm.id) AND (version = sm.version))",
                                          "Rows Removed by Index Recheck": 0,
                                          "Filter": "(sealed AND (knowledge_id = 'capacity-k-0000'::text) AND (knowledge_version = 1) AND (sha256 = sm.sha256) AND (NOT EXISTS(SubPlan 13)) AND ((template_id IS NULL) OR (ANY ((template_id = (hashed SubPlan 9).col1) AND (template_version = (hashed SubPlan 9).col2) AND (template_sha256 = (hashed SubPlan 9).col3)))) AND EXISTS(SubPlan 7) AND (NOT EXISTS(SubPlan 11)))",
                                          "Rows Removed by Filter": 1,
                                          "Shared Hit Blocks": 55410,
                                          "Shared Read Blocks": 0,
                                          "Shared Dirtied Blocks": 0,
                                          "Shared Written Blocks": 0,
                                          "Local Hit Blocks": 0,
                                          "Local Read Blocks": 0,
                                          "Local Dirtied Blocks": 0,
                                          "Local Written Blocks": 0,
                                          "Temp Read Blocks": 0,
                                          "Temp Written Blocks": 0,
                                          "Plans": [
                                            {
                                              "Node Type": "Function Scan",
                                              "Parent Relationship": "SubPlan",
                                              "Subplan Name": "SubPlan 13",
                                              "Parallel Aware": false,
                                              "Async Capable": false,
                                              "Function Name": "jsonb_array_elements",
                                              "Alias": "a",
                                              "Startup Cost": 0.12,
                                              "Total Cost": 2.12,
                                              "Plan Rows": 50,
                                              "Plan Width": 0,
                                              "Actual Startup Time": 0.003,
                                              "Actual Total Time": 0.003,
                                              "Actual Rows": 0,
                                              "Actual Loops": 999,
                                              "Filter": "((ANY (((value ->> 'id'::text) = (hashed SubPlan 12).col1) AND ((value ->> 'sha256'::text) = (hashed SubPlan 12).col2))) IS NOT TRUE)",
                                              "Rows Removed by Filter": 1,
                                              "Shared Hit Blocks": 5137,
                                              "Shared Read Blocks": 0,
                                              "Shared Dirtied Blocks": 0,
                                              "Shared Written Blocks": 0,
                                              "Local Hit Blocks": 0,
                                              "Local Read Blocks": 0,
                                              "Local Dirtied Blocks": 0,
                                              "Local Written Blocks": 0,
                                              "Temp Read Blocks": 0,
                                              "Temp Written Blocks": 0,
                                              "Plans": [
                                                {
                                                  "Node Type": "CTE Scan",
                                                  "Parent Relationship": "SubPlan",
                                                  "Subplan Name": "SubPlan 12",
                                                  "Parallel Aware": false,
                                                  "Async Capable": false,
                                                  "CTE Name": "available_assets",
                                                  "Alias": "available_assets",
                                                  "Startup Cost": 0.00,
                                                  "Total Cost": 0.10,
                                                  "Plan Rows": 5,
                                                  "Plan Width": 64,
                                                  "Actual Startup Time": 0.351,
                                                  "Actual Total Time": 0.830,
                                                  "Actual Rows": 1000,
                                                  "Actual Loops": 1,
                                                  "Shared Hit Blocks": 2140,
                                                  "Shared Read Blocks": 0,
                                                  "Shared Dirtied Blocks": 0,
                                                  "Shared Written Blocks": 0,
                                                  "Local Hit Blocks": 0,
                                                  "Local Read Blocks": 0,
                                                  "Local Dirtied Blocks": 0,
                                                  "Local Written Blocks": 0,
                                                  "Temp Read Blocks": 0,
                                                  "Temp Written Blocks": 0
                                                }
                                              ]
                                            },
                                            {
                                              "Node Type": "Index Scan",
                                              "Parent Relationship": "SubPlan",
                                              "Subplan Name": "SubPlan 9",
                                              "Parallel Aware": false,
                                              "Async Capable": false,
                                              "Scan Direction": "Forward",
                                              "Index Name": "question_publication_members_pkey",
                                              "Relation Name": "question_publication_members",
                                              "Alias": "tm",
                                              "Startup Cost": 0.41,
                                              "Total Cost": 8.43,
                                              "Plan Rows": 1,
                                              "Plan Width": 68,
                                              "Actual Startup Time": 0.004,
                                              "Actual Total Time": 0.022,
                                              "Actual Rows": 200,
                                              "Actual Loops": 1,
                                              "Index Cond": "((publication_id = 'b6a663dd-2fae-4a0e-9c0c-5bd5721fab5a'::uuid) AND (kind = 'template'::text))",
                                              "Rows Removed by Index Recheck": 0,
                                              "Shared Hit Blocks": 18,
                                              "Shared Read Blocks": 0,
                                              "Shared Dirtied Blocks": 0,
                                              "Shared Written Blocks": 0,
                                              "Local Hit Blocks": 0,
                                              "Local Read Blocks": 0,
                                              "Local Dirtied Blocks": 0,
                                              "Local Written Blocks": 0,
                                              "Temp Read Blocks": 0,
                                              "Temp Written Blocks": 0
                                            },
                                            {
                                              "Node Type": "Bitmap Heap Scan",
                                              "Parent Relationship": "SubPlan",
                                              "Subplan Name": "SubPlan 7",
                                              "Parallel Aware": false,
                                              "Async Capable": false,
                                              "Relation Name": "question_blueprint_sources",
                                              "Alias": "bs",
                                              "Startup Cost": 8.86,
                                              "Total Cost": 12.89,
                                              "Plan Rows": 1,
                                              "Plan Width": 0,
                                              "Actual Startup Time": 0.004,
                                              "Actual Total Time": 0.004,
                                              "Actual Rows": 1,
                                              "Actual Loops": 999,
                                              "Recheck Cond": "(((blueprint_id = 'lc-blueprint-0-0'::text) AND (blueprint_version = 1) AND (kind = 'instance'::text) AND (id = i.id)) OR ((blueprint_id = 'lc-blueprint-0-0'::text) AND (blueprint_version = 1) AND (kind = 'template'::text) AND (id = i.template_id)))",
                                              "Rows Removed by Index Recheck": 0,
                                              "Filter": "(((kind = 'instance'::text) AND (id = i.id) AND (version = i.version)) OR ((kind = 'template'::text) AND (id = i.template_id) AND (version = i.template_version)))",
                                              "Rows Removed by Filter": 0,
                                              "Exact Heap Blocks": 999,
                                              "Lossy Heap Blocks": 0,
                                              "Shared Hit Blocks": 6993,
                                              "Shared Read Blocks": 0,
                                              "Shared Dirtied Blocks": 0,
                                              "Shared Written Blocks": 0,
                                              "Local Hit Blocks": 0,
                                              "Local Read Blocks": 0,
                                              "Local Dirtied Blocks": 0,
                                              "Local Written Blocks": 0,
                                              "Temp Read Blocks": 0,
                                              "Temp Written Blocks": 0,
                                              "Plans": [
                                                {
                                                  "Node Type": "BitmapOr",
                                                  "Parent Relationship": "Outer",
                                                  "Parallel Aware": false,
                                                  "Async Capable": false,
                                                  "Startup Cost": 8.86,
                                                  "Total Cost": 8.86,
                                                  "Plan Rows": 1,
                                                  "Plan Width": 0,
                                                  "Actual Startup Time": 0.004,
                                                  "Actual Total Time": 0.004,
                                                  "Actual Rows": 0,
                                                  "Actual Loops": 999,
                                                  "Shared Hit Blocks": 5994,
                                                  "Shared Read Blocks": 0,
                                                  "Shared Dirtied Blocks": 0,
                                                  "Shared Written Blocks": 0,
                                                  "Local Hit Blocks": 0,
                                                  "Local Read Blocks": 0,
                                                  "Local Dirtied Blocks": 0,
                                                  "Local Written Blocks": 0,
                                                  "Temp Read Blocks": 0,
                                                  "Temp Written Blocks": 0,
                                                  "Plans": [
                                                    {
                                                      "Node Type": "Bitmap Index Scan",
                                                      "Parent Relationship": "Member",
                                                      "Parallel Aware": false,
                                                      "Async Capable": false,
                                                      "Index Name": "question_blueprint_sources_pkey",
                                                      "Startup Cost": 0.00,
                                                      "Total Cost": 4.43,
                                                      "Plan Rows": 1,
                                                      "Plan Width": 0,
                                                      "Actual Startup Time": 0.002,
                                                      "Actual Total Time": 0.002,
                                                      "Actual Rows": 0,
                                                      "Actual Loops": 999,
                                                      "Index Cond": "((blueprint_id = 'lc-blueprint-0-0'::text) AND (blueprint_version = 1) AND (kind = 'instance'::text) AND (id = i.id))",
                                                      "Shared Hit Blocks": 2997,
                                                      "Shared Read Blocks": 0,
                                                      "Shared Dirtied Blocks": 0,
                                                      "Shared Written Blocks": 0,
                                                      "Local Hit Blocks": 0,
                                                      "Local Read Blocks": 0,
                                                      "Local Dirtied Blocks": 0,
                                                      "Local Written Blocks": 0,
                                                      "Temp Read Blocks": 0,
                                                      "Temp Written Blocks": 0
                                                    },
                                                    {
                                                      "Node Type": "Bitmap Index Scan",
                                                      "Parent Relationship": "Member",
                                                      "Parallel Aware": false,
                                                      "Async Capable": false,
                                                      "Index Name": "question_blueprint_sources_pkey",
                                                      "Startup Cost": 0.00,
                                                      "Total Cost": 4.43,
                                                      "Plan Rows": 1,
                                                      "Plan Width": 0,
                                                      "Actual Startup Time": 0.002,
                                                      "Actual Total Time": 0.002,
                                                      "Actual Rows": 1,
                                                      "Actual Loops": 999,
                                                      "Index Cond": "((blueprint_id = 'lc-blueprint-0-0'::text) AND (blueprint_version = 1) AND (kind = 'template'::text) AND (id = i.template_id))",
                                                      "Shared Hit Blocks": 2997,
                                                      "Shared Read Blocks": 0,
                                                      "Shared Dirtied Blocks": 0,
                                                      "Shared Written Blocks": 0,
                                                      "Local Hit Blocks": 0,
                                                      "Local Read Blocks": 0,
                                                      "Local Dirtied Blocks": 0,
                                                      "Local Written Blocks": 0,
                                                      "Temp Read Blocks": 0,
                                                      "Temp Written Blocks": 0
                                                    }
                                                  ]
                                                }
                                              ]
                                            },
                                            {
                                              "Node Type": "Function Scan",
                                              "Parent Relationship": "SubPlan",
                                              "Subplan Name": "SubPlan 11",
                                              "Parallel Aware": false,
                                              "Async Capable": false,
                                              "Function Name": "jsonb_array_elements",
                                              "Alias": "u",
                                              "Startup Cost": 57.31,
                                              "Total Cost": 59.81,
                                              "Plan Rows": 50,
                                              "Plan Width": 0,
                                              "Actual Startup Time": 0.004,
                                              "Actual Total Time": 0.004,
                                              "Actual Rows": 0,
                                              "Actual Loops": 999,
                                              "Filter": "((ANY (((value ->> 'id'::text) = (hashed SubPlan 10).col1) AND (((value ->> 'version'::text))::integer = (hashed SubPlan 10).col2))) IS NOT TRUE)",
                                              "Rows Removed by Filter": 1,
                                              "Shared Hit Blocks": 3206,
                                              "Shared Read Blocks": 0,
                                              "Shared Dirtied Blocks": 0,
                                              "Shared Written Blocks": 0,
                                              "Local Hit Blocks": 0,
                                              "Local Read Blocks": 0,
                                              "Local Dirtied Blocks": 0,
                                              "Local Written Blocks": 0,
                                              "Temp Read Blocks": 0,
                                              "Temp Written Blocks": 0,
                                              "Plans": [
                                                {
                                                  "Node Type": "CTE Scan",
                                                  "Parent Relationship": "SubPlan",
                                                  "Subplan Name": "SubPlan 10",
                                                  "Parallel Aware": false,
                                                  "Async Capable": false,
                                                  "CTE Name": "available_units",
                                                  "Alias": "available_units",
                                                  "Startup Cost": 0.00,
                                                  "Total Cost": 50.94,
                                                  "Plan Rows": 2547,
                                                  "Plan Width": 36,
                                                  "Actual Startup Time": 0.565,
                                                  "Actual Total Time": 1.662,
                                                  "Actual Rows": 4000,
                                                  "Actual Loops": 1,
                                                  "Shared Hit Blocks": 209,
                                                  "Shared Read Blocks": 0,
                                                  "Shared Dirtied Blocks": 0,
                                                  "Shared Written Blocks": 0,
                                                  "Local Hit Blocks": 0,
                                                  "Local Read Blocks": 0,
                                                  "Local Dirtied Blocks": 0,
                                                  "Local Written Blocks": 0,
                                                  "Temp Read Blocks": 0,
                                                  "Temp Written Blocks": 0
                                                }
                                              ]
                                            }
                                          ]
                                        }
                                      ]
                                    },
                                    {
                                      "Node Type": "Index Scan",
                                      "Parent Relationship": "Inner",
                                      "Parallel Aware": false,
                                      "Async Capable": false,
                                      "Scan Direction": "Forward",
                                      "Index Name": "question_review_decisions_submission_id_key",
                                      "Relation Name": "question_review_decisions",
                                      "Alias": "rd",
                                      "Startup Cost": 0.15,
                                      "Total Cost": 0.17,
                                      "Plan Rows": 1,
                                      "Plan Width": 64,
                                      "Actual Startup Time": 0.000,
                                      "Actual Total Time": 0.000,
                                      "Actual Rows": 1,
                                      "Actual Loops": 999,
                                      "Index Cond": "(submission_id = sm.submission_id)",
                                      "Rows Removed by Index Recheck": 0,
                                      "Filter": "(decision = 'approve'::text)",
                                      "Rows Removed by Filter": 0,
                                      "Shared Hit Blocks": 1998,
                                      "Shared Read Blocks": 0,
                                      "Shared Dirtied Blocks": 0,
                                      "Shared Written Blocks": 0,
                                      "Local Hit Blocks": 0,
                                      "Local Read Blocks": 0,
                                      "Local Dirtied Blocks": 0,
                                      "Local Written Blocks": 0,
                                      "Temp Read Blocks": 0,
                                      "Temp Written Blocks": 0
                                    }
                                  ]
                                },
                                {
                                  "Node Type": "Index Scan",
                                  "Parent Relationship": "Inner",
                                  "Parallel Aware": false,
                                  "Async Capable": false,
                                  "Scan Direction": "Forward",
                                  "Index Name": "question_submissions_status",
                                  "Relation Name": "question_submissions",
                                  "Alias": "qs",
                                  "Startup Cost": 0.14,
                                  "Total Cost": 0.17,
                                  "Plan Rows": 1,
                                  "Plan Width": 48,
                                  "Actual Startup Time": 0.001,
                                  "Actual Total Time": 0.001,
                                  "Actual Rows": 1,
                                  "Actual Loops": 999,
                                  "Index Cond": "((status = 'approved'::text) AND (id = sm.submission_id))",
                                  "Rows Removed by Index Recheck": 0,
                                  "Filter": "sealed",
                                  "Rows Removed by Filter": 0,
                                  "Shared Hit Blocks": 1998,
                                  "Shared Read Blocks": 0,
                                  "Shared Dirtied Blocks": 0,
                                  "Shared Written Blocks": 0,
                                  "Local Hit Blocks": 0,
                                  "Local Read Blocks": 0,
                                  "Local Dirtied Blocks": 0,
                                  "Local Written Blocks": 0,
                                  "Temp Read Blocks": 0,
                                  "Temp Written Blocks": 0
                                }
                              ]
                            },
                            {
                              "Node Type": "Index Scan",
                              "Parent Relationship": "Inner",
                              "Parallel Aware": false,
                              "Async Capable": false,
                              "Scan Direction": "Forward",
                              "Index Name": "learner_question_views_pkey",
                              "Relation Name": "learner_question_views",
                              "Alias": "v",
                              "Startup Cost": 0.28,
                              "Total Cost": 1.32,
                              "Plan Rows": 1,
                              "Plan Width": 76,
                              "Actual Startup Time": 0.001,
                              "Actual Total Time": 0.001,
                              "Actual Rows": 0,
                              "Actual Loops": 999,
                              "Index Cond": "((owner_user_id = '56b2b1da-4979-4a21-8fa3-392ea761d1ee'::uuid) AND (instance_id = i.id) AND (instance_version = i.version) AND (instance_sha256 = i.sha256))",
                              "Rows Removed by Index Recheck": 0,
                              "Shared Hit Blocks": 2007,
                              "Shared Read Blocks": 0,
                              "Shared Dirtied Blocks": 0,
                              "Shared Written Blocks": 0,
                              "Local Hit Blocks": 0,
                              "Local Read Blocks": 0,
                              "Local Dirtied Blocks": 0,
                              "Local Written Blocks": 0,
                              "Temp Read Blocks": 0,
                              "Temp Written Blocks": 0
                            }
                          ]
                        },
                        {
                          "Node Type": "Result",
                          "Parent Relationship": "Inner",
                          "Parallel Aware": false,
                          "Async Capable": false,
                          "Startup Cost": 4.31,
                          "Total Cost": 4.32,
                          "Plan Rows": 1,
                          "Plan Width": 8,
                          "Actual Startup Time": 0.001,
                          "Actual Total Time": 0.001,
                          "Actual Rows": 1,
                          "Actual Loops": 999,
                          "Shared Hit Blocks": 2998,
                          "Shared Read Blocks": 0,
                          "Shared Dirtied Blocks": 0,
                          "Shared Written Blocks": 0,
                          "Local Hit Blocks": 0,
                          "Local Read Blocks": 0,
                          "Local Dirtied Blocks": 0,
                          "Local Written Blocks": 0,
                          "Temp Read Blocks": 0,
                          "Temp Written Blocks": 0,
                          "Plans": [
                            {
                              "Node Type": "Limit",
                              "Parent Relationship": "InitPlan",
                              "Subplan Name": "InitPlan 14",
                              "Parallel Aware": false,
                              "Async Capable": false,
                              "Startup Cost": 0.27,
                              "Total Cost": 4.31,
                              "Plan Rows": 1,
                              "Plan Width": 8,
                              "Actual Startup Time": 0.001,
                              "Actual Total Time": 0.001,
                              "Actual Rows": 0,
                              "Actual Loops": 999,
                              "Shared Hit Blocks": 2998,
                              "Shared Read Blocks": 0,
                              "Shared Dirtied Blocks": 0,
                              "Shared Written Blocks": 0,
                              "Local Hit Blocks": 0,
                              "Local Read Blocks": 0,
                              "Local Dirtied Blocks": 0,
                              "Local Written Blocks": 0,
                              "Temp Read Blocks": 0,
                              "Temp Written Blocks": 0,
                              "Plans": [
                                {
                                  "Node Type": "Index Only Scan",
                                  "Parent Relationship": "Outer",
                                  "Parallel Aware": false,
                                  "Async Capable": false,
                                  "Scan Direction": "Backward",
                                  "Index Name": "learning_exposure_reverse",
                                  "Relation Name": "learner_answer_exposures",
                                  "Alias": "e",
                                  "Startup Cost": 0.27,
                                  "Total Cost": 4.31,
                                  "Plan Rows": 1,
                                  "Plan Width": 8,
                                  "Actual Startup Time": 0.001,
                                  "Actual Total Time": 0.001,
                                  "Actual Rows": 0,
                                  "Actual Loops": 999,
                                  "Index Cond": "(owner_user_id = '56b2b1da-4979-4a21-8fa3-392ea761d1ee'::uuid)",
                                  "Rows Removed by Index Recheck": 0,
                                  "Filter": "(((kind = 'instance'::text) AND (id = i.id) AND (version = i.version) AND (sha256 = i.sha256)) OR ((kind = 'template'::text) AND (id = i.template_id) AND (version = i.template_version) AND (sha256 = i.template_sha256)))",
                                  "Rows Removed by Filter": 10,
                                  "Heap Fetches": 9946,
                                  "Shared Hit Blocks": 2998,
                                  "Shared Read Blocks": 0,
                                  "Shared Dirtied Blocks": 0,
                                  "Shared Written Blocks": 0,
                                  "Local Hit Blocks": 0,
                                  "Local Read Blocks": 0,
                                  "Local Dirtied Blocks": 0,
                                  "Local Written Blocks": 0,
                                  "Temp Read Blocks": 0,
                                  "Temp Written Blocks": 0
                                }
                              ]
                            }
                          ]
                        }
                      ]
                    },
                    {
                      "Node Type": "Bitmap Heap Scan",
                      "Parent Relationship": "Inner",
                      "Parallel Aware": false,
                      "Async Capable": false,
                      "Relation Name": "question_withdrawals",
                      "Alias": "w",
                      "Startup Cost": 0.57,
                      "Total Cost": 4.61,
                      "Plan Rows": 1,
                      "Plan Width": 100,
                      "Actual Startup Time": 0.001,
                      "Actual Total Time": 0.001,
                      "Actual Rows": 0,
                      "Actual Loops": 999,
                      "Recheck Cond": "(((kind = 'instance'::text) AND (target_id = i.id) AND (target_version = i.version)) OR ((kind = 'template'::text) AND (target_id = i.template_id) AND (target_version = i.template_version)))",
                      "Rows Removed by Index Recheck": 0,
                      "Filter": "(((kind = 'instance'::text) AND (target_id = i.id) AND (target_version = i.version) AND (sha256 = i.sha256)) OR ((kind = 'template'::text) AND (target_id = i.template_id) AND (target_version = i.template_version) AND (sha256 = i.template_sha256)))",
                      "Rows Removed by Filter": 0,
                      "Exact Heap Blocks": 0,
                      "Lossy Heap Blocks": 0,
                      "Shared Hit Blocks": 1998,
                      "Shared Read Blocks": 0,
                      "Shared Dirtied Blocks": 0,
                      "Shared Written Blocks": 0,
                      "Local Hit Blocks": 0,
                      "Local Read Blocks": 0,
                      "Local Dirtied Blocks": 0,
                      "Local Written Blocks": 0,
                      "Temp Read Blocks": 0,
                      "Temp Written Blocks": 0,
                      "Plans": [
                        {
                          "Node Type": "BitmapOr",
                          "Parent Relationship": "Outer",
                          "Parallel Aware": false,
                          "Async Capable": false,
                          "Startup Cost": 0.57,
                          "Total Cost": 0.57,
                          "Plan Rows": 1,
                          "Plan Width": 0,
                          "Actual Startup Time": 0.001,
                          "Actual Total Time": 0.001,
                          "Actual Rows": 0,
                          "Actual Loops": 999,
                          "Shared Hit Blocks": 1998,
                          "Shared Read Blocks": 0,
                          "Shared Dirtied Blocks": 0,
                          "Shared Written Blocks": 0,
                          "Local Hit Blocks": 0,
                          "Local Read Blocks": 0,
                          "Local Dirtied Blocks": 0,
                          "Local Written Blocks": 0,
                          "Temp Read Blocks": 0,
                          "Temp Written Blocks": 0,
                          "Plans": [
                            {
                              "Node Type": "Bitmap Index Scan",
                              "Parent Relationship": "Member",
                              "Parallel Aware": false,
                              "Async Capable": false,
                              "Index Name": "question_withdrawals_kind_target_id_target_version_key",
                              "Startup Cost": 0.00,
                              "Total Cost": 0.29,
                              "Plan Rows": 1,
                              "Plan Width": 0,
                              "Actual Startup Time": 0.000,
                              "Actual Total Time": 0.000,
                              "Actual Rows": 0,
                              "Actual Loops": 999,
                              "Index Cond": "((kind = 'instance'::text) AND (target_id = i.id) AND (target_version = i.version))",
                              "Shared Hit Blocks": 999,
                              "Shared Read Blocks": 0,
                              "Shared Dirtied Blocks": 0,
                              "Shared Written Blocks": 0,
                              "Local Hit Blocks": 0,
                              "Local Read Blocks": 0,
                              "Local Dirtied Blocks": 0,
                              "Local Written Blocks": 0,
                              "Temp Read Blocks": 0,
                              "Temp Written Blocks": 0
                            },
                            {
                              "Node Type": "Bitmap Index Scan",
                              "Parent Relationship": "Member",
                              "Parallel Aware": false,
                              "Async Capable": false,
                              "Index Name": "question_withdrawals_kind_target_id_target_version_key",
                              "Startup Cost": 0.00,
                              "Total Cost": 0.29,
                              "Plan Rows": 1,
                              "Plan Width": 0,
                              "Actual Startup Time": 0.000,
                              "Actual Total Time": 0.000,
                              "Actual Rows": 0,
                              "Actual Loops": 999,
                              "Index Cond": "((kind = 'template'::text) AND (target_id = i.template_id) AND (target_version = i.template_version))",
                              "Shared Hit Blocks": 999,
                              "Shared Read Blocks": 0,
                              "Shared Dirtied Blocks": 0,
                              "Shared Written Blocks": 0,
                              "Local Hit Blocks": 0,
                              "Local Read Blocks": 0,
                              "Local Dirtied Blocks": 0,
                              "Local Written Blocks": 0,
                              "Temp Read Blocks": 0,
                              "Temp Written Blocks": 0
                            }
                          ]
                        }
                      ]
                    },
                    {
                      "Node Type": "Aggregate",
                      "Strategy": "Plain",
                      "Partial Mode": "Simple",
                      "Parent Relationship": "SubPlan",
                      "Subplan Name": "SubPlan 4",
                      "Parallel Aware": false,
                      "Async Capable": false,
                      "Startup Cost": 8.44,
                      "Total Cost": 8.45,
                      "Plan Rows": 1,
                      "Plan Width": 32,
                      "Actual Startup Time": 0.002,
                      "Actual Total Time": 0.002,
                      "Actual Rows": 1,
                      "Actual Loops": 999,
                      "Shared Hit Blocks": 2998,
                      "Shared Read Blocks": 0,
                      "Shared Dirtied Blocks": 0,
                      "Shared Written Blocks": 0,
                      "Local Hit Blocks": 0,
                      "Local Read Blocks": 0,
                      "Local Dirtied Blocks": 0,
                      "Local Written Blocks": 0,
                      "Temp Read Blocks": 0,
                      "Temp Written Blocks": 0,
                      "Plans": [
                        {
                          "Node Type": "Index Only Scan",
                          "Parent Relationship": "Outer",
                          "Parallel Aware": false,
                          "Async Capable": false,
                          "Scan Direction": "Forward",
                          "Index Name": "learning_coverage_knowledge",
                          "Relation Name": "question_instance_coverage",
                          "Alias": "c",
                          "Startup Cost": 0.41,
                          "Total Cost": 8.44,
                          "Plan Rows": 1,
                          "Plan Width": 4,
                          "Actual Startup Time": 0.002,
                          "Actual Total Time": 0.002,
                          "Actual Rows": 1,
                          "Actual Loops": 999,
                          "Index Cond": "((knowledge_id = 'capacity-k-0000'::text) AND (knowledge_version = 1) AND (instance_id = i.id) AND (instance_version = i.version))",
                          "Rows Removed by Index Recheck": 0,
                          "Heap Fetches": 0,
                          "Shared Hit Blocks": 2998,
                          "Shared Read Blocks": 0,
                          "Shared Dirtied Blocks": 0,
                          "Shared Written Blocks": 0,
                          "Local Hit Blocks": 0,
                          "Local Read Blocks": 0,
                          "Local Dirtied Blocks": 0,
                          "Local Written Blocks": 0,
                          "Temp Read Blocks": 0,
                          "Temp Written Blocks": 0
                        }
                      ]
                    },
                    {
                      "Node Type": "Nested Loop",
                      "Parent Relationship": "SubPlan",
                      "Subplan Name": "SubPlan 6",
                      "Parallel Aware": false,
                      "Async Capable": false,
                      "Join Type": "Inner",
                      "Startup Cost": 4.17,
                      "Total Cost": 11.33,
                      "Plan Rows": 3,
                      "Plan Width": 68,
                      "Actual Startup Time": 0.005,
                      "Actual Total Time": 0.006,
                      "Actual Rows": 5,
                      "Actual Loops": 1,
                      "Inner Unique": false,
                      "Shared Hit Blocks": 5,
                      "Shared Read Blocks": 0,
                      "Shared Dirtied Blocks": 0,
                      "Shared Written Blocks": 0,
                      "Local Hit Blocks": 0,
                      "Local Read Blocks": 0,
                      "Local Dirtied Blocks": 0,
                      "Local Written Blocks": 0,
                      "Temp Read Blocks": 0,
                      "Temp Written Blocks": 0,
                      "Plans": [
                        {
                          "Node Type": "CTE Scan",
                          "Parent Relationship": "Outer",
                          "Parallel Aware": false,
                          "Async Capable": false,
                          "CTE Name": "recent",
                          "Alias": "r",
                          "Startup Cost": 0.00,
                          "Total Cost": 0.02,
                          "Plan Rows": 1,
                          "Plan Width": 16,
                          "Actual Startup Time": 0.002,
                          "Actual Total Time": 0.002,
                          "Actual Rows": 1,
                          "Actual Loops": 1,
                          "Shared Hit Blocks": 2,
                          "Shared Read Blocks": 0,
                          "Shared Dirtied Blocks": 0,
                          "Shared Written Blocks": 0,
                          "Local Hit Blocks": 0,
                          "Local Read Blocks": 0,
                          "Local Dirtied Blocks": 0,
                          "Local Written Blocks": 0,
                          "Temp Read Blocks": 0,
                          "Temp Written Blocks": 0
                        },
                        {
                          "Node Type": "Bitmap Heap Scan",
                          "Parent Relationship": "Inner",
                          "Parallel Aware": false,
                          "Async Capable": false,
                          "Relation Name": "assessment_items",
                          "Alias": "ai",
                          "Startup Cost": 4.17,
                          "Total Cost": 11.28,
                          "Plan Rows": 3,
                          "Plan Width": 84,
                          "Actual Startup Time": 0.002,
                          "Actual Total Time": 0.003,
                          "Actual Rows": 5,
                          "Actual Loops": 1,
                          "Recheck Cond": "(attempt_id = r.id)",
                          "Rows Removed by Index Recheck": 0,
                          "Exact Heap Blocks": 2,
                          "Lossy Heap Blocks": 0,
                          "Shared Hit Blocks": 3,
                          "Shared Read Blocks": 0,
                          "Shared Dirtied Blocks": 0,
                          "Shared Written Blocks": 0,
                          "Local Hit Blocks": 0,
                          "Local Read Blocks": 0,
                          "Local Dirtied Blocks": 0,
                          "Local Written Blocks": 0,
                          "Temp Read Blocks": 0,
                          "Temp Written Blocks": 0,
                          "Plans": [
                            {
                              "Node Type": "Bitmap Index Scan",
                              "Parent Relationship": "Outer",
                              "Parallel Aware": false,
                              "Async Capable": false,
                              "Index Name": "assessment_items_attempt_id_position_instance_id_instance_v_key",
                              "Startup Cost": 0.00,
                              "Total Cost": 4.17,
                              "Plan Rows": 3,
                              "Plan Width": 0,
                              "Actual Startup Time": 0.001,
                              "Actual Total Time": 0.001,
                              "Actual Rows": 5,
                              "Actual Loops": 1,
                              "Index Cond": "(attempt_id = r.id)",
                              "Shared Hit Blocks": 1,
                              "Shared Read Blocks": 0,
                              "Shared Dirtied Blocks": 0,
                              "Shared Written Blocks": 0,
                              "Local Hit Blocks": 0,
                              "Local Read Blocks": 0,
                              "Local Dirtied Blocks": 0,
                              "Local Written Blocks": 0,
                              "Temp Read Blocks": 0,
                              "Temp Written Blocks": 0
                            }
                          ]
                        }
                      ]
                    }
                  ]
                }
              ]
            },
            "Planning": {
              "Shared Hit Blocks": 21,
              "Shared Read Blocks": 0,
              "Shared Dirtied Blocks": 0,
              "Shared Written Blocks": 0,
              "Local Hit Blocks": 0,
              "Local Read Blocks": 0,
              "Local Dirtied Blocks": 0,
              "Local Written Blocks": 0,
              "Temp Read Blocks": 0,
              "Temp Written Blocks": 0
            },
            "Planning Time": 2.727,
            "Triggers": [
            ],
            "Execution Time": 51.405
          }
        ]
    learning_capacity_test.go:387: LEARNING_CAPACITY SQLSUMMARY private-five-bodies actualRows=5 executionMs=2.715000 sharedHits=938 sharedReads=0
    learning_capacity_test.go:387: LEARNING_CAPACITY SQLPLAN private-five-bodies [
          {
            "Plan": {
              "Node Type": "Sort",
              "Parallel Aware": false,
              "Async Capable": false,
              "Startup Cost": 28.41,
              "Total Cost": 28.41,
              "Plan Rows": 1,
              "Plan Width": 1021,
              "Actual Startup Time": 2.697,
              "Actual Total Time": 2.698,
              "Actual Rows": 5,
              "Actual Loops": 1,
              "Sort Key": ["r.\"position\""],
              "Sort Method": "quicksort",
              "Sort Space Used": 31,
              "Sort Space Type": "Memory",
              "Shared Hit Blocks": 938,
              "Shared Read Blocks": 0,
              "Shared Dirtied Blocks": 0,
              "Shared Written Blocks": 0,
              "Local Hit Blocks": 0,
              "Local Read Blocks": 0,
              "Local Dirtied Blocks": 0,
              "Local Written Blocks": 0,
              "Temp Read Blocks": 0,
              "Temp Written Blocks": 0,
              "Plans": [
                {
                  "Node Type": "Nested Loop",
                  "Parent Relationship": "Outer",
                  "Parallel Aware": false,
                  "Async Capable": false,
                  "Join Type": "Inner",
                  "Startup Cost": 9.71,
                  "Total Cost": 28.40,
                  "Plan Rows": 1,
                  "Plan Width": 1021,
                  "Actual Startup Time": 2.665,
                  "Actual Total Time": 2.695,
                  "Actual Rows": 5,
                  "Actual Loops": 1,
                  "Inner Unique": true,
                  "Join Filter": "((s.id = m.submission_id) AND (s.frozen_digest = rd.frozen_digest))",
                  "Rows Removed by Join Filter": 0,
                  "Shared Hit Blocks": 938,
                  "Shared Read Blocks": 0,
                  "Shared Dirtied Blocks": 0,
                  "Shared Written Blocks": 0,
                  "Local Hit Blocks": 0,
                  "Local Read Blocks": 0,
                  "Local Dirtied Blocks": 0,
                  "Local Written Blocks": 0,
                  "Temp Read Blocks": 0,
                  "Temp Written Blocks": 0,
                  "Plans": [
                    {
                      "Node Type": "Nested Loop",
                      "Parent Relationship": "Outer",
                      "Parallel Aware": false,
                      "Async Capable": false,
                      "Join Type": "Inner",
                      "Startup Cost": 9.57,
                      "Total Cost": 28.22,
                      "Plan Rows": 1,
                      "Plan Width": 1101,
                      "Actual Startup Time": 2.662,
                      "Actual Total Time": 2.689,
                      "Actual Rows": 5,
                      "Actual Loops": 1,
                      "Inner Unique": true,
                      "Join Filter": "((m.review_id = rd.id) AND (rd.submission_id = m.submission_id))",
                      "Rows Removed by Join Filter": 0,
                      "Shared Hit Blocks": 928,
                      "Shared Read Blocks": 0,
                      "Shared Dirtied Blocks": 0,
                      "Shared Written Blocks": 0,
                      "Local Hit Blocks": 0,
                      "Local Read Blocks": 0,
                      "Local Dirtied Blocks": 0,
                      "Local Written Blocks": 0,
                      "Temp Read Blocks": 0,
                      "Temp Written Blocks": 0,
                      "Plans": [
                        {
                          "Node Type": "Nested Loop",
                          "Parent Relationship": "Outer",
                          "Parallel Aware": false,
                          "Async Capable": false,
                          "Join Type": "Inner",
                          "Startup Cost": 9.42,
                          "Total Cost": 28.03,
                          "Plan Rows": 1,
                          "Plan Width": 1069,
                          "Actual Startup Time": 2.660,
                          "Actual Total Time": 2.685,
                          "Actual Rows": 5,
                          "Actual Loops": 1,
                          "Inner Unique": false,
                          "Shared Hit Blocks": 918,
                          "Shared Read Blocks": 0,
                          "Shared Dirtied Blocks": 0,
                          "Shared Written Blocks": 0,
                          "Local Hit Blocks": 0,
                          "Local Read Blocks": 0,
                          "Local Dirtied Blocks": 0,
                          "Local Written Blocks": 0,
                          "Temp Read Blocks": 0,
                          "Temp Written Blocks": 0,
                          "Plans": [
                            {
                              "Node Type": "Nested Loop",
                              "Parent Relationship": "Outer",
                              "Parallel Aware": false,
                              "Async Capable": false,
                              "Join Type": "Inner",
                              "Startup Cost": 9.27,
                              "Total Cost": 19.86,
                              "Plan Rows": 1,
                              "Plan Width": 1085,
                              "Actual Startup Time": 2.658,
                              "Actual Total Time": 2.681,
                              "Actual Rows": 5,
                              "Actual Loops": 1,
                              "Inner Unique": true,
                              "Join Filter": "((i.id = m.id) AND (i.version = m.version) AND (i.sha256 = m.sha256))",
                              "Rows Removed by Join Filter": 0,
                              "Shared Hit Blocks": 908,
                              "Shared Read Blocks": 0,
                              "Shared Dirtied Blocks": 0,
                              "Shared Written Blocks": 0,
                              "Local Hit Blocks": 0,
                              "Local Read Blocks": 0,
                              "Local Dirtied Blocks": 0,
                              "Local Written Blocks": 0,
                              "Temp Read Blocks": 0,
                              "Temp Written Blocks": 0,
                              "Plans": [
                                {
                                  "Node Type": "Nested Loop",
                                  "Parent Relationship": "Outer",
                                  "Parallel Aware": false,
                                  "Async Capable": false,
                                  "Join Type": "Inner",
                                  "Startup Cost": 8.87,
                                  "Total Cost": 18.75,
                                  "Plan Rows": 1,
                                  "Plan Width": 333,
                                  "Actual Startup Time": 2.654,
                                  "Actual Total Time": 2.666,
                                  "Actual Rows": 5,
                                  "Actual Loops": 1,
                                  "Inner Unique": true,
                                  "Shared Hit Blocks": 888,
                                  "Shared Read Blocks": 0,
                                  "Shared Dirtied Blocks": 0,
                                  "Shared Written Blocks": 0,
                                  "Local Hit Blocks": 0,
                                  "Local Read Blocks": 0,
                                  "Local Dirtied Blocks": 0,
                                  "Local Written Blocks": 0,
                                  "Temp Read Blocks": 0,
                                  "Temp Written Blocks": 0,
                                  "Plans": [
                                    {
                                      "Node Type": "Hash Join",
                                      "Parent Relationship": "Outer",
                                      "Parallel Aware": false,
                                      "Async Capable": false,
                                      "Join Type": "Inner",
                                      "Startup Cost": 8.45,
                                      "Total Cost": 10.30,
                                      "Plan Rows": 1,
                                      "Plan Width": 184,
                                      "Actual Startup Time": 2.649,
                                      "Actual Total Time": 2.652,
                                      "Actual Rows": 5,
                                      "Actual Loops": 1,
                                      "Inner Unique": true,
                                      "Hash Cond": "(((r.instance ->> 'id'::text) = m.id) AND (((r.instance ->> 'version'::text))::integer = m.version) AND ((r.instance ->> 'sha256'::text) = m.sha256))",
                                      "Shared Hit Blocks": 868,
                                      "Shared Read Blocks": 0,
                                      "Shared Dirtied Blocks": 0,
                                      "Shared Written Blocks": 0,
                                      "Local Hit Blocks": 0,
                                      "Local Read Blocks": 0,
                                      "Local Dirtied Blocks": 0,
                                      "Local Written Blocks": 0,
                                      "Temp Read Blocks": 0,
                                      "Temp Written Blocks": 0,
                                      "Plans": [
                                        {
                                          "Node Type": "Function Scan",
                                          "Parent Relationship": "Outer",
                                          "Parallel Aware": false,
                                          "Async Capable": false,
                                          "Function Name": "jsonb_to_recordset",
                                          "Alias": "r",
                                          "Startup Cost": 0.00,
                                          "Total Cost": 1.00,
                                          "Plan Rows": 100,
                                          "Plan Width": 36,
                                          "Actual Startup Time": 0.003,
                                          "Actual Total Time": 0.003,
                                          "Actual Rows": 5,
                                          "Actual Loops": 1,
                                          "Shared Hit Blocks": 0,
                                          "Shared Read Blocks": 0,
                                          "Shared Dirtied Blocks": 0,
                                          "Shared Written Blocks": 0,
                                          "Local Hit Blocks": 0,
                                          "Local Read Blocks": 0,
                                          "Local Dirtied Blocks": 0,
                                          "Local Written Blocks": 0,
                                          "Temp Read Blocks": 0,
                                          "Temp Written Blocks": 0
                                        },
                                        {
                                          "Node Type": "Hash",
                                          "Parent Relationship": "Inner",
                                          "Parallel Aware": false,
                                          "Async Capable": false,
                                          "Startup Cost": 8.43,
                                          "Total Cost": 8.43,
                                          "Plan Rows": 1,
                                          "Plan Width": 148,
                                          "Actual Startup Time": 2.643,
                                          "Actual Total Time": 2.643,
                                          "Actual Rows": 10000,
                                          "Actual Loops": 1,
                                          "Hash Buckets": 16384,
                                          "Original Hash Buckets": 1024,
                                          "Hash Batches": 1,
                                          "Original Hash Batches": 1,
                                          "Peak Memory Usage": 4435,
                                          "Shared Hit Blocks": 868,
                                          "Shared Read Blocks": 0,
                                          "Shared Dirtied Blocks": 0,
                                          "Shared Written Blocks": 0,
                                          "Local Hit Blocks": 0,
                                          "Local Read Blocks": 0,
                                          "Local Dirtied Blocks": 0,
                                          "Local Written Blocks": 0,
                                          "Temp Read Blocks": 0,
                                          "Temp Written Blocks": 0,
                                          "Plans": [
                                            {
                                              "Node Type": "Index Scan",
                                              "Parent Relationship": "Outer",
                                              "Parallel Aware": false,
                                              "Async Capable": false,
                                              "Scan Direction": "Forward",
                                              "Index Name": "question_publication_members_pkey",
                                              "Relation Name": "question_publication_members",
                                              "Alias": "m",
                                              "Startup Cost": 0.41,
                                              "Total Cost": 8.43,
                                              "Plan Rows": 1,
                                              "Plan Width": 148,
                                              "Actual Startup Time": 0.006,
                                              "Actual Total Time": 1.255,
                                              "Actual Rows": 10000,
                                              "Actual Loops": 1,
                                              "Index Cond": "((publication_id = '783da092-ae52-43c7-b281-f61bded6f5a7'::uuid) AND (kind = 'instance'::text))",
                                              "Rows Removed by Index Recheck": 0,
                                              "Shared Hit Blocks": 868,
                                              "Shared Read Blocks": 0,
                                              "Shared Dirtied Blocks": 0,
                                              "Shared Written Blocks": 0,
                                              "Local Hit Blocks": 0,
                                              "Local Read Blocks": 0,
                                              "Local Dirtied Blocks": 0,
                                              "Local Written Blocks": 0,
                                              "Temp Read Blocks": 0,
                                              "Temp Written Blocks": 0
                                            }
                                          ]
                                        }
                                      ]
                                    },
                                    {
                                      "Node Type": "Index Scan",
                                      "Parent Relationship": "Inner",
                                      "Parallel Aware": false,
                                      "Async Capable": false,
                                      "Scan Direction": "Forward",
                                      "Index Name": "question_submission_members_pkey",
                                      "Relation Name": "question_submission_members",
                                      "Alias": "sm",
                                      "Startup Cost": 0.41,
                                      "Total Cost": 8.44,
                                      "Plan Rows": 1,
                                      "Plan Width": 149,
                                      "Actual Startup Time": 0.003,
                                      "Actual Total Time": 0.003,
                                      "Actual Rows": 1,
                                      "Actual Loops": 5,
                                      "Index Cond": "((submission_id = m.submission_id) AND (kind = 'instance'::text) AND (id = m.id))",
                                      "Rows Removed by Index Recheck": 0,
                                      "Filter": "((m.version = version) AND (sha256 = m.sha256))",
                                      "Rows Removed by Filter": 0,
                                      "Shared Hit Blocks": 20,
                                      "Shared Read Blocks": 0,
                                      "Shared Dirtied Blocks": 0,
                                      "Shared Written Blocks": 0,
                                      "Local Hit Blocks": 0,
                                      "Local Read Blocks": 0,
                                      "Local Dirtied Blocks": 0,
                                      "Local Written Blocks": 0,
                                      "Temp Read Blocks": 0,
                                      "Temp Written Blocks": 0
                                    }
                                  ]
                                },
                                {
                                  "Node Type": "Index Scan",
                                  "Parent Relationship": "Inner",
                                  "Parallel Aware": false,
                                  "Async Capable": false,
                                  "Scan Direction": "Forward",
                                  "Index Name": "question_instances_pkey",
                                  "Relation Name": "question_instances",
                                  "Alias": "i",
                                  "Startup Cost": 0.41,
                                  "Total Cost": 1.08,
                                  "Plan Rows": 1,
                                  "Plan Width": 1057,
                                  "Actual Startup Time": 0.003,
                                  "Actual Total Time": 0.003,
                                  "Actual Rows": 1,
                                  "Actual Loops": 5,
                                  "Index Cond": "((id = sm.id) AND (version = sm.version))",
                                  "Rows Removed by Index Recheck": 0,
                                  "Filter": "(sealed AND (sha256 = sm.sha256))",
                                  "Rows Removed by Filter": 0,
                                  "Shared Hit Blocks": 20,
                                  "Shared Read Blocks": 0,
                                  "Shared Dirtied Blocks": 0,
                                  "Shared Written Blocks": 0,
                                  "Local Hit Blocks": 0,
                                  "Local Read Blocks": 0,
                                  "Local Dirtied Blocks": 0,
                                  "Local Written Blocks": 0,
                                  "Temp Read Blocks": 0,
                                  "Temp Written Blocks": 0
                                }
                              ]
                            },
                            {
                              "Node Type": "Index Scan",
                              "Parent Relationship": "Inner",
                              "Parallel Aware": false,
                              "Async Capable": false,
                              "Scan Direction": "Forward",
                              "Index Name": "question_publications_pkey",
                              "Relation Name": "question_publications",
                              "Alias": "p",
                              "Startup Cost": 0.14,
                              "Total Cost": 8.16,
                              "Plan Rows": 1,
                              "Plan Width": 16,
                              "Actual Startup Time": 0.001,
                              "Actual Total Time": 0.001,
                              "Actual Rows": 1,
                              "Actual Loops": 5,
                              "Index Cond": "(id = '783da092-ae52-43c7-b281-f61bded6f5a7'::uuid)",
                              "Rows Removed by Index Recheck": 0,
                              "Filter": "(sealed AND (status = 'published'::text))",
                              "Rows Removed by Filter": 0,
                              "Shared Hit Blocks": 10,
                              "Shared Read Blocks": 0,
                              "Shared Dirtied Blocks": 0,
                              "Shared Written Blocks": 0,
                              "Local Hit Blocks": 0,
                              "Local Read Blocks": 0,
                              "Local Dirtied Blocks": 0,
                              "Local Written Blocks": 0,
                              "Temp Read Blocks": 0,
                              "Temp Written Blocks": 0
                            }
                          ]
                        },
                        {
                          "Node Type": "Index Scan",
                          "Parent Relationship": "Inner",
                          "Parallel Aware": false,
                          "Async Capable": false,
                          "Scan Direction": "Forward",
                          "Index Name": "question_review_decisions_submission_id_key",
                          "Relation Name": "question_review_decisions",
                          "Alias": "rd",
                          "Startup Cost": 0.15,
                          "Total Cost": 0.17,
                          "Plan Rows": 1,
                          "Plan Width": 64,
                          "Actual Startup Time": 0.001,
                          "Actual Total Time": 0.001,
                          "Actual Rows": 1,
                          "Actual Loops": 5,
                          "Index Cond": "(submission_id = sm.submission_id)",
                          "Rows Removed by Index Recheck": 0,
                          "Filter": "(decision = 'approve'::text)",
                          "Rows Removed by Filter": 0,
                          "Shared Hit Blocks": 10,
                          "Shared Read Blocks": 0,
                          "Shared Dirtied Blocks": 0,
                          "Shared Written Blocks": 0,
                          "Local Hit Blocks": 0,
                          "Local Read Blocks": 0,
                          "Local Dirtied Blocks": 0,
                          "Local Written Blocks": 0,
                          "Temp Read Blocks": 0,
                          "Temp Written Blocks": 0
                        }
                      ]
                    },
                    {
                      "Node Type": "Index Scan",
                      "Parent Relationship": "Inner",
                      "Parallel Aware": false,
                      "Async Capable": false,
                      "Scan Direction": "Forward",
                      "Index Name": "question_submissions_status",
                      "Relation Name": "question_submissions",
                      "Alias": "s",
                      "Startup Cost": 0.14,
                      "Total Cost": 0.17,
                      "Plan Rows": 1,
                      "Plan Width": 48,
                      "Actual Startup Time": 0.001,
                      "Actual Total Time": 0.001,
                      "Actual Rows": 1,
                      "Actual Loops": 5,
                      "Index Cond": "((status = 'approved'::text) AND (id = sm.submission_id))",
                      "Rows Removed by Index Recheck": 0,
                      "Filter": "sealed",
                      "Rows Removed by Filter": 0,
                      "Shared Hit Blocks": 10,
                      "Shared Read Blocks": 0,
                      "Shared Dirtied Blocks": 0,
                      "Shared Written Blocks": 0,
                      "Local Hit Blocks": 0,
                      "Local Read Blocks": 0,
                      "Local Dirtied Blocks": 0,
                      "Local Written Blocks": 0,
                      "Temp Read Blocks": 0,
                      "Temp Written Blocks": 0
                    }
                  ]
                }
              ]
            },
            "Planning": {
              "Shared Hit Blocks": 9,
              "Shared Read Blocks": 0,
              "Shared Dirtied Blocks": 0,
              "Shared Written Blocks": 0,
              "Local Hit Blocks": 0,
              "Local Read Blocks": 0,
              "Local Dirtied Blocks": 0,
              "Local Written Blocks": 0,
              "Temp Read Blocks": 0,
              "Temp Written Blocks": 0
            },
            "Planning Time": 2.575,
            "Triggers": [
            ],
            "Execution Time": 2.715
          }
        ]
=== RUN   TestLearningCapacityMaxPool/maximum-shared-two-slots-and-exclusive-lock
    learning_capacity_test.go:436: LEARNING_CAPACITY twoRealHeavyCreations=true differentUsers=true twoSharedSlots=true elapsed=263.763625ms
    learning_capacity_test.go:450: LEARNING_CAPACITY exclusiveLockWait=1.013998667s no-writing-read=true
--- PASS: TestLearningCapacityMaxPool (120.78s)
    --- PASS: TestLearningCapacityMaxPool/maximum-shared-two-slots-and-exclusive-lock (1.28s)
PASS
ok  	github.com/yyl1212/math_master/backend/internal/store	121.389s
