=== RUN   TestLearningCapacityMaxPool
    learning_capacity_test.go:229: LEARNING_CAPACITY actual published knowledge=1000 units=4000 paths=200 assets=1000 templates=200 instances=10000 blueprints=1000 rootCandidates=1000 core=8 directSuccessors=999 actualMaxPathNodes=100
    learning_capacity_test.go:229: LEARNING_CAPACITY approvalProofDifferential=1000 allEqual=true allApproved=true
    learning_capacity_test.go:237: LEARNING_CAPACITY optionsWireBytes=211777
    learning_capacity_test.go:231: LEARNING_CAPACITY 1000-safe-blueprint-options elapsed=302.429833ms allocs=94594 bytes=15683064 heap=39213024 maxRSS=321421312 unit=bytes GOOS=darwin err=<nil>
    learning_capacity_test.go:247: LEARNING_CAPACITY approval100Plan=[
          {
            "Plan": {
              "Node Type": "Nested Loop",
              "Parallel Aware": false,
              "Async Capable": false,
              "Join Type": "Inner",
              "Startup Cost": 5.03,
              "Total Cost": 143.41,
              "Plan Rows": 45,
              "Plan Width": 1,
              "Actual Startup Time": 2.987,
              "Actual Total Time": 198.734,
              "Actual Rows": 100,
              "Actual Loops": 1,
              "Inner Unique": true,
              "Shared Hit Blocks": 10219,
              "Shared Read Blocks": 3,
              "Shared Dirtied Blocks": 0,
              "Shared Written Blocks": 0,
              "Local Hit Blocks": 0,
              "Local Read Blocks": 0,
              "Local Dirtied Blocks": 0,
              "Local Written Blocks": 0,
              "Temp Read Blocks": 0,
              "Temp Written Blocks": 0,
              "Plans": [
                {
                  "Node Type": "Bitmap Heap Scan",
                  "Parent Relationship": "Outer",
                  "Parallel Aware": false,
                  "Async Capable": false,
                  "Relation Name": "path_nodes",
                  "Alias": "pn",
                  "Startup Cost": 4.74,
                  "Total Cost": 55.45,
                  "Plan Rows": 45,
                  "Plan Width": 20,
                  "Actual Startup Time": 0.014,
                  "Actual Total Time": 0.032,
                  "Actual Rows": 100,
                  "Actual Loops": 1,
                  "Recheck Cond": "((path_id = 'capacity-p-000'::text) AND (path_version = 2))",
                  "Rows Removed by Index Recheck": 0,
                  "Exact Heap Blocks": 2,
                  "Lossy Heap Blocks": 0,
                  "Shared Hit Blocks": 2,
                  "Shared Read Blocks": 3,
                  "Shared Dirtied Blocks": 0,
                  "Shared Written Blocks": 0,
                  "Local Hit Blocks": 0,
                  "Local Read Blocks": 0,
                  "Local Dirtied Blocks": 0,
                  "Local Written Blocks": 0,
                  "Temp Read Blocks": 0,
                  "Temp Written Blocks": 0,
                  "Plans": [
                    {
                      "Node Type": "Bitmap Index Scan",
                      "Parent Relationship": "Outer",
                      "Parallel Aware": false,
                      "Async Capable": false,
                      "Index Name": "path_nodes_path_id_path_version_knowledge_id_key",
                      "Startup Cost": 0.00,
                      "Total Cost": 4.73,
                      "Plan Rows": 45,
                      "Plan Width": 0,
                      "Actual Startup Time": 0.012,
                      "Actual Total Time": 0.012,
                      "Actual Rows": 100,
                      "Actual Loops": 1,
                      "Index Cond": "((path_id = 'capacity-p-000'::text) AND (path_version = 2))",
                      "Shared Hit Blocks": 0,
                      "Shared Read Blocks": 3,
                      "Shared Dirtied Blocks": 0,
                      "Shared Written Blocks": 0,
                      "Local Hit Blocks": 0,
                      "Local Read Blocks": 0,
                      "Local Dirtied Blocks": 0,
                      "Local Written Blocks": 0,
                      "Temp Read Blocks": 0,
                      "Temp Written Blocks": 0
                    }
                  ]
                },
                {
                  "Node Type": "Memoize",
                  "Parent Relationship": "Inner",
                  "Parallel Aware": false,
                  "Async Capable": false,
                  "Startup Cost": 0.29,
                  "Total Cost": 1.73,
                  "Plan Rows": 1,
                  "Plan Width": 85,
                  "Actual Startup Time": 0.002,
                  "Actual Total Time": 0.002,
                  "Actual Rows": 1,
                  "Actual Loops": 100,
                  "Cache Key": "pn.knowledge_id, pn.knowledge_version",
                  "Cache Mode": "logical",
                  "Cache Hits": 0,
                  "Cache Misses": 100,
                  "Cache Evictions": 0,
                  "Cache Overflows": 0,
                  "Peak Memory Usage": 20,
                  "Shared Hit Blocks": 201,
                  "Shared Read Blocks": 0,
                  "Shared Dirtied Blocks": 0,
                  "Shared Written Blocks": 0,
                  "Local Hit Blocks": 0,
                  "Local Read Blocks": 0,
                  "Local Dirtied Blocks": 0,
                  "Local Written Blocks": 0,
                  "Temp Read Blocks": 0,
                  "Temp Written Blocks": 0,
                  "Plans": [
                    {
                      "Node Type": "Index Only Scan",
                      "Parent Relationship": "Outer",
                      "Parallel Aware": false,
                      "Async Capable": false,
                      "Scan Direction": "Forward",
                      "Index Name": "learning_knowledge_identity_sha",
                      "Relation Name": "knowledge_versions",
                      "Alias": "k",
                      "Startup Cost": 0.28,
                      "Total Cost": 1.72,
                      "Plan Rows": 1,
                      "Plan Width": 85,
                      "Actual Startup Time": 0.002,
                      "Actual Total Time": 0.002,
                      "Actual Rows": 1,
                      "Actual Loops": 100,
                      "Index Cond": "((id = pn.knowledge_id) AND (version = pn.knowledge_version))",
                      "Rows Removed by Index Recheck": 0,
                      "Heap Fetches": 0,
                      "Shared Hit Blocks": 201,
                      "Shared Read Blocks": 0,
                      "Shared Dirtied Blocks": 0,
                      "Shared Written Blocks": 0,
                      "Local Hit Blocks": 0,
                      "Local Read Blocks": 0,
                      "Local Dirtied Blocks": 0,
                      "Local Written Blocks": 0,
                      "Temp Read Blocks": 0,
                      "Temp Written Blocks": 0
                    }
                  ]
                }
              ]
            },
            "Planning": {
              "Shared Hit Blocks": 15,
              "Shared Read Blocks": 0,
              "Shared Dirtied Blocks": 0,
              "Shared Written Blocks": 0,
              "Local Hit Blocks": 0,
              "Local Read Blocks": 0,
              "Local Dirtied Blocks": 0,
              "Local Written Blocks": 0,
              "Temp Read Blocks": 0,
              "Temp Written Blocks": 0
            },
            "Planning Time": 0.119,
            "Triggers": [
            ],
            "Execution Time": 198.749
          }
        ]
    learning_capacity_test.go:251: LEARNING_CAPACITY enroll-route-0 elapsed=763.076791ms allocs=33918 bytes=8422200 heap=32250808 maxRSS=321437696 unit=bytes GOOS=darwin err=<nil>
    learning_capacity_test.go:251: LEARNING_CAPACITY enroll-route-1 elapsed=733.130792ms allocs=33655 bytes=8344528 heap=31958624 maxRSS=321437696 unit=bytes GOOS=darwin err=<nil>
    learning_capacity_test.go:251: LEARNING_CAPACITY enroll-route-2 elapsed=738.651084ms allocs=33684 bytes=8395528 heap=32008856 maxRSS=321437696 unit=bytes GOOS=darwin err=<nil>
    learning_capacity_test.go:251: LEARNING_CAPACITY enroll-route-3 elapsed=729.455834ms allocs=33665 bytes=8346432 heap=31958128 maxRSS=321437696 unit=bytes GOOS=darwin err=<nil>
    learning_capacity_test.go:251: LEARNING_CAPACITY enroll-route-4 elapsed=726.87375ms allocs=33646 bytes=8341648 heap=31954192 maxRSS=321437696 unit=bytes GOOS=darwin err=<nil>
    learning_capacity_test.go:251: LEARNING_CAPACITY enroll-route-5 elapsed=729.334167ms allocs=33672 bytes=8392456 heap=32004216 maxRSS=321437696 unit=bytes GOOS=darwin err=<nil>
    learning_capacity_test.go:251: LEARNING_CAPACITY enroll-route-6 elapsed=726.311125ms allocs=33662 bytes=8390088 heap=32003416 maxRSS=321437696 unit=bytes GOOS=darwin err=<nil>
    learning_capacity_test.go:251: LEARNING_CAPACITY enroll-route-7 elapsed=729.788125ms allocs=33667 bytes=8346352 heap=31958816 maxRSS=321437696 unit=bytes GOOS=darwin err=<nil>
    learning_capacity_test.go:251: LEARNING_CAPACITY enroll-route-8 elapsed=734.468291ms allocs=33647 bytes=8342976 heap=31955344 maxRSS=321437696 unit=bytes GOOS=darwin err=<nil>
    learning_capacity_test.go:251: LEARNING_CAPACITY enroll-route-9 elapsed=728.863792ms allocs=33656 bytes=8345584 heap=31957792 maxRSS=321437696 unit=bytes GOOS=darwin err=<nil>
    learning_capacity_test.go:251: LEARNING_CAPACITY enroll-route-10 elapsed=725.526834ms allocs=33648 bytes=8344304 heap=31956560 maxRSS=321437696 unit=bytes GOOS=darwin err=<nil>
    learning_capacity_test.go:251: LEARNING_CAPACITY enroll-route-11 elapsed=730.056041ms allocs=33669 bytes=8394104 heap=32006744 maxRSS=321437696 unit=bytes GOOS=darwin err=<nil>
    learning_capacity_test.go:251: LEARNING_CAPACITY enroll-route-12 elapsed=731.170583ms allocs=33664 bytes=8390248 heap=32003384 maxRSS=321437696 unit=bytes GOOS=darwin err=<nil>
    learning_capacity_test.go:251: LEARNING_CAPACITY enroll-route-13 elapsed=724.139542ms allocs=33681 bytes=8394776 heap=32007016 maxRSS=321437696 unit=bytes GOOS=darwin err=<nil>
    learning_capacity_test.go:251: LEARNING_CAPACITY enroll-route-14 elapsed=727.165959ms allocs=33650 bytes=8388904 heap=32001336 maxRSS=321437696 unit=bytes GOOS=darwin err=<nil>
    learning_capacity_test.go:251: LEARNING_CAPACITY enroll-route-15 elapsed=724.140166ms allocs=33666 bytes=8346560 heap=31958704 maxRSS=321437696 unit=bytes GOOS=darwin err=<nil>
    learning_capacity_test.go:251: LEARNING_CAPACITY enroll-route-16 elapsed=731.616292ms allocs=33689 bytes=8396024 heap=32008472 maxRSS=321437696 unit=bytes GOOS=darwin err=<nil>
    learning_capacity_test.go:251: LEARNING_CAPACITY enroll-route-17 elapsed=727.668417ms allocs=33654 bytes=8343568 heap=31956368 maxRSS=321437696 unit=bytes GOOS=darwin err=<nil>
    learning_capacity_test.go:251: LEARNING_CAPACITY enroll-route-18 elapsed=732.599916ms allocs=33687 bytes=8395208 heap=32009480 maxRSS=321437696 unit=bytes GOOS=darwin err=<nil>
    learning_capacity_test.go:251: LEARNING_CAPACITY enroll-route-19 elapsed=730.403333ms allocs=33669 bytes=8346400 heap=31959184 maxRSS=321437696 unit=bytes GOOS=darwin err=<nil>
    learning_capacity_test.go:251: LEARNING_CAPACITY enroll-route-20 elapsed=140.186125ms allocs=6427 bytes=1518064 heap=25130992 maxRSS=321454080 unit=bytes GOOS=darwin err=<nil>
    learning_capacity_test.go:251: LEARNING_CAPACITY enroll-route-21 elapsed=136.902167ms allocs=6409 bytes=1515872 heap=25129392 maxRSS=321454080 unit=bytes GOOS=darwin err=<nil>
    learning_capacity_test.go:251: LEARNING_CAPACITY enroll-route-22 elapsed=135.18925ms allocs=6397 bytes=1469504 heap=25095264 maxRSS=321454080 unit=bytes GOOS=darwin err=<nil>
    learning_capacity_test.go:251: LEARNING_CAPACITY enroll-route-23 elapsed=135.166792ms allocs=6426 bytes=1518992 heap=25119040 maxRSS=321454080 unit=bytes GOOS=darwin err=<nil>
    learning_capacity_test.go:251: LEARNING_CAPACITY enroll-route-24 elapsed=134.627ms allocs=6422 bytes=1517232 heap=25130304 maxRSS=321454080 unit=bytes GOOS=darwin err=<nil>
    learning_capacity_test.go:251: LEARNING_CAPACITY enroll-route-25 elapsed=134.538667ms allocs=6406 bytes=1469960 heap=25082920 maxRSS=321454080 unit=bytes GOOS=darwin err=<nil>
    learning_capacity_test.go:251: LEARNING_CAPACITY enroll-route-26 elapsed=135.220583ms allocs=6421 bytes=1517232 heap=25130304 maxRSS=321454080 unit=bytes GOOS=darwin err=<nil>
    learning_capacity_test.go:251: LEARNING_CAPACITY enroll-route-27 elapsed=136.16525ms allocs=6420 bytes=1518208 heap=25131408 maxRSS=321454080 unit=bytes GOOS=darwin err=<nil>
    learning_capacity_test.go:251: LEARNING_CAPACITY enroll-route-28 elapsed=136.333583ms allocs=6396 bytes=1467752 heap=25080856 maxRSS=321454080 unit=bytes GOOS=darwin err=<nil>
    learning_capacity_test.go:251: LEARNING_CAPACITY enroll-route-29 elapsed=135.125625ms allocs=6441 bytes=1522000 heap=25135360 maxRSS=321454080 unit=bytes GOOS=darwin err=<nil>
    learning_capacity_test.go:251: LEARNING_CAPACITY enroll-route-30 elapsed=135.572875ms allocs=6441 bytes=1522016 heap=25135264 maxRSS=321454080 unit=bytes GOOS=darwin err=<nil>
    learning_capacity_test.go:251: LEARNING_CAPACITY enroll-route-31 elapsed=139.571833ms allocs=6416 bytes=1470888 heap=25084184 maxRSS=321454080 unit=bytes GOOS=darwin err=<nil>
    learning_capacity_test.go:251: LEARNING_CAPACITY enroll-route-32 elapsed=142.698541ms allocs=6431 bytes=1520512 heap=25134544 maxRSS=321454080 unit=bytes GOOS=darwin err=<nil>
    learning_capacity_test.go:251: LEARNING_CAPACITY enroll-route-33 elapsed=137.30875ms allocs=6403 bytes=1515440 heap=25130976 maxRSS=321454080 unit=bytes GOOS=darwin err=<nil>
    learning_capacity_test.go:251: LEARNING_CAPACITY enroll-route-34 elapsed=135.423417ms allocs=6436 bytes=1520816 heap=25147056 maxRSS=321454080 unit=bytes GOOS=darwin err=<nil>
    learning_capacity_test.go:251: LEARNING_CAPACITY enroll-route-35 elapsed=134.826417ms allocs=6403 bytes=1515504 heap=25129712 maxRSS=321454080 unit=bytes GOOS=darwin err=<nil>
    learning_capacity_test.go:251: LEARNING_CAPACITY enroll-route-36 elapsed=135.290584ms allocs=6393 bytes=1467528 heap=25081528 maxRSS=321454080 unit=bytes GOOS=darwin err=<nil>
    learning_capacity_test.go:251: LEARNING_CAPACITY enroll-route-37 elapsed=135.0345ms allocs=6413 bytes=1516304 heap=25130480 maxRSS=321454080 unit=bytes GOOS=darwin err=<nil>
    learning_capacity_test.go:251: LEARNING_CAPACITY enroll-route-38 elapsed=136.991417ms allocs=6393 bytes=1467576 heap=25081848 maxRSS=321454080 unit=bytes GOOS=darwin err=<nil>
    learning_capacity_test.go:251: LEARNING_CAPACITY enroll-route-39 elapsed=134.852917ms allocs=6421 bytes=1517376 heap=25118928 maxRSS=321454080 unit=bytes GOOS=darwin err=<nil>
    learning_capacity_test.go:251: LEARNING_CAPACITY enroll-route-40 elapsed=134.695959ms allocs=6402 bytes=1468120 heap=25082712 maxRSS=321454080 unit=bytes GOOS=darwin err=<nil>
    learning_capacity_test.go:251: LEARNING_CAPACITY enroll-route-41 elapsed=134.0895ms allocs=6423 bytes=1517520 heap=25131936 maxRSS=321454080 unit=bytes GOOS=darwin err=<nil>
    learning_capacity_test.go:251: LEARNING_CAPACITY enroll-route-42 elapsed=136.227542ms allocs=6452 bytes=1523504 heap=25138096 maxRSS=321454080 unit=bytes GOOS=darwin err=<nil>
    learning_capacity_test.go:251: LEARNING_CAPACITY enroll-route-43 elapsed=134.511625ms allocs=6411 bytes=1517248 heap=25132688 maxRSS=321454080 unit=bytes GOOS=darwin err=<nil>
    learning_capacity_test.go:251: LEARNING_CAPACITY enroll-route-44 elapsed=137.108959ms allocs=6444 bytes=1522512 heap=25124256 maxRSS=321454080 unit=bytes GOOS=darwin err=<nil>
    learning_capacity_test.go:251: LEARNING_CAPACITY enroll-route-45 elapsed=135.069541ms allocs=6441 bytes=1522560 heap=25137376 maxRSS=321454080 unit=bytes GOOS=darwin err=<nil>
    learning_capacity_test.go:251: LEARNING_CAPACITY enroll-route-46 elapsed=139.523542ms allocs=6423 bytes=1473544 heap=25088328 maxRSS=321454080 unit=bytes GOOS=darwin err=<nil>
    learning_capacity_test.go:251: LEARNING_CAPACITY enroll-route-47 elapsed=136.134084ms allocs=6429 bytes=1518192 heap=25134064 maxRSS=321454080 unit=bytes GOOS=darwin err=<nil>
    learning_capacity_test.go:251: LEARNING_CAPACITY enroll-route-48 elapsed=134.815ms allocs=6442 bytes=1522096 heap=25137648 maxRSS=321454080 unit=bytes GOOS=darwin err=<nil>
    learning_capacity_test.go:251: LEARNING_CAPACITY enroll-route-49 elapsed=136.046125ms allocs=6426 bytes=1517936 heap=25132688 maxRSS=321454080 unit=bytes GOOS=darwin err=<nil>
    learning_capacity_test.go:251: LEARNING_CAPACITY enroll-route-50 elapsed=135.930667ms allocs=6425 bytes=1473336 heap=25088744 maxRSS=321454080 unit=bytes GOOS=darwin err=<nil>
    learning_capacity_test.go:251: LEARNING_CAPACITY enroll-route-51 elapsed=135.582209ms allocs=6443 bytes=1522288 heap=25137280 maxRSS=321454080 unit=bytes GOOS=darwin err=<nil>
    learning_capacity_test.go:251: LEARNING_CAPACITY enroll-route-52 elapsed=136.91025ms allocs=6414 bytes=1516480 heap=25131520 maxRSS=321454080 unit=bytes GOOS=darwin err=<nil>
    learning_capacity_test.go:251: LEARNING_CAPACITY enroll-route-53 elapsed=137.014917ms allocs=6433 bytes=1519744 heap=25122064 maxRSS=321454080 unit=bytes GOOS=darwin err=<nil>
    learning_capacity_test.go:251: LEARNING_CAPACITY enroll-route-54 elapsed=137.752709ms allocs=6438 bytes=1521728 heap=25137424 maxRSS=321454080 unit=bytes GOOS=darwin err=<nil>
    learning_capacity_test.go:251: LEARNING_CAPACITY enroll-route-55 elapsed=135.622709ms allocs=6444 bytes=1522448 heap=25150768 maxRSS=321454080 unit=bytes GOOS=darwin err=<nil>
    learning_capacity_test.go:251: LEARNING_CAPACITY enroll-route-56 elapsed=137.008ms allocs=6431 bytes=1519872 heap=25135216 maxRSS=321454080 unit=bytes GOOS=darwin err=<nil>
    learning_capacity_test.go:251: LEARNING_CAPACITY enroll-route-57 elapsed=136.658625ms allocs=6443 bytes=1522224 heap=25137520 maxRSS=321454080 unit=bytes GOOS=darwin err=<nil>
    learning_capacity_test.go:251: LEARNING_CAPACITY enroll-route-58 elapsed=134.983125ms allocs=6440 bytes=1521232 heap=25136656 maxRSS=321454080 unit=bytes GOOS=darwin err=<nil>
    learning_capacity_test.go:251: LEARNING_CAPACITY enroll-route-59 elapsed=134.430958ms allocs=6422 bytes=1519264 heap=25135344 maxRSS=321454080 unit=bytes GOOS=darwin err=<nil>
    learning_capacity_test.go:251: LEARNING_CAPACITY enroll-route-60 elapsed=135.594458ms allocs=6422 bytes=1517312 heap=25133936 maxRSS=321454080 unit=bytes GOOS=darwin err=<nil>
    learning_capacity_test.go:251: LEARNING_CAPACITY enroll-route-61 elapsed=139.331209ms allocs=6444 bytes=1522512 heap=25138080 maxRSS=321454080 unit=bytes GOOS=darwin err=<nil>
    learning_capacity_test.go:251: LEARNING_CAPACITY enroll-route-62 elapsed=135.67075ms allocs=6421 bytes=1517184 heap=25132912 maxRSS=321454080 unit=bytes GOOS=darwin err=<nil>
    learning_capacity_test.go:251: LEARNING_CAPACITY enroll-route-63 elapsed=135.099667ms allocs=6449 bytes=1523056 heap=25139264 maxRSS=321454080 unit=bytes GOOS=darwin err=<nil>
    learning_capacity_test.go:251: LEARNING_CAPACITY enroll-route-64 elapsed=135.105292ms allocs=6437 bytes=1520432 heap=25136736 maxRSS=321454080 unit=bytes GOOS=darwin err=<nil>
    learning_capacity_test.go:251: LEARNING_CAPACITY enroll-route-65 elapsed=136.178792ms allocs=6451 bytes=1523296 heap=25139600 maxRSS=321454080 unit=bytes GOOS=darwin err=<nil>
    learning_capacity_test.go:251: LEARNING_CAPACITY enroll-route-66 elapsed=134.889833ms allocs=6448 bytes=1522944 heap=25139440 maxRSS=321454080 unit=bytes GOOS=darwin err=<nil>
    learning_capacity_test.go:251: LEARNING_CAPACITY enroll-route-67 elapsed=136.966584ms allocs=6420 bytes=1471768 heap=25088232 maxRSS=321454080 unit=bytes GOOS=darwin err=<nil>
    learning_capacity_test.go:251: LEARNING_CAPACITY enroll-route-68 elapsed=136.81825ms allocs=6425 bytes=1517840 heap=25133968 maxRSS=321454080 unit=bytes GOOS=darwin err=<nil>
    learning_capacity_test.go:251: LEARNING_CAPACITY enroll-route-69 elapsed=136.32025ms allocs=6413 bytes=1472376 heap=25088872 maxRSS=321454080 unit=bytes GOOS=darwin err=<nil>
    learning_capacity_test.go:251: LEARNING_CAPACITY enroll-route-70 elapsed=135.508917ms allocs=6448 bytes=1522976 heap=25138880 maxRSS=321454080 unit=bytes GOOS=darwin err=<nil>
    learning_capacity_test.go:251: LEARNING_CAPACITY enroll-route-71 elapsed=136.488416ms allocs=6422 bytes=1521600 heap=25138240 maxRSS=321454080 unit=bytes GOOS=darwin err=<nil>
    learning_capacity_test.go:251: LEARNING_CAPACITY enroll-route-72 elapsed=136.589583ms allocs=6404 bytes=1468568 heap=25098952 maxRSS=321454080 unit=bytes GOOS=darwin err=<nil>
    learning_capacity_test.go:251: LEARNING_CAPACITY enroll-route-73 elapsed=137.794ms allocs=6455 bytes=1523424 heap=25140736 maxRSS=321454080 unit=bytes GOOS=darwin err=<nil>
    learning_capacity_test.go:251: LEARNING_CAPACITY enroll-route-74 elapsed=135.921208ms allocs=6410 bytes=1516416 heap=25134704 maxRSS=321454080 unit=bytes GOOS=darwin err=<nil>
    learning_capacity_test.go:251: LEARNING_CAPACITY enroll-route-75 elapsed=137.933917ms allocs=6450 bytes=1522944 heap=25140944 maxRSS=321454080 unit=bytes GOOS=darwin err=<nil>
    learning_capacity_test.go:251: LEARNING_CAPACITY enroll-route-76 elapsed=138.681375ms allocs=6423 bytes=1517504 heap=25135312 maxRSS=321454080 unit=bytes GOOS=darwin err=<nil>
    learning_capacity_test.go:251: LEARNING_CAPACITY enroll-route-77 elapsed=138.06ms allocs=6421 bytes=1472856 heap=25090472 maxRSS=321454080 unit=bytes GOOS=darwin err=<nil>
    learning_capacity_test.go:251: LEARNING_CAPACITY enroll-route-78 elapsed=135.942416ms allocs=6434 bytes=1520752 heap=25125408 maxRSS=321454080 unit=bytes GOOS=darwin err=<nil>
    learning_capacity_test.go:251: LEARNING_CAPACITY enroll-route-79 elapsed=137.23025ms allocs=6439 bytes=1521488 heap=25139104 maxRSS=321454080 unit=bytes GOOS=darwin err=<nil>
    learning_capacity_test.go:251: LEARNING_CAPACITY enroll-route-80 elapsed=135.365416ms allocs=6415 bytes=1517680 heap=25135920 maxRSS=321454080 unit=bytes GOOS=darwin err=<nil>
    learning_capacity_test.go:251: LEARNING_CAPACITY enroll-route-81 elapsed=136.405916ms allocs=6421 bytes=1517168 heap=25123024 maxRSS=321454080 unit=bytes GOOS=darwin err=<nil>
    learning_capacity_test.go:251: LEARNING_CAPACITY enroll-route-82 elapsed=134.736875ms allocs=6452 bytes=1522992 heap=25140624 maxRSS=321454080 unit=bytes GOOS=darwin err=<nil>
    learning_capacity_test.go:251: LEARNING_CAPACITY enroll-route-83 elapsed=137.001708ms allocs=6440 bytes=1521808 heap=25140176 maxRSS=321454080 unit=bytes GOOS=darwin err=<nil>
    learning_capacity_test.go:251: LEARNING_CAPACITY enroll-route-84 elapsed=136.352417ms allocs=6426 bytes=1517952 heap=25136112 maxRSS=321454080 unit=bytes GOOS=darwin err=<nil>
    learning_capacity_test.go:251: LEARNING_CAPACITY enroll-route-85 elapsed=148.854708ms allocs=6424 bytes=1518752 heap=25137568 maxRSS=321454080 unit=bytes GOOS=darwin err=<nil>
    learning_capacity_test.go:251: LEARNING_CAPACITY enroll-route-86 elapsed=136.417292ms allocs=6393 bytes=1467592 heap=25085544 maxRSS=321454080 unit=bytes GOOS=darwin err=<nil>
    learning_capacity_test.go:251: LEARNING_CAPACITY enroll-route-87 elapsed=135.295583ms allocs=6451 bytes=1523264 heap=25141264 maxRSS=321454080 unit=bytes GOOS=darwin err=<nil>
    learning_capacity_test.go:251: LEARNING_CAPACITY enroll-route-88 elapsed=135.550334ms allocs=6411 bytes=1516144 heap=25134752 maxRSS=321454080 unit=bytes GOOS=darwin err=<nil>
    learning_capacity_test.go:251: LEARNING_CAPACITY enroll-route-89 elapsed=135.328125ms allocs=6399 bytes=1468104 heap=25086184 maxRSS=321454080 unit=bytes GOOS=darwin err=<nil>
    learning_capacity_test.go:251: LEARNING_CAPACITY enroll-route-90 elapsed=139.235625ms allocs=6424 bytes=1519680 heap=25138432 maxRSS=321454080 unit=bytes GOOS=darwin err=<nil>
    learning_capacity_test.go:251: LEARNING_CAPACITY enroll-route-91 elapsed=134.973333ms allocs=6456 bytes=1523600 heap=25141664 maxRSS=321454080 unit=bytes GOOS=darwin err=<nil>
    learning_capacity_test.go:251: LEARNING_CAPACITY enroll-route-92 elapsed=134.540083ms allocs=6439 bytes=1521760 heap=25140896 maxRSS=321454080 unit=bytes GOOS=darwin err=<nil>
    learning_capacity_test.go:251: LEARNING_CAPACITY enroll-route-93 elapsed=138.532667ms allocs=6423 bytes=1472040 heap=25090200 maxRSS=321454080 unit=bytes GOOS=darwin err=<nil>
    learning_capacity_test.go:251: LEARNING_CAPACITY enroll-route-94 elapsed=135.658875ms allocs=6446 bytes=1522640 heap=25140960 maxRSS=321454080 unit=bytes GOOS=darwin err=<nil>
    learning_capacity_test.go:251: LEARNING_CAPACITY enroll-route-95 elapsed=136.21275ms allocs=6436 bytes=1520768 heap=25139232 maxRSS=321454080 unit=bytes GOOS=darwin err=<nil>
    learning_capacity_test.go:251: LEARNING_CAPACITY enroll-route-96 elapsed=136.032291ms allocs=6416 bytes=1519120 heap=25138256 maxRSS=321454080 unit=bytes GOOS=darwin err=<nil>
    learning_capacity_test.go:251: LEARNING_CAPACITY enroll-route-97 elapsed=135.683708ms allocs=6425 bytes=1475456 heap=25106576 maxRSS=321454080 unit=bytes GOOS=darwin err=<nil>
    learning_capacity_test.go:251: LEARNING_CAPACITY enroll-route-98 elapsed=135.404208ms allocs=6399 bytes=1467896 heap=25098920 maxRSS=321454080 unit=bytes GOOS=darwin err=<nil>
    learning_capacity_test.go:251: LEARNING_CAPACITY enroll-route-99 elapsed=135.430125ms allocs=6410 bytes=1516240 heap=25134944 maxRSS=321454080 unit=bytes GOOS=darwin err=<nil>
    learning_capacity_test.go:266: LEARNING_CAPACITY page-100-routes-3280-fixed-nodes elapsed=539.131459ms allocs=81963 bytes=15561400 heap=39179976 maxRSS=321454080 unit=bytes GOOS=darwin err=<nil>
    learning_capacity_test.go:295: LEARNING_CAPACITY create-five-only-sparse-1000-eight-core elapsed=176.332ms allocs=27134 bytes=2867040 heap=26623640 maxRSS=321486848 unit=bytes GOOS=darwin err=<nil>
    learning_capacity_test.go:305: LEARNING_CAPACITY submit-and-999-direct-successors elapsed=2.06765425s allocs=32909 bytes=5167456 heap=7063992 maxRSS=321519616 unit=bytes GOOS=darwin err=<nil>
    learning_capacity_test.go:313: LEARNING_CAPACITY overview-1000-current elapsed=495.371458ms allocs=69817 bytes=4300504 heap=5326680 maxRSS=321536000 unit=bytes GOOS=darwin err=<nil>
    learning_capacity_test.go:320: LEARNING_CAPACITY 100-node-page elapsed=223.08375ms allocs=31685 bytes=6221080 heap=6988344 maxRSS=321552384 unit=bytes GOOS=darwin err=<nil>
    learning_capacity_test.go:340: LEARNING_CAPACITY alternative-pass-antijoin elapsed=293.605875ms allocs=94081 bytes=14447080 heap=38874816 maxRSS=321683456 unit=bytes GOOS=darwin err=<nil>
    learning_capacity_test.go:347: LEARNING_CAPACITY historical-approved-svg elapsed=12.998458ms allocs=1399 bytes=340840 heap=24791112 maxRSS=321683456 unit=bytes GOOS=darwin err=<nil>
    learning_capacity_test.go:364: LEARNING_CAPACITY owned-history-101-offset-0 elapsed=12.0515ms allocs=2981 bytes=293440 heap=17997432 maxRSS=322027520 unit=bytes GOOS=darwin err=<nil>
    learning_capacity_test.go:364: LEARNING_CAPACITY owned-history-101-offset-100 elapsed=12.1655ms allocs=991 bytes=148544 heap=17868536 maxRSS=322027520 unit=bytes GOOS=darwin err=<nil>
    learning_capacity_test.go:376: LEARNING_CAPACITY batch-template-exposure elapsed=32.057542ms allocs=120926 bytes=27480312 heap=35354928 maxRSS=322027520 unit=bytes GOOS=darwin err=<nil>
    learning_capacity_test.go:387: LEARNING_CAPACITY SQLSUMMARY metadata-1000 actualRows=999 executionMs=51.545000 sharedHits=110659 sharedReads=0
    learning_capacity_test.go:387: LEARNING_CAPACITY SQLPLAN metadata-1000 [
          {
            "Plan": {
              "Node Type": "Limit",
              "Parallel Aware": false,
              "Async Capable": false,
              "Startup Cost": 2182.70,
              "Total Cost": 2318.76,
              "Plan Rows": 1,
              "Plan Width": 271,
              "Actual Startup Time": 3.317,
              "Actual Total Time": 51.426,
              "Actual Rows": 999,
              "Actual Loops": 1,
              "Shared Hit Blocks": 110659,
              "Shared Read Blocks": 0,
              "Shared Dirtied Blocks": 0,
              "Shared Written Blocks": 0,
              "Local Hit Blocks": 0,
              "Local Read Blocks": 0,
              "Local Dirtied Blocks": 0,
              "Local Written Blocks": 0,
              "Temp Read Blocks": 0,
              "Temp Written Blocks": 0,
              "Plans": [
                {
                  "Node Type": "Limit",
                  "Parent Relationship": "InitPlan",
                  "Subplan Name": "CTE recent",
                  "Parallel Aware": false,
                  "Async Capable": false,
                  "Startup Cost": 0.14,
                  "Total Cost": 8.16,
                  "Plan Rows": 1,
                  "Plan Width": 24,
                  "Actual Startup Time": 0.002,
                  "Actual Total Time": 0.002,
                  "Actual Rows": 1,
                  "Actual Loops": 1,
                  "Shared Hit Blocks": 2,
                  "Shared Read Blocks": 0,
                  "Shared Dirtied Blocks": 0,
                  "Shared Written Blocks": 0,
                  "Local Hit Blocks": 0,
                  "Local Read Blocks": 0,
                  "Local Dirtied Blocks": 0,
                  "Local Written Blocks": 0,
                  "Temp Read Blocks": 0,
                  "Temp Written Blocks": 0,
                  "Plans": [
                    {
                      "Node Type": "Index Only Scan",
                      "Parent Relationship": "Outer",
                      "Parallel Aware": false,
                      "Async Capable": false,
                      "Scan Direction": "Forward",
                      "Index Name": "learning_recent_submission",
                      "Relation Name": "assessment_attempts",
                      "Alias": "assessment_attempts",
                      "Startup Cost": 0.14,
                      "Total Cost": 8.16,
                      "Plan Rows": 1,
                      "Plan Width": 24,
                      "Actual Startup Time": 0.002,
                      "Actual Total Time": 0.002,
                      "Actual Rows": 1,
                      "Actual Loops": 1,
                      "Index Cond": "(owner_user_id = '5b0be77f-4f0e-4140-a2fc-a711c068517a'::uuid)",
                      "Rows Removed by Index Recheck": 0,
                      "Heap Fetches": 1,
                      "Shared Hit Blocks": 2,
                      "Shared Read Blocks": 0,
                      "Shared Dirtied Blocks": 0,
                      "Shared Written Blocks": 0,
                      "Local Hit Blocks": 0,
                      "Local Read Blocks": 0,
                      "Local Dirtied Blocks": 0,
                      "Local Written Blocks": 0,
                      "Temp Read Blocks": 0,
                      "Temp Written Blocks": 0
                    }
                  ]
                },
                {
                  "Node Type": "Hash Join",
                  "Parent Relationship": "InitPlan",
                  "Subplan Name": "CTE available_units",
                  "Parallel Aware": false,
                  "Async Capable": false,
                  "Join Type": "Inner",
                  "Startup Cost": 970.44,
                  "Total Cost": 1358.02,
                  "Plan Rows": 2548,
                  "Plan Width": 22,
                  "Actual Startup Time": 0.627,
                  "Actual Total Time": 1.435,
                  "Actual Rows": 4000,
                  "Actual Loops": 1,
                  "Inner Unique": true,
                  "Hash Cond": "((uv.id = m_1.id) AND (uv.version = m_1.version))",
                  "Shared Hit Blocks": 209,
                  "Shared Read Blocks": 0,
                  "Shared Dirtied Blocks": 0,
                  "Shared Written Blocks": 0,
                  "Local Hit Blocks": 0,
                  "Local Read Blocks": 0,
                  "Local Dirtied Blocks": 0,
                  "Local Written Blocks": 0,
                  "Temp Read Blocks": 0,
                  "Temp Written Blocks": 0,
                  "Plans": [
                    {
                      "Node Type": "Merge Join",
                      "Parent Relationship": "Outer",
                      "Parallel Aware": false,
                      "Async Capable": false,
                      "Join Type": "Anti",
                      "Startup Cost": 0.41,
                      "Total Cost": 366.46,
                      "Plan Rows": 4100,
                      "Plan Width": 22,
                      "Actual Startup Time": 0.005,
                      "Actual Total Time": 0.437,
                      "Actual Rows": 4100,
                      "Actual Loops": 1,
                      "Inner Unique": false,
                      "Merge Cond": "((uv.id = w_1.target_id) AND (uv.version = w_1.target_version))",
                      "Join Filter": "(w_1.sha256 = uv.sha256)",
                      "Rows Removed by Join Filter": 0,
                      "Shared Hit Blocks": 70,
                      "Shared Read Blocks": 0,
                      "Shared Dirtied Blocks": 0,
                      "Shared Written Blocks": 0,
                      "Local Hit Blocks": 0,
                      "Local Read Blocks": 0,
                      "Local Dirtied Blocks": 0,
                      "Local Written Blocks": 0,
                      "Temp Read Blocks": 0,
                      "Temp Written Blocks": 0,
                      "Plans": [
                        {
                          "Node Type": "Index Only Scan",
                          "Parent Relationship": "Outer",
                          "Parallel Aware": false,
                          "Async Capable": false,
                          "Scan Direction": "Forward",
                          "Index Name": "learning_unit_identity_sha",
                          "Relation Name": "unit_versions",
                          "Alias": "uv",
                          "Startup Cost": 0.28,
                          "Total Cost": 333.78,
                          "Plan Rows": 4100,
                          "Plan Width": 87,
                          "Actual Startup Time": 0.003,
                          "Actual Total Time": 0.225,
                          "Actual Rows": 4100,
                          "Actual Loops": 1,
                          "Heap Fetches": 0,
                          "Shared Hit Blocks": 68,
                          "Shared Read Blocks": 0,
                          "Shared Dirtied Blocks": 0,
                          "Shared Written Blocks": 0,
                          "Local Hit Blocks": 0,
                          "Local Read Blocks": 0,
                          "Local Dirtied Blocks": 0,
                          "Local Written Blocks": 0,
                          "Temp Read Blocks": 0,
                          "Temp Written Blocks": 0
                        },
                        {
                          "Node Type": "Index Scan",
                          "Parent Relationship": "Inner",
                          "Parallel Aware": false,
                          "Async Capable": false,
                          "Scan Direction": "Forward",
                          "Index Name": "content_withdrawal_version",
                          "Relation Name": "content_withdrawals",
                          "Alias": "w_1",
                          "Startup Cost": 0.12,
                          "Total Cost": 12.15,
                          "Plan Rows": 2,
                          "Plan Width": 68,
                          "Actual Startup Time": 0.001,
                          "Actual Total Time": 0.001,
                          "Actual Rows": 0,
                          "Actual Loops": 1,
                          "Index Cond": "(kind = 'unit'::text)",
                          "Rows Removed by Index Recheck": 0,
                          "Shared Hit Blocks": 2,
                          "Shared Read Blocks": 0,
                          "Shared Dirtied Blocks": 0,
                          "Shared Written Blocks": 0,
                          "Local Hit Blocks": 0,
                          "Local Read Blocks": 0,
                          "Local Dirtied Blocks": 0,
                          "Local Written Blocks": 0,
                          "Temp Read Blocks": 0,
                          "Temp Written Blocks": 0
                        }
                      ]
                    },
                    {
                      "Node Type": "Hash",
                      "Parent Relationship": "Inner",
                      "Parallel Aware": false,
                      "Async Capable": false,
                      "Startup Cost": 910.16,
                      "Total Cost": 910.16,
                      "Plan Rows": 3991,
                      "Plan Width": 21,
                      "Actual Startup Time": 0.621,
                      "Actual Total Time": 0.622,
                      "Actual Rows": 4000,
                      "Actual Loops": 1,
                      "Hash Buckets": 4096,
                      "Original Hash Buckets": 4096,
                      "Hash Batches": 1,
                      "Original Hash Batches": 1,
                      "Peak Memory Usage": 251,
                      "Shared Hit Blocks": 139,
                      "Shared Read Blocks": 0,
                      "Shared Dirtied Blocks": 0,
                      "Shared Written Blocks": 0,
                      "Local Hit Blocks": 0,
                      "Local Read Blocks": 0,
                      "Local Dirtied Blocks": 0,
                      "Local Written Blocks": 0,
                      "Temp Read Blocks": 0,
                      "Temp Written Blocks": 0,
                      "Plans": [
                        {
                          "Node Type": "Bitmap Heap Scan",
                          "Parent Relationship": "Outer",
                          "Parallel Aware": false,
                          "Async Capable": false,
                          "Relation Name": "publication_members",
                          "Alias": "m_1",
                          "Startup Cost": 345.32,
                          "Total Cost": 910.16,
                          "Plan Rows": 3991,
                          "Plan Width": 21,
                          "Actual Startup Time": 0.119,
                          "Actual Total Time": 0.399,
                          "Actual Rows": 4000,
                          "Actual Loops": 1,
                          "Recheck Cond": "((snapshot_id = '5bb1860a-5898-4a83-b605-4fa2756a4ce3'::text) AND (kind = 'unit'::text))",
                          "Rows Removed by Index Recheck": 0,
                          "Filter": "(availability = 'active'::text)",
                          "Rows Removed by Filter": 0,
                          "Exact Heap Blocks": 62,
                          "Lossy Heap Blocks": 0,
                          "Shared Hit Blocks": 139,
                          "Shared Read Blocks": 0,
                          "Shared Dirtied Blocks": 0,
                          "Shared Written Blocks": 0,
                          "Local Hit Blocks": 0,
                          "Local Read Blocks": 0,
                          "Local Dirtied Blocks": 0,
                          "Local Written Blocks": 0,
                          "Temp Read Blocks": 0,
                          "Temp Written Blocks": 0,
                          "Plans": [
                            {
                              "Node Type": "Bitmap Index Scan",
                              "Parent Relationship": "Outer",
                              "Parallel Aware": false,
                              "Async Capable": false,
                              "Index Name": "publication_members_pkey",
                              "Startup Cost": 0.00,
                              "Total Cost": 344.32,
                              "Plan Rows": 3991,
                              "Plan Width": 0,
                              "Actual Startup Time": 0.114,
                              "Actual Total Time": 0.115,
                              "Actual Rows": 4000,
                              "Actual Loops": 1,
                              "Index Cond": "((snapshot_id = '5bb1860a-5898-4a83-b605-4fa2756a4ce3'::text) AND (kind = 'unit'::text))",
                              "Shared Hit Blocks": 77,
                              "Shared Read Blocks": 0,
                              "Shared Dirtied Blocks": 0,
                              "Shared Written Blocks": 0,
                              "Local Hit Blocks": 0,
                              "Local Read Blocks": 0,
                              "Local Dirtied Blocks": 0,
                              "Local Written Blocks": 0,
                              "Temp Read Blocks": 0,
                              "Temp Written Blocks": 0
                            }
                          ]
                        }
                      ]
                    }
                  ]
                },
                {
                  "Node Type": "Nested Loop",
                  "Parent Relationship": "InitPlan",
                  "Subplan Name": "CTE available_assets",
                  "Parallel Aware": false,
                  "Async Capable": false,
                  "Join Type": "Anti",
                  "Startup Cost": 288.78,
                  "Total Cost": 809.83,
                  "Plan Rows": 5,
                  "Plan Width": 82,
                  "Actual Startup Time": 0.376,
                  "Actual Total Time": 0.805,
                  "Actual Rows": 1000,
                  "Actual Loops": 1,
                  "Inner Unique": false,
                  "Shared Hit Blocks": 2139,
                  "Shared Read Blocks": 0,
                  "Shared Dirtied Blocks": 0,
                  "Shared Written Blocks": 0,
                  "Local Hit Blocks": 0,
                  "Local Read Blocks": 0,
                  "Local Dirtied Blocks": 0,
                  "Local Written Blocks": 0,
                  "Temp Read Blocks": 0,
                  "Temp Written Blocks": 0,
                  "Plans": [
                    {
                      "Node Type": "Hash Join",
                      "Parent Relationship": "Outer",
                      "Parallel Aware": false,
                      "Async Capable": false,
                      "Join Type": "Inner",
                      "Startup Cost": 288.66,
                      "Total Cost": 808.85,
                      "Plan Rows": 5,
                      "Plan Width": 82,
                      "Actual Startup Time": 0.372,
                      "Actual Total Time": 0.566,
                      "Actual Rows": 1000,
                      "Actual Loops": 1,
                      "Inner Unique": true,
                      "Hash Cond": "((m_2.package_id = pm.package_id) AND (m_2.package_version = pm.package_version) AND (m_2.id = pm.id))",
                      "Shared Hit Blocks": 139,
                      "Shared Read Blocks": 0,
                      "Shared Dirtied Blocks": 0,
                      "Shared Written Blocks": 0,
                      "Local Hit Blocks": 0,
                      "Local Read Blocks": 0,
                      "Local Dirtied Blocks": 0,
                      "Local Written Blocks": 0,
                      "Temp Read Blocks": 0,
                      "Temp Written Blocks": 0,
                      "Plans": [
                        {
                          "Node Type": "Bitmap Heap Scan",
                          "Parent Relationship": "Outer",
                          "Parallel Aware": false,
                          "Async Capable": false,
                          "Relation Name": "publication_members",
                          "Alias": "m_2",
                          "Startup Cost": 86.59,
                          "Total Cost": 598.97,
                          "Plan Rows": 993,
                          "Plan Width": 36,
                          "Actual Startup Time": 0.040,
                          "Actual Total Time": 0.118,
                          "Actual Rows": 1000,
                          "Actual Loops": 1,
                          "Recheck Cond": "((snapshot_id = '5bb1860a-5898-4a83-b605-4fa2756a4ce3'::text) AND (kind = 'asset'::text))",
                          "Rows Removed by Index Recheck": 0,
                          "Filter": "(availability = 'active'::text)",
                          "Rows Removed by Filter": 0,
                          "Exact Heap Blocks": 20,
                          "Lossy Heap Blocks": 0,
                          "Shared Hit Blocks": 41,
                          "Shared Read Blocks": 0,
                          "Shared Dirtied Blocks": 0,
                          "Shared Written Blocks": 0,
                          "Local Hit Blocks": 0,
                          "Local Read Blocks": 0,
                          "Local Dirtied Blocks": 0,
                          "Local Written Blocks": 0,
                          "Temp Read Blocks": 0,
                          "Temp Written Blocks": 0,
                          "Plans": [
                            {
                              "Node Type": "Bitmap Index Scan",
                              "Parent Relationship": "Outer",
                              "Parallel Aware": false,
                              "Async Capable": false,
                              "Index Name": "publication_members_pkey",
                              "Startup Cost": 0.00,
                              "Total Cost": 86.34,
                              "Plan Rows": 993,
                              "Plan Width": 0,
                              "Actual Startup Time": 0.032,
                              "Actual Total Time": 0.032,
                              "Actual Rows": 1000,
                              "Actual Loops": 1,
                              "Index Cond": "((snapshot_id = '5bb1860a-5898-4a83-b605-4fa2756a4ce3'::text) AND (kind = 'asset'::text))",
                              "Shared Hit Blocks": 21,
                              "Shared Read Blocks": 0,
                              "Shared Dirtied Blocks": 0,
                              "Shared Written Blocks": 0,
                              "Local Hit Blocks": 0,
                              "Local Read Blocks": 0,
                              "Local Dirtied Blocks": 0,
                              "Local Written Blocks": 0,
                              "Temp Read Blocks": 0,
                              "Temp Written Blocks": 0
                            }
                          ]
                        },
                        {
                          "Node Type": "Hash",
                          "Parent Relationship": "Inner",
                          "Parallel Aware": false,
                          "Async Capable": false,
                          "Startup Cost": 183.38,
                          "Total Cost": 183.38,
                          "Plan Rows": 1068,
                          "Plan Width": 101,
                          "Actual Startup Time": 0.331,
                          "Actual Total Time": 0.331,
                          "Actual Rows": 1068,
                          "Actual Loops": 1,
                          "Hash Buckets": 2048,
                          "Original Hash Buckets": 2048,
                          "Hash Batches": 1,
                          "Original Hash Batches": 1,
                          "Peak Memory Usage": 154,
                          "Shared Hit Blocks": 98,
                          "Shared Read Blocks": 0,
                          "Shared Dirtied Blocks": 0,
                          "Shared Written Blocks": 0,
                          "Local Hit Blocks": 0,
                          "Local Read Blocks": 0,
                          "Local Dirtied Blocks": 0,
                          "Local Written Blocks": 0,
                          "Temp Read Blocks": 0,
                          "Temp Written Blocks": 0,
                          "Plans": [
                            {
                              "Node Type": "Seq Scan",
                              "Parent Relationship": "Outer",
                              "Parallel Aware": false,
                              "Async Capable": false,
                              "Relation Name": "package_members",
                              "Alias": "pm",
                              "Startup Cost": 0.00,
                              "Total Cost": 183.38,
                              "Plan Rows": 1068,
                              "Plan Width": 101,
                              "Actual Startup Time": 0.003,
                              "Actual Total Time": 0.250,
                              "Actual Rows": 1068,
                              "Actual Loops": 1,
                              "Filter": "(kind = 'asset'::text)",
                              "Rows Removed by Filter": 5762,
                              "Shared Hit Blocks": 98,
                              "Shared Read Blocks": 0,
                              "Shared Dirtied Blocks": 0,
                              "Shared Written Blocks": 0,
                              "Local Hit Blocks": 0,
                              "Local Read Blocks": 0,
                              "Local Dirtied Blocks": 0,
                              "Local Written Blocks": 0,
                              "Temp Read Blocks": 0,
                              "Temp Written Blocks": 0
                            }
                          ]
                        }
                      ]
                    },
                    {
                      "Node Type": "Index Only Scan",
                      "Parent Relationship": "Inner",
                      "Parallel Aware": false,
                      "Async Capable": false,
                      "Scan Direction": "Forward",
                      "Index Name": "content_withdrawal_asset",
                      "Relation Name": "content_withdrawals",
                      "Alias": "w_2",
                      "Startup Cost": 0.12,
                      "Total Cost": 0.18,
                      "Plan Rows": 1,
                      "Plan Width": 32,
                      "Actual Startup Time": 0.000,
                      "Actual Total Time": 0.000,
                      "Actual Rows": 0,
                      "Actual Loops": 1000,
                      "Index Cond": "(sha256 = pm.asset_sha256)",
                      "Rows Removed by Index Recheck": 0,
                      "Heap Fetches": 0,
                      "Shared Hit Blocks": 2000,
                      "Shared Read Blocks": 0,
                      "Shared Dirtied Blocks": 0,
                      "Shared Written Blocks": 0,
                      "Local Hit Blocks": 0,
                      "Local Read Blocks": 0,
                      "Local Dirtied Blocks": 0,
                      "Local Written Blocks": 0,
                      "Temp Read Blocks": 0,
                      "Temp Written Blocks": 0
                    }
                  ]
                },
                {
                  "Node Type": "Nested Loop",
                  "Parent Relationship": "Outer",
                  "Parallel Aware": false,
                  "Async Capable": false,
                  "Join Type": "Anti",
                  "Startup Cost": 6.69,
                  "Total Cost": 142.75,
                  "Plan Rows": 1,
                  "Plan Width": 271,
                  "Actual Startup Time": 3.316,
                  "Actual Total Time": 51.379,
                  "Actual Rows": 999,
                  "Actual Loops": 1,
                  "Inner Unique": false,
                  "Shared Hit Blocks": 110659,
                  "Shared Read Blocks": 0,
                  "Shared Dirtied Blocks": 0,
                  "Shared Written Blocks": 0,
                  "Local Hit Blocks": 0,
                  "Local Read Blocks": 0,
                  "Local Dirtied Blocks": 0,
                  "Local Written Blocks": 0,
                  "Temp Read Blocks": 0,
                  "Temp Written Blocks": 0,
                  "Plans": [
                    {
                      "Node Type": "Nested Loop",
                      "Parent Relationship": "Outer",
                      "Parallel Aware": false,
                      "Async Capable": false,
                      "Join Type": "Left",
                      "Startup Cost": 6.11,
                      "Total Cost": 113.46,
                      "Plan Rows": 1,
                      "Plan Width": 238,
                      "Actual Startup Time": 3.297,
                      "Actual Total Time": 47.885,
                      "Actual Rows": 999,
                      "Actual Loops": 1,
                      "Inner Unique": false,
                      "Shared Hit Blocks": 105658,
                      "Shared Read Blocks": 0,
                      "Shared Dirtied Blocks": 0,
                      "Shared Written Blocks": 0,
                      "Local Hit Blocks": 0,
                      "Local Read Blocks": 0,
                      "Local Dirtied Blocks": 0,
                      "Local Written Blocks": 0,
                      "Temp Read Blocks": 0,
                      "Temp Written Blocks": 0,
                      "Plans": [
                        {
                          "Node Type": "Nested Loop",
                          "Parent Relationship": "Outer",
                          "Parallel Aware": false,
                          "Async Capable": false,
                          "Join Type": "Left",
                          "Startup Cost": 1.80,
                          "Total Cost": 109.13,
                          "Plan Rows": 1,
                          "Plan Width": 230,
                          "Actual Startup Time": 3.291,
                          "Actual Total Time": 46.223,
                          "Actual Rows": 999,
                          "Actual Loops": 1,
                          "Inner Unique": true,
                          "Shared Hit Blocks": 102660,
                          "Shared Read Blocks": 0,
                          "Shared Dirtied Blocks": 0,
                          "Shared Written Blocks": 0,
                          "Local Hit Blocks": 0,
                          "Local Read Blocks": 0,
                          "Local Dirtied Blocks": 0,
                          "Local Written Blocks": 0,
                          "Temp Read Blocks": 0,
                          "Temp Written Blocks": 0,
                          "Plans": [
                            {
                              "Node Type": "Nested Loop",
                              "Parent Relationship": "Outer",
                              "Parallel Aware": false,
                              "Async Capable": false,
                              "Join Type": "Inner",
                              "Startup Cost": 1.53,
                              "Total Cost": 107.20,
                              "Plan Rows": 1,
                              "Plan Width": 222,
                              "Actual Startup Time": 3.287,
                              "Actual Total Time": 45.548,
                              "Actual Rows": 999,
                              "Actual Loops": 1,
                              "Inner Unique": true,
                              "Join Filter": "((qs.id = m.submission_id) AND (qs.frozen_digest = rd.frozen_digest))",
                              "Rows Removed by Join Filter": 0,
                              "Shared Hit Blocks": 100653,
                              "Shared Read Blocks": 0,
                              "Shared Dirtied Blocks": 0,
                              "Shared Written Blocks": 0,
                              "Local Hit Blocks": 0,
                              "Local Read Blocks": 0,
                              "Local Dirtied Blocks": 0,
                              "Local Written Blocks": 0,
                              "Temp Read Blocks": 0,
                              "Temp Written Blocks": 0,
                              "Plans": [
                                {
                                  "Node Type": "Nested Loop",
                                  "Parent Relationship": "Outer",
                                  "Parallel Aware": false,
                                  "Async Capable": false,
                                  "Join Type": "Inner",
                                  "Startup Cost": 1.38,
                                  "Total Cost": 107.02,
                                  "Plan Rows": 1,
                                  "Plan Width": 302,
                                  "Actual Startup Time": 3.284,
                                  "Actual Total Time": 44.629,
                                  "Actual Rows": 999,
                                  "Actual Loops": 1,
                                  "Inner Unique": true,
                                  "Join Filter": "((m.review_id = rd.id) AND (rd.submission_id = m.submission_id))",
                                  "Rows Removed by Join Filter": 0,
                                  "Shared Hit Blocks": 98655,
                                  "Shared Read Blocks": 0,
                                  "Shared Dirtied Blocks": 0,
                                  "Shared Written Blocks": 0,
                                  "Local Hit Blocks": 0,
                                  "Local Read Blocks": 0,
                                  "Local Dirtied Blocks": 0,
                                  "Local Written Blocks": 0,
                                  "Temp Read Blocks": 0,
                                  "Temp Written Blocks": 0,
                                  "Plans": [
                                    {
                                      "Node Type": "Nested Loop",
                                      "Parent Relationship": "Outer",
                                      "Parallel Aware": false,
                                      "Async Capable": false,
                                      "Join Type": "Inner",
                                      "Startup Cost": 1.23,
                                      "Total Cost": 106.83,
                                      "Plan Rows": 1,
                                      "Plan Width": 270,
                                      "Actual Startup Time": 3.282,
                                      "Actual Total Time": 44.147,
                                      "Actual Rows": 999,
                                      "Actual Loops": 1,
                                      "Inner Unique": true,
                                      "Join Filter": "((i.id = m.id) AND (i.version = m.version) AND (i.sha256 = m.sha256))",
                                      "Rows Removed by Join Filter": 0,
                                      "Shared Hit Blocks": 96657,
                                      "Shared Read Blocks": 0,
                                      "Shared Dirtied Blocks": 0,
                                      "Shared Written Blocks": 0,
                                      "Local Hit Blocks": 0,
                                      "Local Read Blocks": 0,
                                      "Local Dirtied Blocks": 0,
                                      "Local Written Blocks": 0,
                                      "Temp Read Blocks": 0,
                                      "Temp Written Blocks": 0,
                                      "Plans": [
                                        {
                                          "Node Type": "Nested Loop",
                                          "Parent Relationship": "Outer",
                                          "Parallel Aware": false,
                                          "Async Capable": false,
                                          "Join Type": "Inner",
                                          "Startup Cost": 0.83,
                                          "Total Cost": 26.83,
                                          "Plan Rows": 1,
                                          "Plan Width": 249,
                                          "Actual Startup Time": 0.011,
                                          "Actual Total Time": 15.766,
                                          "Actual Rows": 9999,
                                          "Actual Loops": 1,
                                          "Inner Unique": true,
                                          "Shared Hit Blocks": 41252,
                                          "Shared Read Blocks": 0,
                                          "Shared Dirtied Blocks": 0,
                                          "Shared Written Blocks": 0,
                                          "Local Hit Blocks": 0,
                                          "Local Read Blocks": 0,
                                          "Local Dirtied Blocks": 0,
                                          "Local Written Blocks": 0,
                                          "Temp Read Blocks": 0,
                                          "Temp Written Blocks": 0,
                                          "Plans": [
                                            {
                                              "Node Type": "Index Scan",
                                              "Parent Relationship": "Outer",
                                              "Parallel Aware": false,
                                              "Async Capable": false,
                                              "Scan Direction": "Forward",
                                              "Index Name": "question_member_history",
                                              "Relation Name": "question_publication_members",
                                              "Alias": "m",
                                              "Startup Cost": 0.41,
                                              "Total Cost": 18.38,
                                              "Plan Rows": 1,
                                              "Plan Width": 100,
                                              "Actual Startup Time": 0.006,
                                              "Actual Total Time": 1.489,
                                              "Actual Rows": 9999,
                                              "Actual Loops": 1,
                                              "Index Cond": "((kind = 'instance'::text) AND (publication_id = '8d8d7977-5a02-4c0b-abc9-0783e4150ce0'::uuid))",
                                              "Rows Removed by Index Recheck": 0,
                                              "Shared Hit Blocks": 1256,
                                              "Shared Read Blocks": 0,
                                              "Shared Dirtied Blocks": 0,
                                              "Shared Written Blocks": 0,
                                              "Local Hit Blocks": 0,
                                              "Local Read Blocks": 0,
                                              "Local Dirtied Blocks": 0,
                                              "Local Written Blocks": 0,
                                              "Temp Read Blocks": 0,
                                              "Temp Written Blocks": 0
                                            },
                                            {
                                              "Node Type": "Index Scan",
                                              "Parent Relationship": "Inner",
                                              "Parallel Aware": false,
                                              "Async Capable": false,
                                              "Scan Direction": "Forward",
                                              "Index Name": "question_submission_members_pkey",
                                              "Relation Name": "question_submission_members",
                                              "Alias": "sm",
                                              "Startup Cost": 0.41,
                                              "Total Cost": 8.44,
                                              "Plan Rows": 1,
                                              "Plan Width": 149,
                                              "Actual Startup Time": 0.001,
                                              "Actual Total Time": 0.001,
                                              "Actual Rows": 1,
                                              "Actual Loops": 9999,
                                              "Index Cond": "((submission_id = m.submission_id) AND (kind = 'instance'::text) AND (id = m.id))",
                                              "Rows Removed by Index Recheck": 0,
                                              "Filter": "((m.version = version) AND (sha256 = m.sha256))",
                                              "Rows Removed by Filter": 0,
                                              "Shared Hit Blocks": 39996,
                                              "Shared Read Blocks": 0,
                                              "Shared Dirtied Blocks": 0,
                                              "Shared Written Blocks": 0,
                                              "Local Hit Blocks": 0,
                                              "Local Read Blocks": 0,
                                              "Local Dirtied Blocks": 0,
                                              "Local Written Blocks": 0,
                                              "Temp Read Blocks": 0,
                                              "Temp Written Blocks": 0
                                            }
                                          ]
                                        },
                                        {
                                          "Node Type": "Index Scan",
                                          "Parent Relationship": "Inner",
                                          "Parallel Aware": false,
                                          "Async Capable": false,
                                          "Scan Direction": "Forward",
                                          "Index Name": "question_instances_pkey",
                                          "Relation Name": "question_instances",
                                          "Alias": "i",
                                          "Startup Cost": 0.41,
                                          "Total Cost": 79.99,
                                          "Plan Rows": 1,
                                          "Plan Width": 222,
                                          "Actual Startup Time": 0.003,
                                          "Actual Total Time": 0.003,
                                          "Actual Rows": 0,
                                          "Actual Loops": 9999,
                                          "Index Cond": "((id = sm.id) AND (version = sm.version))",
                                          "Rows Removed by Index Recheck": 0,
                                          "Filter": "(sealed AND (knowledge_id = 'capacity-k-0000'::text) AND (knowledge_version = 1) AND (sha256 = sm.sha256) AND (NOT EXISTS(SubPlan 13)) AND ((template_id IS NULL) OR (ANY ((template_id = (hashed SubPlan 9).col1) AND (template_version = (hashed SubPlan 9).col2) AND (template_sha256 = (hashed SubPlan 9).col3)))) AND EXISTS(SubPlan 7) AND (NOT EXISTS(SubPlan 11)))",
                                          "Rows Removed by Filter": 1,
                                          "Shared Hit Blocks": 55405,
                                          "Shared Read Blocks": 0,
                                          "Shared Dirtied Blocks": 0,
                                          "Shared Written Blocks": 0,
                                          "Local Hit Blocks": 0,
                                          "Local Read Blocks": 0,
                                          "Local Dirtied Blocks": 0,
                                          "Local Written Blocks": 0,
                                          "Temp Read Blocks": 0,
                                          "Temp Written Blocks": 0,
                                          "Plans": [
                                            {
                                              "Node Type": "Function Scan",
                                              "Parent Relationship": "SubPlan",
                                              "Subplan Name": "SubPlan 13",
                                              "Parallel Aware": false,
                                              "Async Capable": false,
                                              "Function Name": "jsonb_array_elements",
                                              "Alias": "a",
                                              "Startup Cost": 0.12,
                                              "Total Cost": 2.12,
                                              "Plan Rows": 50,
                                              "Plan Width": 0,
                                              "Actual Startup Time": 0.003,
                                              "Actual Total Time": 0.003,
                                              "Actual Rows": 0,
                                              "Actual Loops": 999,
                                              "Filter": "((ANY (((value ->> 'id'::text) = (hashed SubPlan 12).col1) AND ((value ->> 'sha256'::text) = (hashed SubPlan 12).col2))) IS NOT TRUE)",
                                              "Rows Removed by Filter": 1,
                                              "Shared Hit Blocks": 5136,
                                              "Shared Read Blocks": 0,
                                              "Shared Dirtied Blocks": 0,
                                              "Shared Written Blocks": 0,
                                              "Local Hit Blocks": 0,
                                              "Local Read Blocks": 0,
                                              "Local Dirtied Blocks": 0,
                                              "Local Written Blocks": 0,
                                              "Temp Read Blocks": 0,
                                              "Temp Written Blocks": 0,
                                              "Plans": [
                                                {
                                                  "Node Type": "CTE Scan",
                                                  "Parent Relationship": "SubPlan",
                                                  "Subplan Name": "SubPlan 12",
                                                  "Parallel Aware": false,
                                                  "Async Capable": false,
                                                  "CTE Name": "available_assets",
                                                  "Alias": "available_assets",
                                                  "Startup Cost": 0.00,
                                                  "Total Cost": 0.10,
                                                  "Plan Rows": 5,
                                                  "Plan Width": 64,
                                                  "Actual Startup Time": 0.377,
                                                  "Actual Total Time": 0.888,
                                                  "Actual Rows": 1000,
                                                  "Actual Loops": 1,
                                                  "Shared Hit Blocks": 2139,
                                                  "Shared Read Blocks": 0,
                                                  "Shared Dirtied Blocks": 0,
                                                  "Shared Written Blocks": 0,
                                                  "Local Hit Blocks": 0,
                                                  "Local Read Blocks": 0,
                                                  "Local Dirtied Blocks": 0,
                                                  "Local Written Blocks": 0,
                                                  "Temp Read Blocks": 0,
                                                  "Temp Written Blocks": 0
                                                }
                                              ]
                                            },
                                            {
                                              "Node Type": "Index Scan",
                                              "Parent Relationship": "SubPlan",
                                              "Subplan Name": "SubPlan 9",
                                              "Parallel Aware": false,
                                              "Async Capable": false,
                                              "Scan Direction": "Forward",
                                              "Index Name": "question_publication_members_pkey",
                                              "Relation Name": "question_publication_members",
                                              "Alias": "tm",
                                              "Startup Cost": 0.41,
                                              "Total Cost": 8.43,
                                              "Plan Rows": 1,
                                              "Plan Width": 68,
                                              "Actual Startup Time": 0.007,
                                              "Actual Total Time": 0.029,
                                              "Actual Rows": 200,
                                              "Actual Loops": 1,
                                              "Index Cond": "((publication_id = '8d8d7977-5a02-4c0b-abc9-0783e4150ce0'::uuid) AND (kind = 'template'::text))",
                                              "Rows Removed by Index Recheck": 0,
                                              "Shared Hit Blocks": 18,
                                              "Shared Read Blocks": 0,
                                              "Shared Dirtied Blocks": 0,
                                              "Shared Written Blocks": 0,
                                              "Local Hit Blocks": 0,
                                              "Local Read Blocks": 0,
                                              "Local Dirtied Blocks": 0,
                                              "Local Written Blocks": 0,
                                              "Temp Read Blocks": 0,
                                              "Temp Written Blocks": 0
                                            },
                                            {
                                              "Node Type": "Bitmap Heap Scan",
                                              "Parent Relationship": "SubPlan",
                                              "Subplan Name": "SubPlan 7",
                                              "Parallel Aware": false,
                                              "Async Capable": false,
                                              "Relation Name": "question_blueprint_sources",
                                              "Alias": "bs",
                                              "Startup Cost": 8.86,
                                              "Total Cost": 12.89,
                                              "Plan Rows": 1,
                                              "Plan Width": 0,
                                              "Actual Startup Time": 0.004,
                                              "Actual Total Time": 0.004,
                                              "Actual Rows": 1,
                                              "Actual Loops": 999,
                                              "Recheck Cond": "(((blueprint_id = 'lc-blueprint-0-0'::text) AND (blueprint_version = 1) AND (kind = 'instance'::text) AND (id = i.id)) OR ((blueprint_id = 'lc-blueprint-0-0'::text) AND (blueprint_version = 1) AND (kind = 'template'::text) AND (id = i.template_id)))",
                                              "Rows Removed by Index Recheck": 0,
                                              "Filter": "(((kind = 'instance'::text) AND (id = i.id) AND (version = i.version)) OR ((kind = 'template'::text) AND (id = i.template_id) AND (version = i.template_version)))",
                                              "Rows Removed by Filter": 0,
                                              "Exact Heap Blocks": 999,
                                              "Lossy Heap Blocks": 0,
                                              "Shared Hit Blocks": 6993,
                                              "Shared Read Blocks": 0,
                                              "Shared Dirtied Blocks": 0,
                                              "Shared Written Blocks": 0,
                                              "Local Hit Blocks": 0,
                                              "Local Read Blocks": 0,
                                              "Local Dirtied Blocks": 0,
                                              "Local Written Blocks": 0,
                                              "Temp Read Blocks": 0,
                                              "Temp Written Blocks": 0,
                                              "Plans": [
                                                {
                                                  "Node Type": "BitmapOr",
                                                  "Parent Relationship": "Outer",
                                                  "Parallel Aware": false,
                                                  "Async Capable": false,
                                                  "Startup Cost": 8.86,
                                                  "Total Cost": 8.86,
                                                  "Plan Rows": 1,
                                                  "Plan Width": 0,
                                                  "Actual Startup Time": 0.004,
                                                  "Actual Total Time": 0.004,
                                                  "Actual Rows": 0,
                                                  "Actual Loops": 999,
                                                  "Shared Hit Blocks": 5994,
                                                  "Shared Read Blocks": 0,
                                                  "Shared Dirtied Blocks": 0,
                                                  "Shared Written Blocks": 0,
                                                  "Local Hit Blocks": 0,
                                                  "Local Read Blocks": 0,
                                                  "Local Dirtied Blocks": 0,
                                                  "Local Written Blocks": 0,
                                                  "Temp Read Blocks": 0,
                                                  "Temp Written Blocks": 0,
                                                  "Plans": [
                                                    {
                                                      "Node Type": "Bitmap Index Scan",
                                                      "Parent Relationship": "Member",
                                                      "Parallel Aware": false,
                                                      "Async Capable": false,
                                                      "Index Name": "question_blueprint_sources_pkey",
                                                      "Startup Cost": 0.00,
                                                      "Total Cost": 4.43,
                                                      "Plan Rows": 1,
                                                      "Plan Width": 0,
                                                      "Actual Startup Time": 0.002,
                                                      "Actual Total Time": 0.002,
                                                      "Actual Rows": 0,
                                                      "Actual Loops": 999,
                                                      "Index Cond": "((blueprint_id = 'lc-blueprint-0-0'::text) AND (blueprint_version = 1) AND (kind = 'instance'::text) AND (id = i.id))",
                                                      "Shared Hit Blocks": 2997,
                                                      "Shared Read Blocks": 0,
                                                      "Shared Dirtied Blocks": 0,
                                                      "Shared Written Blocks": 0,
                                                      "Local Hit Blocks": 0,
                                                      "Local Read Blocks": 0,
                                                      "Local Dirtied Blocks": 0,
                                                      "Local Written Blocks": 0,
                                                      "Temp Read Blocks": 0,
                                                      "Temp Written Blocks": 0
                                                    },
                                                    {
                                                      "Node Type": "Bitmap Index Scan",
                                                      "Parent Relationship": "Member",
                                                      "Parallel Aware": false,
                                                      "Async Capable": false,
                                                      "Index Name": "question_blueprint_sources_pkey",
                                                      "Startup Cost": 0.00,
                                                      "Total Cost": 4.43,
                                                      "Plan Rows": 1,
                                                      "Plan Width": 0,
                                                      "Actual Startup Time": 0.002,
                                                      "Actual Total Time": 0.002,
                                                      "Actual Rows": 1,
                                                      "Actual Loops": 999,
                                                      "Index Cond": "((blueprint_id = 'lc-blueprint-0-0'::text) AND (blueprint_version = 1) AND (kind = 'template'::text) AND (id = i.template_id))",
                                                      "Shared Hit Blocks": 2997,
                                                      "Shared Read Blocks": 0,
                                                      "Shared Dirtied Blocks": 0,
                                                      "Shared Written Blocks": 0,
                                                      "Local Hit Blocks": 0,
                                                      "Local Read Blocks": 0,
                                                      "Local Dirtied Blocks": 0,
                                                      "Local Written Blocks": 0,
                                                      "Temp Read Blocks": 0,
                                                      "Temp Written Blocks": 0
                                                    }
                                                  ]
                                                }
                                              ]
                                            },
                                            {
                                              "Node Type": "Function Scan",
                                              "Parent Relationship": "SubPlan",
                                              "Subplan Name": "SubPlan 11",
                                              "Parallel Aware": false,
                                              "Async Capable": false,
                                              "Function Name": "jsonb_array_elements",
                                              "Alias": "u",
                                              "Startup Cost": 57.34,
                                              "Total Cost": 59.84,
                                              "Plan Rows": 50,
                                              "Plan Width": 0,
                                              "Actual Startup Time": 0.004,
                                              "Actual Total Time": 0.004,
                                              "Actual Rows": 0,
                                              "Actual Loops": 999,
                                              "Filter": "((ANY (((value ->> 'id'::text) = (hashed SubPlan 10).col1) AND (((value ->> 'version'::text))::integer = (hashed SubPlan 10).col2))) IS NOT TRUE)",
                                              "Rows Removed by Filter": 1,
                                              "Shared Hit Blocks": 3206,
                                              "Shared Read Blocks": 0,
                                              "Shared Dirtied Blocks": 0,
                                              "Shared Written Blocks": 0,
                                              "Local Hit Blocks": 0,
                                              "Local Read Blocks": 0,
                                              "Local Dirtied Blocks": 0,
                                              "Local Written Blocks": 0,
                                              "Temp Read Blocks": 0,
                                              "Temp Written Blocks": 0,
                                              "Plans": [
                                                {
                                                  "Node Type": "CTE Scan",
                                                  "Parent Relationship": "SubPlan",
                                                  "Subplan Name": "SubPlan 10",
                                                  "Parallel Aware": false,
                                                  "Async Capable": false,
                                                  "CTE Name": "available_units",
                                                  "Alias": "available_units",
                                                  "Startup Cost": 0.00,
                                                  "Total Cost": 50.96,
                                                  "Plan Rows": 2548,
                                                  "Plan Width": 36,
                                                  "Actual Startup Time": 0.627,
                                                  "Actual Total Time": 1.750,
                                                  "Actual Rows": 4000,
                                                  "Actual Loops": 1,
                                                  "Shared Hit Blocks": 209,
                                                  "Shared Read Blocks": 0,
                                                  "Shared Dirtied Blocks": 0,
                                                  "Shared Written Blocks": 0,
                                                  "Local Hit Blocks": 0,
                                                  "Local Read Blocks": 0,
                                                  "Local Dirtied Blocks": 0,
                                                  "Local Written Blocks": 0,
                                                  "Temp Read Blocks": 0,
                                                  "Temp Written Blocks": 0
                                                }
                                              ]
                                            }
                                          ]
                                        }
                                      ]
                                    },
                                    {
                                      "Node Type": "Index Scan",
                                      "Parent Relationship": "Inner",
                                      "Parallel Aware": false,
                                      "Async Capable": false,
                                      "Scan Direction": "Forward",
                                      "Index Name": "question_review_decisions_submission_id_key",
                                      "Relation Name": "question_review_decisions",
                                      "Alias": "rd",
                                      "Startup Cost": 0.15,
                                      "Total Cost": 0.17,
                                      "Plan Rows": 1,
                                      "Plan Width": 64,
                                      "Actual Startup Time": 0.000,
                                      "Actual Total Time": 0.000,
                                      "Actual Rows": 1,
                                      "Actual Loops": 999,
                                      "Index Cond": "(submission_id = sm.submission_id)",
                                      "Rows Removed by Index Recheck": 0,
                                      "Filter": "(decision = 'approve'::text)",
                                      "Rows Removed by Filter": 0,
                                      "Shared Hit Blocks": 1998,
                                      "Shared Read Blocks": 0,
                                      "Shared Dirtied Blocks": 0,
                                      "Shared Written Blocks": 0,
                                      "Local Hit Blocks": 0,
                                      "Local Read Blocks": 0,
                                      "Local Dirtied Blocks": 0,
                                      "Local Written Blocks": 0,
                                      "Temp Read Blocks": 0,
                                      "Temp Written Blocks": 0
                                    }
                                  ]
                                },
                                {
                                  "Node Type": "Index Scan",
                                  "Parent Relationship": "Inner",
                                  "Parallel Aware": false,
                                  "Async Capable": false,
                                  "Scan Direction": "Forward",
                                  "Index Name": "question_submissions_status",
                                  "Relation Name": "question_submissions",
                                  "Alias": "qs",
                                  "Startup Cost": 0.14,
                                  "Total Cost": 0.17,
                                  "Plan Rows": 1,
                                  "Plan Width": 48,
                                  "Actual Startup Time": 0.001,
                                  "Actual Total Time": 0.001,
                                  "Actual Rows": 1,
                                  "Actual Loops": 999,
                                  "Index Cond": "((status = 'approved'::text) AND (id = sm.submission_id))",
                                  "Rows Removed by Index Recheck": 0,
                                  "Filter": "sealed",
                                  "Rows Removed by Filter": 0,
                                  "Shared Hit Blocks": 1998,
                                  "Shared Read Blocks": 0,
                                  "Shared Dirtied Blocks": 0,
                                  "Shared Written Blocks": 0,
                                  "Local Hit Blocks": 0,
                                  "Local Read Blocks": 0,
                                  "Local Dirtied Blocks": 0,
                                  "Local Written Blocks": 0,
                                  "Temp Read Blocks": 0,
                                  "Temp Written Blocks": 0
                                }
                              ]
                            },
                            {
                              "Node Type": "Index Scan",
                              "Parent Relationship": "Inner",
                              "Parallel Aware": false,
                              "Async Capable": false,
                              "Scan Direction": "Forward",
                              "Index Name": "learner_question_views_pkey",
                              "Relation Name": "learner_question_views",
                              "Alias": "v",
                              "Startup Cost": 0.28,
                              "Total Cost": 1.38,
                              "Plan Rows": 1,
                              "Plan Width": 76,
                              "Actual Startup Time": 0.001,
                              "Actual Total Time": 0.001,
                              "Actual Rows": 0,
                              "Actual Loops": 999,
                              "Index Cond": "((owner_user_id = '5b0be77f-4f0e-4140-a2fc-a711c068517a'::uuid) AND (instance_id = i.id) AND (instance_version = i.version) AND (instance_sha256 = i.sha256))",
                              "Rows Removed by Index Recheck": 0,
                              "Shared Hit Blocks": 2007,
                              "Shared Read Blocks": 0,
                              "Shared Dirtied Blocks": 0,
                              "Shared Written Blocks": 0,
                              "Local Hit Blocks": 0,
                              "Local Read Blocks": 0,
                              "Local Dirtied Blocks": 0,
                              "Local Written Blocks": 0,
                              "Temp Read Blocks": 0,
                              "Temp Written Blocks": 0
                            }
                          ]
                        },
                        {
                          "Node Type": "Result",
                          "Parent Relationship": "Inner",
                          "Parallel Aware": false,
                          "Async Capable": false,
                          "Startup Cost": 4.31,
                          "Total Cost": 4.32,
                          "Plan Rows": 1,
                          "Plan Width": 8,
                          "Actual Startup Time": 0.001,
                          "Actual Total Time": 0.002,
                          "Actual Rows": 1,
                          "Actual Loops": 999,
                          "Shared Hit Blocks": 2998,
                          "Shared Read Blocks": 0,
                          "Shared Dirtied Blocks": 0,
                          "Shared Written Blocks": 0,
                          "Local Hit Blocks": 0,
                          "Local Read Blocks": 0,
                          "Local Dirtied Blocks": 0,
                          "Local Written Blocks": 0,
                          "Temp Read Blocks": 0,
                          "Temp Written Blocks": 0,
                          "Plans": [
                            {
                              "Node Type": "Limit",
                              "Parent Relationship": "InitPlan",
                              "Subplan Name": "InitPlan 14",
                              "Parallel Aware": false,
                              "Async Capable": false,
                              "Startup Cost": 0.27,
                              "Total Cost": 4.31,
                              "Plan Rows": 1,
                              "Plan Width": 8,
                              "Actual Startup Time": 0.001,
                              "Actual Total Time": 0.001,
                              "Actual Rows": 0,
                              "Actual Loops": 999,
                              "Shared Hit Blocks": 2998,
                              "Shared Read Blocks": 0,
                              "Shared Dirtied Blocks": 0,
                              "Shared Written Blocks": 0,
                              "Local Hit Blocks": 0,
                              "Local Read Blocks": 0,
                              "Local Dirtied Blocks": 0,
                              "Local Written Blocks": 0,
                              "Temp Read Blocks": 0,
                              "Temp Written Blocks": 0,
                              "Plans": [
                                {
                                  "Node Type": "Index Only Scan",
                                  "Parent Relationship": "Outer",
                                  "Parallel Aware": false,
                                  "Async Capable": false,
                                  "Scan Direction": "Backward",
                                  "Index Name": "learning_exposure_reverse",
                                  "Relation Name": "learner_answer_exposures",
                                  "Alias": "e",
                                  "Startup Cost": 0.27,
                                  "Total Cost": 4.31,
                                  "Plan Rows": 1,
                                  "Plan Width": 8,
                                  "Actual Startup Time": 0.001,
                                  "Actual Total Time": 0.001,
                                  "Actual Rows": 0,
                                  "Actual Loops": 999,
                                  "Index Cond": "(owner_user_id = '5b0be77f-4f0e-4140-a2fc-a711c068517a'::uuid)",
                                  "Rows Removed by Index Recheck": 0,
                                  "Filter": "(((kind = 'instance'::text) AND (id = i.id) AND (version = i.version) AND (sha256 = i.sha256)) OR ((kind = 'template'::text) AND (id = i.template_id) AND (version = i.template_version) AND (sha256 = i.template_sha256)))",
                                  "Rows Removed by Filter": 10,
                                  "Heap Fetches": 9948,
                                  "Shared Hit Blocks": 2998,
                                  "Shared Read Blocks": 0,
                                  "Shared Dirtied Blocks": 0,
                                  "Shared Written Blocks": 0,
                                  "Local Hit Blocks": 0,
                                  "Local Read Blocks": 0,
                                  "Local Dirtied Blocks": 0,
                                  "Local Written Blocks": 0,
                                  "Temp Read Blocks": 0,
                                  "Temp Written Blocks": 0
                                }
                              ]
                            }
                          ]
                        }
                      ]
                    },
                    {
                      "Node Type": "Bitmap Heap Scan",
                      "Parent Relationship": "Inner",
                      "Parallel Aware": false,
                      "Async Capable": false,
                      "Relation Name": "question_withdrawals",
                      "Alias": "w",
                      "Startup Cost": 0.57,
                      "Total Cost": 4.61,
                      "Plan Rows": 1,
                      "Plan Width": 100,
                      "Actual Startup Time": 0.001,
                      "Actual Total Time": 0.001,
                      "Actual Rows": 0,
                      "Actual Loops": 999,
                      "Recheck Cond": "(((kind = 'instance'::text) AND (target_id = i.id) AND (target_version = i.version)) OR ((kind = 'template'::text) AND (target_id = i.template_id) AND (target_version = i.template_version)))",
                      "Rows Removed by Index Recheck": 0,
                      "Filter": "(((kind = 'instance'::text) AND (target_id = i.id) AND (target_version = i.version) AND (sha256 = i.sha256)) OR ((kind = 'template'::text) AND (target_id = i.template_id) AND (target_version = i.template_version) AND (sha256 = i.template_sha256)))",
                      "Rows Removed by Filter": 0,
                      "Exact Heap Blocks": 0,
                      "Lossy Heap Blocks": 0,
                      "Shared Hit Blocks": 1998,
                      "Shared Read Blocks": 0,
                      "Shared Dirtied Blocks": 0,
                      "Shared Written Blocks": 0,
                      "Local Hit Blocks": 0,
                      "Local Read Blocks": 0,
                      "Local Dirtied Blocks": 0,
                      "Local Written Blocks": 0,
                      "Temp Read Blocks": 0,
                      "Temp Written Blocks": 0,
                      "Plans": [
                        {
                          "Node Type": "BitmapOr",
                          "Parent Relationship": "Outer",
                          "Parallel Aware": false,
                          "Async Capable": false,
                          "Startup Cost": 0.57,
                          "Total Cost": 0.57,
                          "Plan Rows": 1,
                          "Plan Width": 0,
                          "Actual Startup Time": 0.001,
                          "Actual Total Time": 0.001,
                          "Actual Rows": 0,
                          "Actual Loops": 999,
                          "Shared Hit Blocks": 1998,
                          "Shared Read Blocks": 0,
                          "Shared Dirtied Blocks": 0,
                          "Shared Written Blocks": 0,
                          "Local Hit Blocks": 0,
                          "Local Read Blocks": 0,
                          "Local Dirtied Blocks": 0,
                          "Local Written Blocks": 0,
                          "Temp Read Blocks": 0,
                          "Temp Written Blocks": 0,
                          "Plans": [
                            {
                              "Node Type": "Bitmap Index Scan",
                              "Parent Relationship": "Member",
                              "Parallel Aware": false,
                              "Async Capable": false,
                              "Index Name": "question_withdrawals_kind_target_id_target_version_key",
                              "Startup Cost": 0.00,
                              "Total Cost": 0.29,
                              "Plan Rows": 1,
                              "Plan Width": 0,
                              "Actual Startup Time": 0.000,
                              "Actual Total Time": 0.000,
                              "Actual Rows": 0,
                              "Actual Loops": 999,
                              "Index Cond": "((kind = 'instance'::text) AND (target_id = i.id) AND (target_version = i.version))",
                              "Shared Hit Blocks": 999,
                              "Shared Read Blocks": 0,
                              "Shared Dirtied Blocks": 0,
                              "Shared Written Blocks": 0,
                              "Local Hit Blocks": 0,
                              "Local Read Blocks": 0,
                              "Local Dirtied Blocks": 0,
                              "Local Written Blocks": 0,
                              "Temp Read Blocks": 0,
                              "Temp Written Blocks": 0
                            },
                            {
                              "Node Type": "Bitmap Index Scan",
                              "Parent Relationship": "Member",
                              "Parallel Aware": false,
                              "Async Capable": false,
                              "Index Name": "question_withdrawals_kind_target_id_target_version_key",
                              "Startup Cost": 0.00,
                              "Total Cost": 0.29,
                              "Plan Rows": 1,
                              "Plan Width": 0,
                              "Actual Startup Time": 0.000,
                              "Actual Total Time": 0.000,
                              "Actual Rows": 0,
                              "Actual Loops": 999,
                              "Index Cond": "((kind = 'template'::text) AND (target_id = i.template_id) AND (target_version = i.template_version))",
                              "Shared Hit Blocks": 999,
                              "Shared Read Blocks": 0,
                              "Shared Dirtied Blocks": 0,
                              "Shared Written Blocks": 0,
                              "Local Hit Blocks": 0,
                              "Local Read Blocks": 0,
                              "Local Dirtied Blocks": 0,
                              "Local Written Blocks": 0,
                              "Temp Read Blocks": 0,
                              "Temp Written Blocks": 0
                            }
                          ]
                        }
                      ]
                    },
                    {
                      "Node Type": "Aggregate",
                      "Strategy": "Plain",
                      "Partial Mode": "Simple",
                      "Parent Relationship": "SubPlan",
                      "Subplan Name": "SubPlan 4",
                      "Parallel Aware": false,
                      "Async Capable": false,
                      "Startup Cost": 8.44,
                      "Total Cost": 8.45,
                      "Plan Rows": 1,
                      "Plan Width": 32,
                      "Actual Startup Time": 0.002,
                      "Actual Total Time": 0.002,
                      "Actual Rows": 1,
                      "Actual Loops": 999,
                      "Shared Hit Blocks": 2998,
                      "Shared Read Blocks": 0,
                      "Shared Dirtied Blocks": 0,
                      "Shared Written Blocks": 0,
                      "Local Hit Blocks": 0,
                      "Local Read Blocks": 0,
                      "Local Dirtied Blocks": 0,
                      "Local Written Blocks": 0,
                      "Temp Read Blocks": 0,
                      "Temp Written Blocks": 0,
                      "Plans": [
                        {
                          "Node Type": "Index Only Scan",
                          "Parent Relationship": "Outer",
                          "Parallel Aware": false,
                          "Async Capable": false,
                          "Scan Direction": "Forward",
                          "Index Name": "learning_coverage_knowledge",
                          "Relation Name": "question_instance_coverage",
                          "Alias": "c",
                          "Startup Cost": 0.41,
                          "Total Cost": 8.44,
                          "Plan Rows": 1,
                          "Plan Width": 4,
                          "Actual Startup Time": 0.002,
                          "Actual Total Time": 0.002,
                          "Actual Rows": 1,
                          "Actual Loops": 999,
                          "Index Cond": "((knowledge_id = 'capacity-k-0000'::text) AND (knowledge_version = 1) AND (instance_id = i.id) AND (instance_version = i.version))",
                          "Rows Removed by Index Recheck": 0,
                          "Heap Fetches": 0,
                          "Shared Hit Blocks": 2998,
                          "Shared Read Blocks": 0,
                          "Shared Dirtied Blocks": 0,
                          "Shared Written Blocks": 0,
                          "Local Hit Blocks": 0,
                          "Local Read Blocks": 0,
                          "Local Dirtied Blocks": 0,
                          "Local Written Blocks": 0,
                          "Temp Read Blocks": 0,
                          "Temp Written Blocks": 0
                        }
                      ]
                    },
                    {
                      "Node Type": "Nested Loop",
                      "Parent Relationship": "SubPlan",
                      "Subplan Name": "SubPlan 6",
                      "Parallel Aware": false,
                      "Async Capable": false,
                      "Join Type": "Inner",
                      "Startup Cost": 4.17,
                      "Total Cost": 11.33,
                      "Plan Rows": 3,
                      "Plan Width": 68,
                      "Actual Startup Time": 0.006,
                      "Actual Total Time": 0.008,
                      "Actual Rows": 5,
                      "Actual Loops": 1,
                      "Inner Unique": false,
                      "Shared Hit Blocks": 5,
                      "Shared Read Blocks": 0,
                      "Shared Dirtied Blocks": 0,
                      "Shared Written Blocks": 0,
                      "Local Hit Blocks": 0,
                      "Local Read Blocks": 0,
                      "Local Dirtied Blocks": 0,
                      "Local Written Blocks": 0,
                      "Temp Read Blocks": 0,
                      "Temp Written Blocks": 0,
                      "Plans": [
                        {
                          "Node Type": "CTE Scan",
                          "Parent Relationship": "Outer",
                          "Parallel Aware": false,
                          "Async Capable": false,
                          "CTE Name": "recent",
                          "Alias": "r",
                          "Startup Cost": 0.00,
                          "Total Cost": 0.02,
                          "Plan Rows": 1,
                          "Plan Width": 16,
                          "Actual Startup Time": 0.002,
                          "Actual Total Time": 0.003,
                          "Actual Rows": 1,
                          "Actual Loops": 1,
                          "Shared Hit Blocks": 2,
                          "Shared Read Blocks": 0,
                          "Shared Dirtied Blocks": 0,
                          "Shared Written Blocks": 0,
                          "Local Hit Blocks": 0,
                          "Local Read Blocks": 0,
                          "Local Dirtied Blocks": 0,
                          "Local Written Blocks": 0,
                          "Temp Read Blocks": 0,
                          "Temp Written Blocks": 0
                        },
                        {
                          "Node Type": "Bitmap Heap Scan",
                          "Parent Relationship": "Inner",
                          "Parallel Aware": false,
                          "Async Capable": false,
                          "Relation Name": "assessment_items",
                          "Alias": "ai",
                          "Startup Cost": 4.17,
                          "Total Cost": 11.28,
                          "Plan Rows": 3,
                          "Plan Width": 84,
                          "Actual Startup Time": 0.003,
                          "Actual Total Time": 0.004,
                          "Actual Rows": 5,
                          "Actual Loops": 1,
                          "Recheck Cond": "(attempt_id = r.id)",
                          "Rows Removed by Index Recheck": 0,
                          "Exact Heap Blocks": 2,
                          "Lossy Heap Blocks": 0,
                          "Shared Hit Blocks": 3,
                          "Shared Read Blocks": 0,
                          "Shared Dirtied Blocks": 0,
                          "Shared Written Blocks": 0,
                          "Local Hit Blocks": 0,
                          "Local Read Blocks": 0,
                          "Local Dirtied Blocks": 0,
                          "Local Written Blocks": 0,
                          "Temp Read Blocks": 0,
                          "Temp Written Blocks": 0,
                          "Plans": [
                            {
                              "Node Type": "Bitmap Index Scan",
                              "Parent Relationship": "Outer",
                              "Parallel Aware": false,
                              "Async Capable": false,
                              "Index Name": "assessment_items_attempt_id_position_instance_id_instance_v_key",
                              "Startup Cost": 0.00,
                              "Total Cost": 4.17,
                              "Plan Rows": 3,
                              "Plan Width": 0,
                              "Actual Startup Time": 0.001,
                              "Actual Total Time": 0.001,
                              "Actual Rows": 5,
                              "Actual Loops": 1,
                              "Index Cond": "(attempt_id = r.id)",
                              "Shared Hit Blocks": 1,
                              "Shared Read Blocks": 0,
                              "Shared Dirtied Blocks": 0,
                              "Shared Written Blocks": 0,
                              "Local Hit Blocks": 0,
                              "Local Read Blocks": 0,
                              "Local Dirtied Blocks": 0,
                              "Local Written Blocks": 0,
                              "Temp Read Blocks": 0,
                              "Temp Written Blocks": 0
                            }
                          ]
                        }
                      ]
                    }
                  ]
                }
              ]
            },
            "Planning": {
              "Shared Hit Blocks": 20,
              "Shared Read Blocks": 0,
              "Shared Dirtied Blocks": 0,
              "Shared Written Blocks": 0,
              "Local Hit Blocks": 0,
              "Local Read Blocks": 0,
              "Local Dirtied Blocks": 0,
              "Local Written Blocks": 0,
              "Temp Read Blocks": 0,
              "Temp Written Blocks": 0
            },
            "Planning Time": 3.165,
            "Triggers": [
            ],
            "Execution Time": 51.545
          }
        ]
    learning_capacity_test.go:387: LEARNING_CAPACITY SQLSUMMARY private-five-bodies actualRows=5 executionMs=2.878000 sharedHits=938 sharedReads=0
    learning_capacity_test.go:387: LEARNING_CAPACITY SQLPLAN private-five-bodies [
          {
            "Plan": {
              "Node Type": "Sort",
              "Parallel Aware": false,
              "Async Capable": false,
              "Startup Cost": 28.44,
              "Total Cost": 28.44,
              "Plan Rows": 1,
              "Plan Width": 1021,
              "Actual Startup Time": 2.857,
              "Actual Total Time": 2.858,
              "Actual Rows": 5,
              "Actual Loops": 1,
              "Sort Key": ["r.\"position\""],
              "Sort Method": "quicksort",
              "Sort Space Used": 31,
              "Sort Space Type": "Memory",
              "Shared Hit Blocks": 938,
              "Shared Read Blocks": 0,
              "Shared Dirtied Blocks": 0,
              "Shared Written Blocks": 0,
              "Local Hit Blocks": 0,
              "Local Read Blocks": 0,
              "Local Dirtied Blocks": 0,
              "Local Written Blocks": 0,
              "Temp Read Blocks": 0,
              "Temp Written Blocks": 0,
              "Plans": [
                {
                  "Node Type": "Nested Loop",
                  "Parent Relationship": "Outer",
                  "Parallel Aware": false,
                  "Async Capable": false,
                  "Join Type": "Inner",
                  "Startup Cost": 9.71,
                  "Total Cost": 28.43,
                  "Plan Rows": 1,
                  "Plan Width": 1021,
                  "Actual Startup Time": 2.826,
                  "Actual Total Time": 2.855,
                  "Actual Rows": 5,
                  "Actual Loops": 1,
                  "Inner Unique": true,
                  "Join Filter": "((s.id = m.submission_id) AND (s.frozen_digest = rd.frozen_digest))",
                  "Rows Removed by Join Filter": 0,
                  "Shared Hit Blocks": 938,
                  "Shared Read Blocks": 0,
                  "Shared Dirtied Blocks": 0,
                  "Shared Written Blocks": 0,
                  "Local Hit Blocks": 0,
                  "Local Read Blocks": 0,
                  "Local Dirtied Blocks": 0,
                  "Local Written Blocks": 0,
                  "Temp Read Blocks": 0,
                  "Temp Written Blocks": 0,
                  "Plans": [
                    {
                      "Node Type": "Nested Loop",
                      "Parent Relationship": "Outer",
                      "Parallel Aware": false,
                      "Async Capable": false,
                      "Join Type": "Inner",
                      "Startup Cost": 9.57,
                      "Total Cost": 28.25,
                      "Plan Rows": 1,
                      "Plan Width": 1101,
                      "Actual Startup Time": 2.824,
                      "Actual Total Time": 2.850,
                      "Actual Rows": 5,
                      "Actual Loops": 1,
                      "Inner Unique": true,
                      "Join Filter": "((m.review_id = rd.id) AND (rd.submission_id = m.submission_id))",
                      "Rows Removed by Join Filter": 0,
                      "Shared Hit Blocks": 928,
                      "Shared Read Blocks": 0,
                      "Shared Dirtied Blocks": 0,
                      "Shared Written Blocks": 0,
                      "Local Hit Blocks": 0,
                      "Local Read Blocks": 0,
                      "Local Dirtied Blocks": 0,
                      "Local Written Blocks": 0,
                      "Temp Read Blocks": 0,
                      "Temp Written Blocks": 0,
                      "Plans": [
                        {
                          "Node Type": "Nested Loop",
                          "Parent Relationship": "Outer",
                          "Parallel Aware": false,
                          "Async Capable": false,
                          "Join Type": "Inner",
                          "Startup Cost": 9.42,
                          "Total Cost": 28.06,
                          "Plan Rows": 1,
                          "Plan Width": 1069,
                          "Actual Startup Time": 2.822,
                          "Actual Total Time": 2.845,
                          "Actual Rows": 5,
                          "Actual Loops": 1,
                          "Inner Unique": false,
                          "Shared Hit Blocks": 918,
                          "Shared Read Blocks": 0,
                          "Shared Dirtied Blocks": 0,
                          "Shared Written Blocks": 0,
                          "Local Hit Blocks": 0,
                          "Local Read Blocks": 0,
                          "Local Dirtied Blocks": 0,
                          "Local Written Blocks": 0,
                          "Temp Read Blocks": 0,
                          "Temp Written Blocks": 0,
                          "Plans": [
                            {
                              "Node Type": "Nested Loop",
                              "Parent Relationship": "Outer",
                              "Parallel Aware": false,
                              "Async Capable": false,
                              "Join Type": "Inner",
                              "Startup Cost": 9.27,
                              "Total Cost": 19.89,
                              "Plan Rows": 1,
                              "Plan Width": 1085,
                              "Actual Startup Time": 2.820,
                              "Actual Total Time": 2.841,
                              "Actual Rows": 5,
                              "Actual Loops": 1,
                              "Inner Unique": true,
                              "Join Filter": "((i.id = m.id) AND (i.version = m.version) AND (i.sha256 = m.sha256))",
                              "Rows Removed by Join Filter": 0,
                              "Shared Hit Blocks": 908,
                              "Shared Read Blocks": 0,
                              "Shared Dirtied Blocks": 0,
                              "Shared Written Blocks": 0,
                              "Local Hit Blocks": 0,
                              "Local Read Blocks": 0,
                              "Local Dirtied Blocks": 0,
                              "Local Written Blocks": 0,
                              "Temp Read Blocks": 0,
                              "Temp Written Blocks": 0,
                              "Plans": [
                                {
                                  "Node Type": "Nested Loop",
                                  "Parent Relationship": "Outer",
                                  "Parallel Aware": false,
                                  "Async Capable": false,
                                  "Join Type": "Inner",
                                  "Startup Cost": 8.87,
                                  "Total Cost": 18.75,
                                  "Plan Rows": 1,
                                  "Plan Width": 333,
                                  "Actual Startup Time": 2.816,
                                  "Actual Total Time": 2.827,
                                  "Actual Rows": 5,
                                  "Actual Loops": 1,
                                  "Inner Unique": true,
                                  "Shared Hit Blocks": 888,
                                  "Shared Read Blocks": 0,
                                  "Shared Dirtied Blocks": 0,
                                  "Shared Written Blocks": 0,
                                  "Local Hit Blocks": 0,
                                  "Local Read Blocks": 0,
                                  "Local Dirtied Blocks": 0,
                                  "Local Written Blocks": 0,
                                  "Temp Read Blocks": 0,
                                  "Temp Written Blocks": 0,
                                  "Plans": [
                                    {
                                      "Node Type": "Hash Join",
                                      "Parent Relationship": "Outer",
                                      "Parallel Aware": false,
                                      "Async Capable": false,
                                      "Join Type": "Inner",
                                      "Startup Cost": 8.45,
                                      "Total Cost": 10.30,
                                      "Plan Rows": 1,
                                      "Plan Width": 184,
                                      "Actual Startup Time": 2.811,
                                      "Actual Total Time": 2.813,
                                      "Actual Rows": 5,
                                      "Actual Loops": 1,
                                      "Inner Unique": true,
                                      "Hash Cond": "(((r.instance ->> 'id'::text) = m.id) AND (((r.instance ->> 'version'::text))::integer = m.version) AND ((r.instance ->> 'sha256'::text) = m.sha256))",
                                      "Shared Hit Blocks": 868,
                                      "Shared Read Blocks": 0,
                                      "Shared Dirtied Blocks": 0,
                                      "Shared Written Blocks": 0,
                                      "Local Hit Blocks": 0,
                                      "Local Read Blocks": 0,
                                      "Local Dirtied Blocks": 0,
                                      "Local Written Blocks": 0,
                                      "Temp Read Blocks": 0,
                                      "Temp Written Blocks": 0,
                                      "Plans": [
                                        {
                                          "Node Type": "Function Scan",
                                          "Parent Relationship": "Outer",
                                          "Parallel Aware": false,
                                          "Async Capable": false,
                                          "Function Name": "jsonb_to_recordset",
                                          "Alias": "r",
                                          "Startup Cost": 0.00,
                                          "Total Cost": 1.00,
                                          "Plan Rows": 100,
                                          "Plan Width": 36,
                                          "Actual Startup Time": 0.003,
                                          "Actual Total Time": 0.003,
                                          "Actual Rows": 5,
                                          "Actual Loops": 1,
                                          "Shared Hit Blocks": 0,
                                          "Shared Read Blocks": 0,
                                          "Shared Dirtied Blocks": 0,
                                          "Shared Written Blocks": 0,
                                          "Local Hit Blocks": 0,
                                          "Local Read Blocks": 0,
                                          "Local Dirtied Blocks": 0,
                                          "Local Written Blocks": 0,
                                          "Temp Read Blocks": 0,
                                          "Temp Written Blocks": 0
                                        },
                                        {
                                          "Node Type": "Hash",
                                          "Parent Relationship": "Inner",
                                          "Parallel Aware": false,
                                          "Async Capable": false,
                                          "Startup Cost": 8.43,
                                          "Total Cost": 8.43,
                                          "Plan Rows": 1,
                                          "Plan Width": 148,
                                          "Actual Startup Time": 2.805,
                                          "Actual Total Time": 2.805,
                                          "Actual Rows": 10000,
                                          "Actual Loops": 1,
                                          "Hash Buckets": 16384,
                                          "Original Hash Buckets": 1024,
                                          "Hash Batches": 1,
                                          "Original Hash Batches": 1,
                                          "Peak Memory Usage": 4435,
                                          "Shared Hit Blocks": 868,
                                          "Shared Read Blocks": 0,
                                          "Shared Dirtied Blocks": 0,
                                          "Shared Written Blocks": 0,
                                          "Local Hit Blocks": 0,
                                          "Local Read Blocks": 0,
                                          "Local Dirtied Blocks": 0,
                                          "Local Written Blocks": 0,
                                          "Temp Read Blocks": 0,
                                          "Temp Written Blocks": 0,
                                          "Plans": [
                                            {
                                              "Node Type": "Index Scan",
                                              "Parent Relationship": "Outer",
                                              "Parallel Aware": false,
                                              "Async Capable": false,
                                              "Scan Direction": "Forward",
                                              "Index Name": "question_publication_members_pkey",
                                              "Relation Name": "question_publication_members",
                                              "Alias": "m",
                                              "Startup Cost": 0.41,
                                              "Total Cost": 8.43,
                                              "Plan Rows": 1,
                                              "Plan Width": 148,
                                              "Actual Startup Time": 0.006,
                                              "Actual Total Time": 1.296,
                                              "Actual Rows": 10000,
                                              "Actual Loops": 1,
                                              "Index Cond": "((publication_id = '5a458992-6e09-474f-bd43-430b60097c02'::uuid) AND (kind = 'instance'::text))",
                                              "Rows Removed by Index Recheck": 0,
                                              "Shared Hit Blocks": 868,
                                              "Shared Read Blocks": 0,
                                              "Shared Dirtied Blocks": 0,
                                              "Shared Written Blocks": 0,
                                              "Local Hit Blocks": 0,
                                              "Local Read Blocks": 0,
                                              "Local Dirtied Blocks": 0,
                                              "Local Written Blocks": 0,
                                              "Temp Read Blocks": 0,
                                              "Temp Written Blocks": 0
                                            }
                                          ]
                                        }
                                      ]
                                    },
                                    {
                                      "Node Type": "Index Scan",
                                      "Parent Relationship": "Inner",
                                      "Parallel Aware": false,
                                      "Async Capable": false,
                                      "Scan Direction": "Forward",
                                      "Index Name": "question_submission_members_pkey",
                                      "Relation Name": "question_submission_members",
                                      "Alias": "sm",
                                      "Startup Cost": 0.41,
                                      "Total Cost": 8.44,
                                      "Plan Rows": 1,
                                      "Plan Width": 149,
                                      "Actual Startup Time": 0.002,
                                      "Actual Total Time": 0.002,
                                      "Actual Rows": 1,
                                      "Actual Loops": 5,
                                      "Index Cond": "((submission_id = m.submission_id) AND (kind = 'instance'::text) AND (id = m.id))",
                                      "Rows Removed by Index Recheck": 0,
                                      "Filter": "((m.version = version) AND (sha256 = m.sha256))",
                                      "Rows Removed by Filter": 0,
                                      "Shared Hit Blocks": 20,
                                      "Shared Read Blocks": 0,
                                      "Shared Dirtied Blocks": 0,
                                      "Shared Written Blocks": 0,
                                      "Local Hit Blocks": 0,
                                      "Local Read Blocks": 0,
                                      "Local Dirtied Blocks": 0,
                                      "Local Written Blocks": 0,
                                      "Temp Read Blocks": 0,
                                      "Temp Written Blocks": 0
                                    }
                                  ]
                                },
                                {
                                  "Node Type": "Index Scan",
                                  "Parent Relationship": "Inner",
                                  "Parallel Aware": false,
                                  "Async Capable": false,
                                  "Scan Direction": "Forward",
                                  "Index Name": "question_instances_pkey",
                                  "Relation Name": "question_instances",
                                  "Alias": "i",
                                  "Startup Cost": 0.41,
                                  "Total Cost": 1.11,
                                  "Plan Rows": 1,
                                  "Plan Width": 1057,
                                  "Actual Startup Time": 0.002,
                                  "Actual Total Time": 0.002,
                                  "Actual Rows": 1,
                                  "Actual Loops": 5,
                                  "Index Cond": "((id = sm.id) AND (version = sm.version))",
                                  "Rows Removed by Index Recheck": 0,
                                  "Filter": "(sealed AND (sha256 = sm.sha256))",
                                  "Rows Removed by Filter": 0,
                                  "Shared Hit Blocks": 20,
                                  "Shared Read Blocks": 0,
                                  "Shared Dirtied Blocks": 0,
                                  "Shared Written Blocks": 0,
                                  "Local Hit Blocks": 0,
                                  "Local Read Blocks": 0,
                                  "Local Dirtied Blocks": 0,
                                  "Local Written Blocks": 0,
                                  "Temp Read Blocks": 0,
                                  "Temp Written Blocks": 0
                                }
                              ]
                            },
                            {
                              "Node Type": "Index Scan",
                              "Parent Relationship": "Inner",
                              "Parallel Aware": false,
                              "Async Capable": false,
                              "Scan Direction": "Forward",
                              "Index Name": "question_publications_pkey",
                              "Relation Name": "question_publications",
                              "Alias": "p",
                              "Startup Cost": 0.14,
                              "Total Cost": 8.16,
                              "Plan Rows": 1,
                              "Plan Width": 16,
                              "Actual Startup Time": 0.001,
                              "Actual Total Time": 0.001,
                              "Actual Rows": 1,
                              "Actual Loops": 5,
                              "Index Cond": "(id = '5a458992-6e09-474f-bd43-430b60097c02'::uuid)",
                              "Rows Removed by Index Recheck": 0,
                              "Filter": "(sealed AND (status = 'published'::text))",
                              "Rows Removed by Filter": 0,
                              "Shared Hit Blocks": 10,
                              "Shared Read Blocks": 0,
                              "Shared Dirtied Blocks": 0,
                              "Shared Written Blocks": 0,
                              "Local Hit Blocks": 0,
                              "Local Read Blocks": 0,
                              "Local Dirtied Blocks": 0,
                              "Local Written Blocks": 0,
                              "Temp Read Blocks": 0,
                              "Temp Written Blocks": 0
                            }
                          ]
                        },
                        {
                          "Node Type": "Index Scan",
                          "Parent Relationship": "Inner",
                          "Parallel Aware": false,
                          "Async Capable": false,
                          "Scan Direction": "Forward",
                          "Index Name": "question_review_decisions_submission_id_key",
                          "Relation Name": "question_review_decisions",
                          "Alias": "rd",
                          "Startup Cost": 0.15,
                          "Total Cost": 0.17,
                          "Plan Rows": 1,
                          "Plan Width": 64,
                          "Actual Startup Time": 0.001,
                          "Actual Total Time": 0.001,
                          "Actual Rows": 1,
                          "Actual Loops": 5,
                          "Index Cond": "(submission_id = sm.submission_id)",
                          "Rows Removed by Index Recheck": 0,
                          "Filter": "(decision = 'approve'::text)",
                          "Rows Removed by Filter": 0,
                          "Shared Hit Blocks": 10,
                          "Shared Read Blocks": 0,
                          "Shared Dirtied Blocks": 0,
                          "Shared Written Blocks": 0,
                          "Local Hit Blocks": 0,
                          "Local Read Blocks": 0,
                          "Local Dirtied Blocks": 0,
                          "Local Written Blocks": 0,
                          "Temp Read Blocks": 0,
                          "Temp Written Blocks": 0
                        }
                      ]
                    },
                    {
                      "Node Type": "Index Scan",
                      "Parent Relationship": "Inner",
                      "Parallel Aware": false,
                      "Async Capable": false,
                      "Scan Direction": "Forward",
                      "Index Name": "question_submissions_status",
                      "Relation Name": "question_submissions",
                      "Alias": "s",
                      "Startup Cost": 0.14,
                      "Total Cost": 0.17,
                      "Plan Rows": 1,
                      "Plan Width": 48,
                      "Actual Startup Time": 0.001,
                      "Actual Total Time": 0.001,
                      "Actual Rows": 1,
                      "Actual Loops": 5,
                      "Index Cond": "((status = 'approved'::text) AND (id = sm.submission_id))",
                      "Rows Removed by Index Recheck": 0,
                      "Filter": "sealed",
                      "Rows Removed by Filter": 0,
                      "Shared Hit Blocks": 10,
                      "Shared Read Blocks": 0,
                      "Shared Dirtied Blocks": 0,
                      "Shared Written Blocks": 0,
                      "Local Hit Blocks": 0,
                      "Local Read Blocks": 0,
                      "Local Dirtied Blocks": 0,
                      "Local Written Blocks": 0,
                      "Temp Read Blocks": 0,
                      "Temp Written Blocks": 0
                    }
                  ]
                }
              ]
            },
            "Planning": {
              "Shared Hit Blocks": 8,
              "Shared Read Blocks": 0,
              "Shared Dirtied Blocks": 0,
              "Shared Written Blocks": 0,
              "Local Hit Blocks": 0,
              "Local Read Blocks": 0,
              "Local Dirtied Blocks": 0,
              "Local Written Blocks": 0,
              "Temp Read Blocks": 0,
              "Temp Written Blocks": 0
            },
            "Planning Time": 2.650,
            "Triggers": [
            ],
            "Execution Time": 2.878
          }
        ]
=== RUN   TestLearningCapacityMaxPool/maximum-shared-two-slots-and-exclusive-lock
    learning_capacity_test.go:436: LEARNING_CAPACITY twoRealHeavyCreations=true differentUsers=true twoSharedSlots=true elapsed=269.000416ms
    learning_capacity_test.go:450: LEARNING_CAPACITY exclusiveLockWait=1.014117125s no-writing-read=true
--- PASS: TestLearningCapacityMaxPool (120.39s)
    --- PASS: TestLearningCapacityMaxPool/maximum-shared-two-slots-and-exclusive-lock (1.28s)
PASS
ok  	github.com/yyl1212/math_master/backend/internal/store	123.640s
