=== RUN   TestLearningCapacityMaxPool
    learning_capacity_test.go:229: LEARNING_CAPACITY actual published knowledge=1000 units=4000 paths=200 assets=1000 templates=200 instances=10000 blueprints=1000 rootCandidates=1000 core=8 directSuccessors=999 actualMaxPathNodes=100
    learning_capacity_test.go:229: LEARNING_CAPACITY approvalProofDifferential=1000 allEqual=true allApproved=true
    learning_capacity_test.go:237: LEARNING_CAPACITY optionsWireBytes=211777
    learning_capacity_test.go:231: LEARNING_CAPACITY 1000-safe-blueprint-options elapsed=311.429417ms allocs=94600 bytes=15685656 heap=39210024 maxRSS=341393408 unit=bytes GOOS=darwin err=<nil>
    learning_capacity_test.go:247: LEARNING_CAPACITY approval100Plan=[
          {
            "Plan": {
              "Node Type": "Hash Join",
              "Parallel Aware": false,
              "Async Capable": false,
              "Join Type": "Inner",
              "Startup Cost": 56.12,
              "Total Cost": 209.79,
              "Plan Rows": 45,
              "Plan Width": 1,
              "Actual Startup Time": 3.055,
              "Actual Total Time": 198.913,
              "Actual Rows": 100,
              "Actual Loops": 1,
              "Inner Unique": true,
              "Hash Cond": "((k.id = pn.knowledge_id) AND (k.version = pn.knowledge_version))",
              "Shared Hit Blocks": 10043,
              "Shared Read Blocks": 5,
              "Shared Dirtied Blocks": 0,
              "Shared Written Blocks": 0,
              "Local Hit Blocks": 0,
              "Local Read Blocks": 0,
              "Local Dirtied Blocks": 0,
              "Local Written Blocks": 0,
              "Temp Read Blocks": 0,
              "Temp Written Blocks": 0,
              "Plans": [
                {
                  "Node Type": "Seq Scan",
                  "Parent Relationship": "Outer",
                  "Parallel Aware": false,
                  "Async Capable": false,
                  "Relation Name": "knowledge_versions",
                  "Alias": "k",
                  "Startup Cost": 0.00,
                  "Total Cost": 137.10,
                  "Plan Rows": 1010,
                  "Plan Width": 85,
                  "Actual Startup Time": 0.002,
                  "Actual Total Time": 0.117,
                  "Actual Rows": 1010,
                  "Actual Loops": 1,
                  "Shared Hit Blocks": 127,
                  "Shared Read Blocks": 0,
                  "Shared Dirtied Blocks": 0,
                  "Shared Written Blocks": 0,
                  "Local Hit Blocks": 0,
                  "Local Read Blocks": 0,
                  "Local Dirtied Blocks": 0,
                  "Local Written Blocks": 0,
                  "Temp Read Blocks": 0,
                  "Temp Written Blocks": 0
                },
                {
                  "Node Type": "Hash",
                  "Parent Relationship": "Inner",
                  "Parallel Aware": false,
                  "Async Capable": false,
                  "Startup Cost": 55.45,
                  "Total Cost": 55.45,
                  "Plan Rows": 45,
                  "Plan Width": 20,
                  "Actual Startup Time": 0.034,
                  "Actual Total Time": 0.034,
                  "Actual Rows": 100,
                  "Actual Loops": 1,
                  "Hash Buckets": 1024,
                  "Original Hash Buckets": 1024,
                  "Hash Batches": 1,
                  "Original Hash Batches": 1,
                  "Peak Memory Usage": 14,
                  "Shared Hit Blocks": 0,
                  "Shared Read Blocks": 5,
                  "Shared Dirtied Blocks": 0,
                  "Shared Written Blocks": 0,
                  "Local Hit Blocks": 0,
                  "Local Read Blocks": 0,
                  "Local Dirtied Blocks": 0,
                  "Local Written Blocks": 0,
                  "Temp Read Blocks": 0,
                  "Temp Written Blocks": 0,
                  "Plans": [
                    {
                      "Node Type": "Bitmap Heap Scan",
                      "Parent Relationship": "Outer",
                      "Parallel Aware": false,
                      "Async Capable": false,
                      "Relation Name": "path_nodes",
                      "Alias": "pn",
                      "Startup Cost": 4.74,
                      "Total Cost": 55.45,
                      "Plan Rows": 45,
                      "Plan Width": 20,
                      "Actual Startup Time": 0.018,
                      "Actual Total Time": 0.027,
                      "Actual Rows": 100,
                      "Actual Loops": 1,
                      "Recheck Cond": "((path_id = 'capacity-p-000'::text) AND (path_version = 2))",
                      "Rows Removed by Index Recheck": 0,
                      "Exact Heap Blocks": 2,
                      "Lossy Heap Blocks": 0,
                      "Shared Hit Blocks": 0,
                      "Shared Read Blocks": 5,
                      "Shared Dirtied Blocks": 0,
                      "Shared Written Blocks": 0,
                      "Local Hit Blocks": 0,
                      "Local Read Blocks": 0,
                      "Local Dirtied Blocks": 0,
                      "Local Written Blocks": 0,
                      "Temp Read Blocks": 0,
                      "Temp Written Blocks": 0,
                      "Plans": [
                        {
                          "Node Type": "Bitmap Index Scan",
                          "Parent Relationship": "Outer",
                          "Parallel Aware": false,
                          "Async Capable": false,
                          "Index Name": "path_nodes_path_id_path_version_knowledge_id_key",
                          "Startup Cost": 0.00,
                          "Total Cost": 4.73,
                          "Plan Rows": 45,
                          "Plan Width": 0,
                          "Actual Startup Time": 0.013,
                          "Actual Total Time": 0.014,
                          "Actual Rows": 100,
                          "Actual Loops": 1,
                          "Index Cond": "((path_id = 'capacity-p-000'::text) AND (path_version = 2))",
                          "Shared Hit Blocks": 0,
                          "Shared Read Blocks": 3,
                          "Shared Dirtied Blocks": 0,
                          "Shared Written Blocks": 0,
                          "Local Hit Blocks": 0,
                          "Local Read Blocks": 0,
                          "Local Dirtied Blocks": 0,
                          "Local Written Blocks": 0,
                          "Temp Read Blocks": 0,
                          "Temp Written Blocks": 0
                        }
                      ]
                    }
                  ]
                }
              ]
            },
            "Planning": {
              "Shared Hit Blocks": 15,
              "Shared Read Blocks": 0,
              "Shared Dirtied Blocks": 0,
              "Shared Written Blocks": 0,
              "Local Hit Blocks": 0,
              "Local Read Blocks": 0,
              "Local Dirtied Blocks": 0,
              "Local Written Blocks": 0,
              "Temp Read Blocks": 0,
              "Temp Written Blocks": 0
            },
            "Planning Time": 0.141,
            "Triggers": [
            ],
            "Execution Time": 198.929
          }
        ]
    learning_capacity_test.go:251: LEARNING_CAPACITY enroll-route-0 elapsed=755.551167ms allocs=33916 bytes=8422616 heap=32246720 maxRSS=341393408 unit=bytes GOOS=darwin err=<nil>
    learning_capacity_test.go:251: LEARNING_CAPACITY enroll-route-1 elapsed=756.417583ms allocs=33669 bytes=8393224 heap=31985360 maxRSS=341393408 unit=bytes GOOS=darwin err=<nil>
    learning_capacity_test.go:251: LEARNING_CAPACITY enroll-route-2 elapsed=730.940417ms allocs=33693 bytes=8397384 heap=31989536 maxRSS=341393408 unit=bytes GOOS=darwin err=<nil>
    learning_capacity_test.go:251: LEARNING_CAPACITY enroll-route-3 elapsed=731.86075ms allocs=33694 bytes=8396488 heap=32002784 maxRSS=341393408 unit=bytes GOOS=darwin err=<nil>
    learning_capacity_test.go:251: LEARNING_CAPACITY enroll-route-4 elapsed=731.334125ms allocs=33650 bytes=8389192 heap=31995216 maxRSS=341393408 unit=bytes GOOS=darwin err=<nil>
    learning_capacity_test.go:251: LEARNING_CAPACITY enroll-route-5 elapsed=733.721083ms allocs=33669 bytes=8346656 heap=31952168 maxRSS=341393408 unit=bytes GOOS=darwin err=<nil>
    learning_capacity_test.go:251: LEARNING_CAPACITY enroll-route-6 elapsed=725.990917ms allocs=33651 bytes=8389064 heap=31995440 maxRSS=341393408 unit=bytes GOOS=darwin err=<nil>
    learning_capacity_test.go:251: LEARNING_CAPACITY enroll-route-7 elapsed=725.552417ms allocs=33684 bytes=8395480 heap=32013664 maxRSS=341393408 unit=bytes GOOS=darwin err=<nil>
    learning_capacity_test.go:251: LEARNING_CAPACITY enroll-route-8 elapsed=737.493416ms allocs=33671 bytes=8347200 heap=31953464 maxRSS=341409792 unit=bytes GOOS=darwin err=<nil>
    learning_capacity_test.go:251: LEARNING_CAPACITY enroll-route-9 elapsed=757.551292ms allocs=33679 bytes=8394040 heap=32000768 maxRSS=341426176 unit=bytes GOOS=darwin err=<nil>
    learning_capacity_test.go:251: LEARNING_CAPACITY enroll-route-10 elapsed=726.951958ms allocs=33693 bytes=8396072 heap=32002992 maxRSS=341426176 unit=bytes GOOS=darwin err=<nil>
    learning_capacity_test.go:251: LEARNING_CAPACITY enroll-route-11 elapsed=728.729541ms allocs=33639 bytes=8340848 heap=31947800 maxRSS=341426176 unit=bytes GOOS=darwin err=<nil>
    learning_capacity_test.go:251: LEARNING_CAPACITY enroll-route-12 elapsed=729.377333ms allocs=33675 bytes=8392792 heap=31999216 maxRSS=341426176 unit=bytes GOOS=darwin err=<nil>
    learning_capacity_test.go:251: LEARNING_CAPACITY enroll-route-13 elapsed=730.155458ms allocs=33692 bytes=8395848 heap=32002768 maxRSS=341426176 unit=bytes GOOS=darwin err=<nil>
    learning_capacity_test.go:251: LEARNING_CAPACITY enroll-route-14 elapsed=732.644375ms allocs=33676 bytes=8394536 heap=32001408 maxRSS=341426176 unit=bytes GOOS=darwin err=<nil>
    learning_capacity_test.go:251: LEARNING_CAPACITY enroll-route-15 elapsed=728.197292ms allocs=33682 bytes=8395224 heap=32001824 maxRSS=341426176 unit=bytes GOOS=darwin err=<nil>
    learning_capacity_test.go:251: LEARNING_CAPACITY enroll-route-16 elapsed=728.536125ms allocs=33672 bytes=8393544 heap=32000192 maxRSS=341426176 unit=bytes GOOS=darwin err=<nil>
    learning_capacity_test.go:251: LEARNING_CAPACITY enroll-route-17 elapsed=728.029959ms allocs=33669 bytes=8391056 heap=31985144 maxRSS=341426176 unit=bytes GOOS=darwin err=<nil>
    learning_capacity_test.go:251: LEARNING_CAPACITY enroll-route-18 elapsed=736.094667ms allocs=33694 bytes=8397128 heap=32004288 maxRSS=341426176 unit=bytes GOOS=darwin err=<nil>
    learning_capacity_test.go:251: LEARNING_CAPACITY enroll-route-19 elapsed=727.247625ms allocs=33647 bytes=8388920 heap=31997536 maxRSS=341426176 unit=bytes GOOS=darwin err=<nil>
    learning_capacity_test.go:251: LEARNING_CAPACITY enroll-route-20 elapsed=134.702417ms allocs=6425 bytes=1475520 heap=25094808 maxRSS=341426176 unit=bytes GOOS=darwin err=<nil>
    learning_capacity_test.go:251: LEARNING_CAPACITY enroll-route-21 elapsed=136.239625ms allocs=6439 bytes=1520416 heap=25127928 maxRSS=341426176 unit=bytes GOOS=darwin err=<nil>
    learning_capacity_test.go:251: LEARNING_CAPACITY enroll-route-22 elapsed=133.636417ms allocs=6412 bytes=1516160 heap=25124504 maxRSS=341426176 unit=bytes GOOS=darwin err=<nil>
    learning_capacity_test.go:251: LEARNING_CAPACITY enroll-route-23 elapsed=135.3215ms allocs=6420 bytes=1517136 heap=25124808 maxRSS=341426176 unit=bytes GOOS=darwin err=<nil>
    learning_capacity_test.go:251: LEARNING_CAPACITY enroll-route-24 elapsed=133.765417ms allocs=6427 bytes=1473688 heap=25081424 maxRSS=341426176 unit=bytes GOOS=darwin err=<nil>
    learning_capacity_test.go:251: LEARNING_CAPACITY enroll-route-25 elapsed=134.112625ms allocs=6424 bytes=1473448 heap=25081504 maxRSS=341426176 unit=bytes GOOS=darwin err=<nil>
    learning_capacity_test.go:251: LEARNING_CAPACITY enroll-route-26 elapsed=132.887875ms allocs=6416 bytes=1519152 heap=25127736 maxRSS=341426176 unit=bytes GOOS=darwin err=<nil>
    learning_capacity_test.go:251: LEARNING_CAPACITY enroll-route-27 elapsed=134.116875ms allocs=6423 bytes=1517536 heap=25138664 maxRSS=341426176 unit=bytes GOOS=darwin err=<nil>
    learning_capacity_test.go:251: LEARNING_CAPACITY enroll-route-28 elapsed=132.353875ms allocs=6445 bytes=1522464 heap=25130488 maxRSS=341426176 unit=bytes GOOS=darwin err=<nil>
    learning_capacity_test.go:251: LEARNING_CAPACITY enroll-route-29 elapsed=134.242875ms allocs=6409 bytes=1471320 heap=25080048 maxRSS=341426176 unit=bytes GOOS=darwin err=<nil>
    learning_capacity_test.go:251: LEARNING_CAPACITY enroll-route-30 elapsed=134.267542ms allocs=6418 bytes=1516928 heap=25124984 maxRSS=341426176 unit=bytes GOOS=darwin err=<nil>
    learning_capacity_test.go:251: LEARNING_CAPACITY enroll-route-31 elapsed=133.064625ms allocs=6422 bytes=1517440 heap=25112760 maxRSS=341426176 unit=bytes GOOS=darwin err=<nil>
    learning_capacity_test.go:251: LEARNING_CAPACITY enroll-route-32 elapsed=136.447917ms allocs=6448 bytes=1523888 heap=25132152 maxRSS=341426176 unit=bytes GOOS=darwin err=<nil>
    learning_capacity_test.go:251: LEARNING_CAPACITY enroll-route-33 elapsed=133.327209ms allocs=6422 bytes=1517264 heap=25126296 maxRSS=341426176 unit=bytes GOOS=darwin err=<nil>
    learning_capacity_test.go:251: LEARNING_CAPACITY enroll-route-34 elapsed=139.702125ms allocs=6422 bytes=1518464 heap=25127432 maxRSS=341426176 unit=bytes GOOS=darwin err=<nil>
    learning_capacity_test.go:251: LEARNING_CAPACITY enroll-route-35 elapsed=133.436ms allocs=6421 bytes=1472760 heap=25081632 maxRSS=341426176 unit=bytes GOOS=darwin err=<nil>
    learning_capacity_test.go:251: LEARNING_CAPACITY enroll-route-36 elapsed=134.48875ms allocs=6430 bytes=1518328 heap=25114528 maxRSS=341426176 unit=bytes GOOS=darwin err=<nil>
    learning_capacity_test.go:251: LEARNING_CAPACITY enroll-route-37 elapsed=135.365917ms allocs=6450 bytes=1523104 heap=25132280 maxRSS=341426176 unit=bytes GOOS=darwin err=<nil>
    learning_capacity_test.go:251: LEARNING_CAPACITY enroll-route-38 elapsed=133.473791ms allocs=6437 bytes=1521616 heap=25131384 maxRSS=341426176 unit=bytes GOOS=darwin err=<nil>
    learning_capacity_test.go:251: LEARNING_CAPACITY enroll-route-39 elapsed=134.345958ms allocs=6393 bytes=1467432 heap=25076704 maxRSS=341426176 unit=bytes GOOS=darwin err=<nil>
    learning_capacity_test.go:251: LEARNING_CAPACITY enroll-route-40 elapsed=134.377917ms allocs=6421 bytes=1517216 heap=25113704 maxRSS=341426176 unit=bytes GOOS=darwin err=<nil>
    learning_capacity_test.go:251: LEARNING_CAPACITY enroll-route-41 elapsed=133.454375ms allocs=6423 bytes=1517456 heap=25126616 maxRSS=341426176 unit=bytes GOOS=darwin err=<nil>
    learning_capacity_test.go:251: LEARNING_CAPACITY enroll-route-42 elapsed=134.438667ms allocs=6409 bytes=1515712 heap=25125192 maxRSS=341426176 unit=bytes GOOS=darwin err=<nil>
    learning_capacity_test.go:251: LEARNING_CAPACITY enroll-route-43 elapsed=134.424625ms allocs=6408 bytes=1516080 heap=25125240 maxRSS=341426176 unit=bytes GOOS=darwin err=<nil>
    learning_capacity_test.go:251: LEARNING_CAPACITY enroll-route-44 elapsed=133.546291ms allocs=6438 bytes=1521952 heap=25131208 maxRSS=341426176 unit=bytes GOOS=darwin err=<nil>
    learning_capacity_test.go:251: LEARNING_CAPACITY enroll-route-45 elapsed=133.1145ms allocs=6428 bytes=1519280 heap=25116008 maxRSS=341426176 unit=bytes GOOS=darwin err=<nil>
    learning_capacity_test.go:251: LEARNING_CAPACITY enroll-route-46 elapsed=134.005667ms allocs=6421 bytes=1517232 heap=25126760 maxRSS=341426176 unit=bytes GOOS=darwin err=<nil>
    learning_capacity_test.go:251: LEARNING_CAPACITY enroll-route-47 elapsed=137.272958ms allocs=6399 bytes=1467992 heap=25078224 maxRSS=341426176 unit=bytes GOOS=darwin err=<nil>
    learning_capacity_test.go:251: LEARNING_CAPACITY enroll-route-48 elapsed=134.539833ms allocs=6420 bytes=1517152 heap=25126952 maxRSS=341426176 unit=bytes GOOS=darwin err=<nil>
    learning_capacity_test.go:251: LEARNING_CAPACITY enroll-route-49 elapsed=133.529333ms allocs=6409 bytes=1468984 heap=25078672 maxRSS=341442560 unit=bytes GOOS=darwin err=<nil>
    learning_capacity_test.go:251: LEARNING_CAPACITY enroll-route-50 elapsed=135.043417ms allocs=6407 bytes=1516032 heap=25126264 maxRSS=341442560 unit=bytes GOOS=darwin err=<nil>
    learning_capacity_test.go:251: LEARNING_CAPACITY enroll-route-51 elapsed=133.1665ms allocs=6405 bytes=1468664 heap=25078480 maxRSS=341442560 unit=bytes GOOS=darwin err=<nil>
    learning_capacity_test.go:251: LEARNING_CAPACITY enroll-route-52 elapsed=133.844958ms allocs=6442 bytes=1521760 heap=25131576 maxRSS=341442560 unit=bytes GOOS=darwin err=<nil>
    learning_capacity_test.go:251: LEARNING_CAPACITY enroll-route-53 elapsed=133.62975ms allocs=6436 bytes=1520912 heap=25118024 maxRSS=341442560 unit=bytes GOOS=darwin err=<nil>
    learning_capacity_test.go:251: LEARNING_CAPACITY enroll-route-54 elapsed=133.418792ms allocs=6397 bytes=1467592 heap=25078016 maxRSS=341442560 unit=bytes GOOS=darwin err=<nil>
    learning_capacity_test.go:251: LEARNING_CAPACITY enroll-route-55 elapsed=133.368459ms allocs=6422 bytes=1517376 heap=25114952 maxRSS=341442560 unit=bytes GOOS=darwin err=<nil>
    learning_capacity_test.go:251: LEARNING_CAPACITY enroll-route-56 elapsed=133.015792ms allocs=6411 bytes=1515936 heap=25126440 maxRSS=341442560 unit=bytes GOOS=darwin err=<nil>
    learning_capacity_test.go:251: LEARNING_CAPACITY enroll-route-57 elapsed=133.409167ms allocs=6395 bytes=1469648 heap=25091768 maxRSS=341442560 unit=bytes GOOS=darwin err=<nil>
    learning_capacity_test.go:251: LEARNING_CAPACITY enroll-route-58 elapsed=132.063875ms allocs=6410 bytes=1470728 heap=25080752 maxRSS=341442560 unit=bytes GOOS=darwin err=<nil>
    learning_capacity_test.go:251: LEARNING_CAPACITY enroll-route-59 elapsed=134.295542ms allocs=6428 bytes=1518096 heap=25130184 maxRSS=341442560 unit=bytes GOOS=darwin err=<nil>
    learning_capacity_test.go:251: LEARNING_CAPACITY enroll-route-60 elapsed=133.122125ms allocs=6424 bytes=1518544 heap=25129560 maxRSS=341442560 unit=bytes GOOS=darwin err=<nil>
    learning_capacity_test.go:251: LEARNING_CAPACITY enroll-route-61 elapsed=133.524166ms allocs=6445 bytes=1522608 heap=25134088 maxRSS=341442560 unit=bytes GOOS=darwin err=<nil>
    learning_capacity_test.go:251: LEARNING_CAPACITY enroll-route-62 elapsed=135.823292ms allocs=6442 bytes=1522528 heap=25133192 maxRSS=341442560 unit=bytes GOOS=darwin err=<nil>
    learning_capacity_test.go:251: LEARNING_CAPACITY enroll-route-63 elapsed=134.462375ms allocs=6431 bytes=1519184 heap=25129880 maxRSS=341442560 unit=bytes GOOS=darwin err=<nil>
    learning_capacity_test.go:251: LEARNING_CAPACITY enroll-route-64 elapsed=133.8855ms allocs=6425 bytes=1517792 heap=25128664 maxRSS=341442560 unit=bytes GOOS=darwin err=<nil>
    learning_capacity_test.go:251: LEARNING_CAPACITY enroll-route-65 elapsed=134.302875ms allocs=6407 bytes=1516064 heap=25127464 maxRSS=341442560 unit=bytes GOOS=darwin err=<nil>
    learning_capacity_test.go:251: LEARNING_CAPACITY enroll-route-66 elapsed=136.803041ms allocs=6422 bytes=1517488 heap=25128456 maxRSS=341442560 unit=bytes GOOS=darwin err=<nil>
    learning_capacity_test.go:251: LEARNING_CAPACITY enroll-route-67 elapsed=133.008583ms allocs=6419 bytes=1516912 heap=25127832 maxRSS=341442560 unit=bytes GOOS=darwin err=<nil>
    learning_capacity_test.go:251: LEARNING_CAPACITY enroll-route-68 elapsed=133.157542ms allocs=6421 bytes=1517152 heap=25115176 maxRSS=341442560 unit=bytes GOOS=darwin err=<nil>
    learning_capacity_test.go:251: LEARNING_CAPACITY enroll-route-69 elapsed=132.722583ms allocs=6418 bytes=1516816 heap=25127704 maxRSS=341442560 unit=bytes GOOS=darwin err=<nil>
    learning_capacity_test.go:251: LEARNING_CAPACITY enroll-route-70 elapsed=134.420291ms allocs=6418 bytes=1516832 heap=25115096 maxRSS=341442560 unit=bytes GOOS=darwin err=<nil>
    learning_capacity_test.go:251: LEARNING_CAPACITY enroll-route-71 elapsed=137.728625ms allocs=6438 bytes=1522584 heap=25120656 maxRSS=341442560 unit=bytes GOOS=darwin err=<nil>
    learning_capacity_test.go:251: LEARNING_CAPACITY enroll-route-72 elapsed=133.979584ms allocs=6423 bytes=1517472 heap=25129912 maxRSS=341442560 unit=bytes GOOS=darwin err=<nil>
    learning_capacity_test.go:251: LEARNING_CAPACITY enroll-route-73 elapsed=134.284875ms allocs=6407 bytes=1470888 heap=25083344 maxRSS=341442560 unit=bytes GOOS=darwin err=<nil>
    learning_capacity_test.go:251: LEARNING_CAPACITY enroll-route-74 elapsed=134.958375ms allocs=6447 bytes=1522736 heap=25135000 maxRSS=341442560 unit=bytes GOOS=darwin err=<nil>
    learning_capacity_test.go:251: LEARNING_CAPACITY enroll-route-75 elapsed=133.873667ms allocs=6435 bytes=1521632 heap=25134168 maxRSS=341442560 unit=bytes GOOS=darwin err=<nil>
    learning_capacity_test.go:251: LEARNING_CAPACITY enroll-route-76 elapsed=135.59875ms allocs=6431 bytes=1521296 heap=25133768 maxRSS=341442560 unit=bytes GOOS=darwin err=<nil>
    learning_capacity_test.go:251: LEARNING_CAPACITY enroll-route-77 elapsed=133.591667ms allocs=6447 bytes=1522480 heap=25134872 maxRSS=341442560 unit=bytes GOOS=darwin err=<nil>
    learning_capacity_test.go:251: LEARNING_CAPACITY enroll-route-78 elapsed=133.4665ms allocs=6423 bytes=1517520 heap=25130104 maxRSS=341442560 unit=bytes GOOS=darwin err=<nil>
    learning_capacity_test.go:251: LEARNING_CAPACITY enroll-route-79 elapsed=132.060584ms allocs=6448 bytes=1522560 heap=25135192 maxRSS=341442560 unit=bytes GOOS=darwin err=<nil>
    learning_capacity_test.go:251: LEARNING_CAPACITY enroll-route-80 elapsed=134.079791ms allocs=6399 bytes=1468216 heap=25081008 maxRSS=341442560 unit=bytes GOOS=darwin err=<nil>
    learning_capacity_test.go:251: LEARNING_CAPACITY enroll-route-81 elapsed=134.732417ms allocs=6423 bytes=1473016 heap=25086336 maxRSS=341442560 unit=bytes GOOS=darwin err=<nil>
    learning_capacity_test.go:251: LEARNING_CAPACITY enroll-route-82 elapsed=132.914ms allocs=6425 bytes=1473880 heap=25086800 maxRSS=341442560 unit=bytes GOOS=darwin err=<nil>
    learning_capacity_test.go:251: LEARNING_CAPACITY enroll-route-83 elapsed=133.532458ms allocs=6447 bytes=1522496 heap=25135464 maxRSS=341442560 unit=bytes GOOS=darwin err=<nil>
    learning_capacity_test.go:251: LEARNING_CAPACITY enroll-route-84 elapsed=132.614875ms allocs=6427 bytes=1473688 heap=25086576 maxRSS=341442560 unit=bytes GOOS=darwin err=<nil>
    learning_capacity_test.go:251: LEARNING_CAPACITY enroll-route-85 elapsed=133.721458ms allocs=6443 bytes=1521600 heap=25134536 maxRSS=341442560 unit=bytes GOOS=darwin err=<nil>
    learning_capacity_test.go:251: LEARNING_CAPACITY enroll-route-86 elapsed=133.091209ms allocs=6447 bytes=1522768 heap=25136184 maxRSS=341442560 unit=bytes GOOS=darwin err=<nil>
    learning_capacity_test.go:251: LEARNING_CAPACITY enroll-route-87 elapsed=133.587167ms allocs=6439 bytes=1521776 heap=25134888 maxRSS=341442560 unit=bytes GOOS=darwin err=<nil>
    learning_capacity_test.go:251: LEARNING_CAPACITY enroll-route-88 elapsed=134.077959ms allocs=6452 bytes=1523296 heap=25136504 maxRSS=341442560 unit=bytes GOOS=darwin err=<nil>
    learning_capacity_test.go:251: LEARNING_CAPACITY enroll-route-89 elapsed=133.731583ms allocs=6433 bytes=1519792 heap=25133480 maxRSS=341442560 unit=bytes GOOS=darwin err=<nil>
    learning_capacity_test.go:251: LEARNING_CAPACITY enroll-route-90 elapsed=133.317333ms allocs=6418 bytes=1519440 heap=25133176 maxRSS=341442560 unit=bytes GOOS=darwin err=<nil>
    learning_capacity_test.go:251: LEARNING_CAPACITY enroll-route-91 elapsed=138.112541ms allocs=6395 bytes=1469600 heap=25096440 maxRSS=341442560 unit=bytes GOOS=darwin err=<nil>
    learning_capacity_test.go:251: LEARNING_CAPACITY enroll-route-92 elapsed=134.626833ms allocs=6415 bytes=1516544 heap=25129752 maxRSS=341442560 unit=bytes GOOS=darwin err=<nil>
    learning_capacity_test.go:251: LEARNING_CAPACITY enroll-route-93 elapsed=134.090083ms allocs=6407 bytes=1515840 heap=25129288 maxRSS=341442560 unit=bytes GOOS=darwin err=<nil>
    learning_capacity_test.go:251: LEARNING_CAPACITY enroll-route-94 elapsed=134.083875ms allocs=6423 bytes=1473240 heap=25086480 maxRSS=341442560 unit=bytes GOOS=darwin err=<nil>
    learning_capacity_test.go:251: LEARNING_CAPACITY enroll-route-95 elapsed=134.117708ms allocs=6421 bytes=1472824 heap=25086368 maxRSS=341442560 unit=bytes GOOS=darwin err=<nil>
    learning_capacity_test.go:251: LEARNING_CAPACITY enroll-route-96 elapsed=132.517625ms allocs=6444 bytes=1522528 heap=25136120 maxRSS=341442560 unit=bytes GOOS=darwin err=<nil>
    learning_capacity_test.go:251: LEARNING_CAPACITY enroll-route-97 elapsed=134.168333ms allocs=6445 bytes=1522320 heap=25136184 maxRSS=341442560 unit=bytes GOOS=darwin err=<nil>
    learning_capacity_test.go:251: LEARNING_CAPACITY enroll-route-98 elapsed=132.276667ms allocs=6446 bytes=1522736 heap=25136264 maxRSS=341442560 unit=bytes GOOS=darwin err=<nil>
    learning_capacity_test.go:251: LEARNING_CAPACITY enroll-route-99 elapsed=132.82775ms allocs=6411 bytes=1515904 heap=25130088 maxRSS=341442560 unit=bytes GOOS=darwin err=<nil>
    learning_capacity_test.go:266: LEARNING_CAPACITY page-100-routes-3280-fixed-nodes elapsed=534.752791ms allocs=81969 bytes=15562120 heap=39187920 maxRSS=341442560 unit=bytes GOOS=darwin err=<nil>
    learning_capacity_test.go:295: LEARNING_CAPACITY create-five-only-sparse-1000-eight-core elapsed=169.2495ms allocs=27080 bytes=2827432 heap=26580312 maxRSS=341491712 unit=bytes GOOS=darwin err=<nil>
    learning_capacity_test.go:305: LEARNING_CAPACITY submit-and-999-direct-successors elapsed=2.06336425s allocs=32938 bytes=5174472 heap=7067064 maxRSS=341524480 unit=bytes GOOS=darwin err=<nil>
    learning_capacity_test.go:313: LEARNING_CAPACITY overview-1000-current elapsed=497.968833ms allocs=69809 bytes=4299088 heap=5428008 maxRSS=341524480 unit=bytes GOOS=darwin err=<nil>
    learning_capacity_test.go:320: LEARNING_CAPACITY 100-node-page elapsed=222.554916ms allocs=31659 bytes=6218352 heap=7043160 maxRSS=341540864 unit=bytes GOOS=darwin err=<nil>
    learning_capacity_test.go:340: LEARNING_CAPACITY alternative-pass-antijoin elapsed=293.286083ms allocs=94088 bytes=14492232 heap=38925256 maxRSS=341721088 unit=bytes GOOS=darwin err=<nil>
    learning_capacity_test.go:347: LEARNING_CAPACITY historical-approved-svg elapsed=10.799791ms allocs=1406 bytes=370072 heap=18075536 maxRSS=341721088 unit=bytes GOOS=darwin err=<nil>
    learning_capacity_test.go:364: LEARNING_CAPACITY owned-history-101-offset-0 elapsed=10.627875ms allocs=2991 bytes=294400 heap=18011624 maxRSS=342032384 unit=bytes GOOS=darwin err=<nil>
    learning_capacity_test.go:364: LEARNING_CAPACITY owned-history-101-offset-100 elapsed=9.297791ms allocs=1012 bytes=197784 heap=17921848 maxRSS=342032384 unit=bytes GOOS=darwin err=<nil>
    learning_capacity_test.go:376: LEARNING_CAPACITY batch-template-exposure elapsed=33.432917ms allocs=121060 bytes=27491216 heap=35368448 maxRSS=342032384 unit=bytes GOOS=darwin err=<nil>
    learning_capacity_test.go:387: LEARNING_CAPACITY SQLSUMMARY metadata-1000 actualRows=999 executionMs=51.018000 sharedHits=109607 sharedReads=0
    learning_capacity_test.go:387: LEARNING_CAPACITY SQLPLAN metadata-1000 [
          {
            "Plan": {
              "Node Type": "Limit",
              "Parallel Aware": false,
              "Async Capable": false,
              "Startup Cost": 2150.79,
              "Total Cost": 2284.53,
              "Plan Rows": 1,
              "Plan Width": 271,
              "Actual Startup Time": 2.975,
              "Actual Total Time": 50.921,
              "Actual Rows": 999,
              "Actual Loops": 1,
              "Shared Hit Blocks": 109607,
              "Shared Read Blocks": 0,
              "Shared Dirtied Blocks": 0,
              "Shared Written Blocks": 0,
              "Local Hit Blocks": 0,
              "Local Read Blocks": 0,
              "Local Dirtied Blocks": 0,
              "Local Written Blocks": 0,
              "Temp Read Blocks": 0,
              "Temp Written Blocks": 0,
              "Plans": [
                {
                  "Node Type": "Limit",
                  "Parent Relationship": "InitPlan",
                  "Subplan Name": "CTE recent",
                  "Parallel Aware": false,
                  "Async Capable": false,
                  "Startup Cost": 0.14,
                  "Total Cost": 8.16,
                  "Plan Rows": 1,
                  "Plan Width": 24,
                  "Actual Startup Time": 0.002,
                  "Actual Total Time": 0.002,
                  "Actual Rows": 1,
                  "Actual Loops": 1,
                  "Shared Hit Blocks": 2,
                  "Shared Read Blocks": 0,
                  "Shared Dirtied Blocks": 0,
                  "Shared Written Blocks": 0,
                  "Local Hit Blocks": 0,
                  "Local Read Blocks": 0,
                  "Local Dirtied Blocks": 0,
                  "Local Written Blocks": 0,
                  "Temp Read Blocks": 0,
                  "Temp Written Blocks": 0,
                  "Plans": [
                    {
                      "Node Type": "Index Only Scan",
                      "Parent Relationship": "Outer",
                      "Parallel Aware": false,
                      "Async Capable": false,
                      "Scan Direction": "Forward",
                      "Index Name": "learning_recent_submission",
                      "Relation Name": "assessment_attempts",
                      "Alias": "assessment_attempts",
                      "Startup Cost": 0.14,
                      "Total Cost": 8.16,
                      "Plan Rows": 1,
                      "Plan Width": 24,
                      "Actual Startup Time": 0.002,
                      "Actual Total Time": 0.002,
                      "Actual Rows": 1,
                      "Actual Loops": 1,
                      "Index Cond": "(owner_user_id = '85d11b43-3fcc-4d0c-a90a-3d4d7358efb1'::uuid)",
                      "Rows Removed by Index Recheck": 0,
                      "Heap Fetches": 1,
                      "Shared Hit Blocks": 2,
                      "Shared Read Blocks": 0,
                      "Shared Dirtied Blocks": 0,
                      "Shared Written Blocks": 0,
                      "Local Hit Blocks": 0,
                      "Local Read Blocks": 0,
                      "Local Dirtied Blocks": 0,
                      "Local Written Blocks": 0,
                      "Temp Read Blocks": 0,
                      "Temp Written Blocks": 0
                    }
                  ]
                },
                {
                  "Node Type": "Hash Join",
                  "Parent Relationship": "InitPlan",
                  "Subplan Name": "CTE available_units",
                  "Parallel Aware": false,
                  "Async Capable": false,
                  "Join Type": "Inner",
                  "Startup Cost": 942.56,
                  "Total Cost": 1330.15,
                  "Plan Rows": 2550,
                  "Plan Width": 22,
                  "Actual Startup Time": 0.577,
                  "Actual Total Time": 1.302,
                  "Actual Rows": 4000,
                  "Actual Loops": 1,
                  "Inner Unique": true,
                  "Hash Cond": "((uv.id = m_1.id) AND (uv.version = m_1.version))",
                  "Shared Hit Blocks": 210,
                  "Shared Read Blocks": 0,
                  "Shared Dirtied Blocks": 0,
                  "Shared Written Blocks": 0,
                  "Local Hit Blocks": 0,
                  "Local Read Blocks": 0,
                  "Local Dirtied Blocks": 0,
                  "Local Written Blocks": 0,
                  "Temp Read Blocks": 0,
                  "Temp Written Blocks": 0,
                  "Plans": [
                    {
                      "Node Type": "Merge Join",
                      "Parent Relationship": "Outer",
                      "Parallel Aware": false,
                      "Async Capable": false,
                      "Join Type": "Anti",
                      "Startup Cost": 0.41,
                      "Total Cost": 366.46,
                      "Plan Rows": 4100,
                      "Plan Width": 22,
                      "Actual Startup Time": 0.003,
                      "Actual Total Time": 0.381,
                      "Actual Rows": 4100,
                      "Actual Loops": 1,
                      "Inner Unique": false,
                      "Merge Cond": "((uv.id = w_1.target_id) AND (uv.version = w_1.target_version))",
                      "Join Filter": "(w_1.sha256 = uv.sha256)",
                      "Rows Removed by Join Filter": 0,
                      "Shared Hit Blocks": 70,
                      "Shared Read Blocks": 0,
                      "Shared Dirtied Blocks": 0,
                      "Shared Written Blocks": 0,
                      "Local Hit Blocks": 0,
                      "Local Read Blocks": 0,
                      "Local Dirtied Blocks": 0,
                      "Local Written Blocks": 0,
                      "Temp Read Blocks": 0,
                      "Temp Written Blocks": 0,
                      "Plans": [
                        {
                          "Node Type": "Index Only Scan",
                          "Parent Relationship": "Outer",
                          "Parallel Aware": false,
                          "Async Capable": false,
                          "Scan Direction": "Forward",
                          "Index Name": "learning_unit_identity_sha",
                          "Relation Name": "unit_versions",
                          "Alias": "uv",
                          "Startup Cost": 0.28,
                          "Total Cost": 333.78,
                          "Plan Rows": 4100,
                          "Plan Width": 87,
                          "Actual Startup Time": 0.001,
                          "Actual Total Time": 0.206,
                          "Actual Rows": 4100,
                          "Actual Loops": 1,
                          "Heap Fetches": 0,
                          "Shared Hit Blocks": 68,
                          "Shared Read Blocks": 0,
                          "Shared Dirtied Blocks": 0,
                          "Shared Written Blocks": 0,
                          "Local Hit Blocks": 0,
                          "Local Read Blocks": 0,
                          "Local Dirtied Blocks": 0,
                          "Local Written Blocks": 0,
                          "Temp Read Blocks": 0,
                          "Temp Written Blocks": 0
                        },
                        {
                          "Node Type": "Index Scan",
                          "Parent Relationship": "Inner",
                          "Parallel Aware": false,
                          "Async Capable": false,
                          "Scan Direction": "Forward",
                          "Index Name": "content_withdrawal_version",
                          "Relation Name": "content_withdrawals",
                          "Alias": "w_1",
                          "Startup Cost": 0.12,
                          "Total Cost": 12.15,
                          "Plan Rows": 2,
                          "Plan Width": 68,
                          "Actual Startup Time": 0.001,
                          "Actual Total Time": 0.001,
                          "Actual Rows": 0,
                          "Actual Loops": 1,
                          "Index Cond": "(kind = 'unit'::text)",
                          "Rows Removed by Index Recheck": 0,
                          "Shared Hit Blocks": 2,
                          "Shared Read Blocks": 0,
                          "Shared Dirtied Blocks": 0,
                          "Shared Written Blocks": 0,
                          "Local Hit Blocks": 0,
                          "Local Read Blocks": 0,
                          "Local Dirtied Blocks": 0,
                          "Local Written Blocks": 0,
                          "Temp Read Blocks": 0,
                          "Temp Written Blocks": 0
                        }
                      ]
                    },
                    {
                      "Node Type": "Hash",
                      "Parent Relationship": "Inner",
                      "Parallel Aware": false,
                      "Async Capable": false,
                      "Startup Cost": 882.25,
                      "Total Cost": 882.25,
                      "Plan Rows": 3994,
                      "Plan Width": 21,
                      "Actual Startup Time": 0.572,
                      "Actual Total Time": 0.573,
                      "Actual Rows": 4000,
                      "Actual Loops": 1,
                      "Hash Buckets": 4096,
                      "Original Hash Buckets": 4096,
                      "Hash Batches": 1,
                      "Original Hash Batches": 1,
                      "Peak Memory Usage": 251,
                      "Shared Hit Blocks": 140,
                      "Shared Read Blocks": 0,
                      "Shared Dirtied Blocks": 0,
                      "Shared Written Blocks": 0,
                      "Local Hit Blocks": 0,
                      "Local Read Blocks": 0,
                      "Local Dirtied Blocks": 0,
                      "Local Written Blocks": 0,
                      "Temp Read Blocks": 0,
                      "Temp Written Blocks": 0,
                      "Plans": [
                        {
                          "Node Type": "Bitmap Heap Scan",
                          "Parent Relationship": "Outer",
                          "Parallel Aware": false,
                          "Async Capable": false,
                          "Relation Name": "publication_members",
                          "Alias": "m_1",
                          "Startup Cost": 317.35,
                          "Total Cost": 882.25,
                          "Plan Rows": 3994,
                          "Plan Width": 21,
                          "Actual Startup Time": 0.097,
                          "Actual Total Time": 0.363,
                          "Actual Rows": 4000,
                          "Actual Loops": 1,
                          "Recheck Cond": "((snapshot_id = '8c2e4743-ff9f-4ebf-80c9-71693dcb0687'::text) AND (kind = 'unit'::text))",
                          "Rows Removed by Index Recheck": 0,
                          "Filter": "(availability = 'active'::text)",
                          "Rows Removed by Filter": 0,
                          "Exact Heap Blocks": 62,
                          "Lossy Heap Blocks": 0,
                          "Shared Hit Blocks": 140,
                          "Shared Read Blocks": 0,
                          "Shared Dirtied Blocks": 0,
                          "Shared Written Blocks": 0,
                          "Local Hit Blocks": 0,
                          "Local Read Blocks": 0,
                          "Local Dirtied Blocks": 0,
                          "Local Written Blocks": 0,
                          "Temp Read Blocks": 0,
                          "Temp Written Blocks": 0,
                          "Plans": [
                            {
                              "Node Type": "Bitmap Index Scan",
                              "Parent Relationship": "Outer",
                              "Parallel Aware": false,
                              "Async Capable": false,
                              "Index Name": "publication_members_pkey",
                              "Startup Cost": 0.00,
                              "Total Cost": 316.35,
                              "Plan Rows": 3994,
                              "Plan Width": 0,
                              "Actual Startup Time": 0.093,
                              "Actual Total Time": 0.093,
                              "Actual Rows": 4000,
                              "Actual Loops": 1,
                              "Index Cond": "((snapshot_id = '8c2e4743-ff9f-4ebf-80c9-71693dcb0687'::text) AND (kind = 'unit'::text))",
                              "Shared Hit Blocks": 78,
                              "Shared Read Blocks": 0,
                              "Shared Dirtied Blocks": 0,
                              "Shared Written Blocks": 0,
                              "Local Hit Blocks": 0,
                              "Local Read Blocks": 0,
                              "Local Dirtied Blocks": 0,
                              "Local Written Blocks": 0,
                              "Temp Read Blocks": 0,
                              "Temp Written Blocks": 0
                            }
                          ]
                        }
                      ]
                    }
                  ]
                },
                {
                  "Node Type": "Nested Loop",
                  "Parent Relationship": "InitPlan",
                  "Subplan Name": "CTE available_assets",
                  "Parallel Aware": false,
                  "Async Capable": false,
                  "Join Type": "Anti",
                  "Startup Cost": 284.81,
                  "Total Cost": 805.94,
                  "Plan Rows": 5,
                  "Plan Width": 82,
                  "Actual Startup Time": 0.309,
                  "Actual Total Time": 0.696,
                  "Actual Rows": 1000,
                  "Actual Loops": 1,
                  "Inner Unique": false,
                  "Shared Hit Blocks": 2140,
                  "Shared Read Blocks": 0,
                  "Shared Dirtied Blocks": 0,
                  "Shared Written Blocks": 0,
                  "Local Hit Blocks": 0,
                  "Local Read Blocks": 0,
                  "Local Dirtied Blocks": 0,
                  "Local Written Blocks": 0,
                  "Temp Read Blocks": 0,
                  "Temp Written Blocks": 0,
                  "Plans": [
                    {
                      "Node Type": "Hash Join",
                      "Parent Relationship": "Outer",
                      "Parallel Aware": false,
                      "Async Capable": false,
                      "Join Type": "Inner",
                      "Startup Cost": 284.69,
                      "Total Cost": 804.96,
                      "Plan Rows": 5,
                      "Plan Width": 82,
                      "Actual Startup Time": 0.308,
                      "Actual Total Time": 0.484,
                      "Actual Rows": 1000,
                      "Actual Loops": 1,
                      "Inner Unique": true,
                      "Hash Cond": "((m_2.package_id = pm.package_id) AND (m_2.package_version = pm.package_version) AND (m_2.id = pm.id))",
                      "Shared Hit Blocks": 140,
                      "Shared Read Blocks": 0,
                      "Shared Dirtied Blocks": 0,
                      "Shared Written Blocks": 0,
                      "Local Hit Blocks": 0,
                      "Local Read Blocks": 0,
                      "Local Dirtied Blocks": 0,
                      "Local Written Blocks": 0,
                      "Temp Read Blocks": 0,
                      "Temp Written Blocks": 0,
                      "Plans": [
                        {
                          "Node Type": "Bitmap Heap Scan",
                          "Parent Relationship": "Outer",
                          "Parallel Aware": false,
                          "Async Capable": false,
                          "Relation Name": "publication_members",
                          "Alias": "m_2",
                          "Startup Cost": 82.62,
                          "Total Cost": 595.05,
                          "Plan Rows": 996,
                          "Plan Width": 36,
                          "Actual Startup Time": 0.029,
                          "Actual Total Time": 0.096,
                          "Actual Rows": 1000,
                          "Actual Loops": 1,
                          "Recheck Cond": "((snapshot_id = '8c2e4743-ff9f-4ebf-80c9-71693dcb0687'::text) AND (kind = 'asset'::text))",
                          "Rows Removed by Index Recheck": 0,
                          "Filter": "(availability = 'active'::text)",
                          "Rows Removed by Filter": 0,
                          "Exact Heap Blocks": 20,
                          "Lossy Heap Blocks": 0,
                          "Shared Hit Blocks": 42,
                          "Shared Read Blocks": 0,
                          "Shared Dirtied Blocks": 0,
                          "Shared Written Blocks": 0,
                          "Local Hit Blocks": 0,
                          "Local Read Blocks": 0,
                          "Local Dirtied Blocks": 0,
                          "Local Written Blocks": 0,
                          "Temp Read Blocks": 0,
                          "Temp Written Blocks": 0,
                          "Plans": [
                            {
                              "Node Type": "Bitmap Index Scan",
                              "Parent Relationship": "Outer",
                              "Parallel Aware": false,
                              "Async Capable": false,
                              "Index Name": "publication_members_pkey",
                              "Startup Cost": 0.00,
                              "Total Cost": 82.37,
                              "Plan Rows": 996,
                              "Plan Width": 0,
                              "Actual Startup Time": 0.026,
                              "Actual Total Time": 0.027,
                              "Actual Rows": 1000,
                              "Actual Loops": 1,
                              "Index Cond": "((snapshot_id = '8c2e4743-ff9f-4ebf-80c9-71693dcb0687'::text) AND (kind = 'asset'::text))",
                              "Shared Hit Blocks": 22,
                              "Shared Read Blocks": 0,
                              "Shared Dirtied Blocks": 0,
                              "Shared Written Blocks": 0,
                              "Local Hit Blocks": 0,
                              "Local Read Blocks": 0,
                              "Local Dirtied Blocks": 0,
                              "Local Written Blocks": 0,
                              "Temp Read Blocks": 0,
                              "Temp Written Blocks": 0
                            }
                          ]
                        },
                        {
                          "Node Type": "Hash",
                          "Parent Relationship": "Inner",
                          "Parallel Aware": false,
                          "Async Capable": false,
                          "Startup Cost": 183.38,
                          "Total Cost": 183.38,
                          "Plan Rows": 1068,
                          "Plan Width": 101,
                          "Actual Startup Time": 0.277,
                          "Actual Total Time": 0.277,
                          "Actual Rows": 1068,
                          "Actual Loops": 1,
                          "Hash Buckets": 2048,
                          "Original Hash Buckets": 2048,
                          "Hash Batches": 1,
                          "Original Hash Batches": 1,
                          "Peak Memory Usage": 154,
                          "Shared Hit Blocks": 98,
                          "Shared Read Blocks": 0,
                          "Shared Dirtied Blocks": 0,
                          "Shared Written Blocks": 0,
                          "Local Hit Blocks": 0,
                          "Local Read Blocks": 0,
                          "Local Dirtied Blocks": 0,
                          "Local Written Blocks": 0,
                          "Temp Read Blocks": 0,
                          "Temp Written Blocks": 0,
                          "Plans": [
                            {
                              "Node Type": "Seq Scan",
                              "Parent Relationship": "Outer",
                              "Parallel Aware": false,
                              "Async Capable": false,
                              "Relation Name": "package_members",
                              "Alias": "pm",
                              "Startup Cost": 0.00,
                              "Total Cost": 183.38,
                              "Plan Rows": 1068,
                              "Plan Width": 101,
                              "Actual Startup Time": 0.002,
                              "Actual Total Time": 0.206,
                              "Actual Rows": 1068,
                              "Actual Loops": 1,
                              "Filter": "(kind = 'asset'::text)",
                              "Rows Removed by Filter": 5762,
                              "Shared Hit Blocks": 98,
                              "Shared Read Blocks": 0,
                              "Shared Dirtied Blocks": 0,
                              "Shared Written Blocks": 0,
                              "Local Hit Blocks": 0,
                              "Local Read Blocks": 0,
                              "Local Dirtied Blocks": 0,
                              "Local Written Blocks": 0,
                              "Temp Read Blocks": 0,
                              "Temp Written Blocks": 0
                            }
                          ]
                        }
                      ]
                    },
                    {
                      "Node Type": "Index Only Scan",
                      "Parent Relationship": "Inner",
                      "Parallel Aware": false,
                      "Async Capable": false,
                      "Scan Direction": "Forward",
                      "Index Name": "content_withdrawal_asset",
                      "Relation Name": "content_withdrawals",
                      "Alias": "w_2",
                      "Startup Cost": 0.12,
                      "Total Cost": 0.18,
                      "Plan Rows": 1,
                      "Plan Width": 32,
                      "Actual Startup Time": 0.000,
                      "Actual Total Time": 0.000,
                      "Actual Rows": 0,
                      "Actual Loops": 1000,
                      "Index Cond": "(sha256 = pm.asset_sha256)",
                      "Rows Removed by Index Recheck": 0,
                      "Heap Fetches": 0,
                      "Shared Hit Blocks": 2000,
                      "Shared Read Blocks": 0,
                      "Shared Dirtied Blocks": 0,
                      "Shared Written Blocks": 0,
                      "Local Hit Blocks": 0,
                      "Local Read Blocks": 0,
                      "Local Dirtied Blocks": 0,
                      "Local Written Blocks": 0,
                      "Temp Read Blocks": 0,
                      "Temp Written Blocks": 0
                    }
                  ]
                },
                {
                  "Node Type": "Nested Loop",
                  "Parent Relationship": "Outer",
                  "Parallel Aware": false,
                  "Async Capable": false,
                  "Join Type": "Anti",
                  "Startup Cost": 6.54,
                  "Total Cost": 140.29,
                  "Plan Rows": 1,
                  "Plan Width": 271,
                  "Actual Startup Time": 2.974,
                  "Actual Total Time": 50.873,
                  "Actual Rows": 999,
                  "Actual Loops": 1,
                  "Inner Unique": false,
                  "Shared Hit Blocks": 109607,
                  "Shared Read Blocks": 0,
                  "Shared Dirtied Blocks": 0,
                  "Shared Written Blocks": 0,
                  "Local Hit Blocks": 0,
                  "Local Read Blocks": 0,
                  "Local Dirtied Blocks": 0,
                  "Local Written Blocks": 0,
                  "Temp Read Blocks": 0,
                  "Temp Written Blocks": 0,
                  "Plans": [
                    {
                      "Node Type": "Nested Loop",
                      "Parent Relationship": "Outer",
                      "Parallel Aware": false,
                      "Async Capable": false,
                      "Join Type": "Left",
                      "Startup Cost": 5.97,
                      "Total Cost": 115.00,
                      "Plan Rows": 1,
                      "Plan Width": 238,
                      "Actual Startup Time": 2.955,
                      "Actual Total Time": 47.447,
                      "Actual Rows": 999,
                      "Actual Loops": 1,
                      "Inner Unique": false,
                      "Shared Hit Blocks": 104606,
                      "Shared Read Blocks": 0,
                      "Shared Dirtied Blocks": 0,
                      "Shared Written Blocks": 0,
                      "Local Hit Blocks": 0,
                      "Local Read Blocks": 0,
                      "Local Dirtied Blocks": 0,
                      "Local Written Blocks": 0,
                      "Temp Read Blocks": 0,
                      "Temp Written Blocks": 0,
                      "Plans": [
                        {
                          "Node Type": "Nested Loop",
                          "Parent Relationship": "Outer",
                          "Parallel Aware": false,
                          "Async Capable": false,
                          "Join Type": "Left",
                          "Startup Cost": 1.66,
                          "Total Cost": 110.67,
                          "Plan Rows": 1,
                          "Plan Width": 230,
                          "Actual Startup Time": 2.950,
                          "Actual Total Time": 45.853,
                          "Actual Rows": 999,
                          "Actual Loops": 1,
                          "Inner Unique": true,
                          "Shared Hit Blocks": 101608,
                          "Shared Read Blocks": 0,
                          "Shared Dirtied Blocks": 0,
                          "Shared Written Blocks": 0,
                          "Local Hit Blocks": 0,
                          "Local Read Blocks": 0,
                          "Local Dirtied Blocks": 0,
                          "Local Written Blocks": 0,
                          "Temp Read Blocks": 0,
                          "Temp Written Blocks": 0,
                          "Plans": [
                            {
                              "Node Type": "Nested Loop",
                              "Parent Relationship": "Outer",
                              "Parallel Aware": false,
                              "Async Capable": false,
                              "Join Type": "Inner",
                              "Startup Cost": 1.38,
                              "Total Cost": 108.73,
                              "Plan Rows": 1,
                              "Plan Width": 222,
                              "Actual Startup Time": 2.946,
                              "Actual Total Time": 45.161,
                              "Actual Rows": 999,
                              "Actual Loops": 1,
                              "Inner Unique": true,
                              "Join Filter": "((m.review_id = rd.id) AND (rd.submission_id = qs.id) AND (qs.frozen_digest = rd.frozen_digest))",
                              "Rows Removed by Join Filter": 0,
                              "Shared Hit Blocks": 99601,
                              "Shared Read Blocks": 0,
                              "Shared Dirtied Blocks": 0,
                              "Shared Written Blocks": 0,
                              "Local Hit Blocks": 0,
                              "Local Read Blocks": 0,
                              "Local Dirtied Blocks": 0,
                              "Local Written Blocks": 0,
                              "Temp Read Blocks": 0,
                              "Temp Written Blocks": 0,
                              "Plans": [
                                {
                                  "Node Type": "Nested Loop",
                                  "Parent Relationship": "Outer",
                                  "Parallel Aware": false,
                                  "Async Capable": false,
                                  "Join Type": "Inner",
                                  "Startup Cost": 1.24,
                                  "Total Cost": 108.55,
                                  "Plan Rows": 1,
                                  "Plan Width": 351,
                                  "Actual Startup Time": 2.944,
                                  "Actual Total Time": 44.680,
                                  "Actual Rows": 999,
                                  "Actual Loops": 1,
                                  "Inner Unique": true,
                                  "Join Filter": "(qs.id = m.submission_id)",
                                  "Rows Removed by Join Filter": 10989,
                                  "Shared Hit Blocks": 97603,
                                  "Shared Read Blocks": 0,
                                  "Shared Dirtied Blocks": 0,
                                  "Shared Written Blocks": 0,
                                  "Local Hit Blocks": 0,
                                  "Local Read Blocks": 0,
                                  "Local Dirtied Blocks": 0,
                                  "Local Written Blocks": 0,
                                  "Temp Read Blocks": 0,
                                  "Temp Written Blocks": 0,
                                  "Plans": [
                                    {
                                      "Node Type": "Nested Loop",
                                      "Parent Relationship": "Outer",
                                      "Parallel Aware": false,
                                      "Async Capable": false,
                                      "Join Type": "Inner",
                                      "Startup Cost": 1.24,
                                      "Total Cost": 107.07,
                                      "Plan Rows": 1,
                                      "Plan Width": 270,
                                      "Actual Startup Time": 2.940,
                                      "Actual Total Time": 43.100,
                                      "Actual Rows": 999,
                                      "Actual Loops": 1,
                                      "Inner Unique": true,
                                      "Join Filter": "((i.id = m.id) AND (i.version = m.version) AND (i.sha256 = m.sha256))",
                                      "Rows Removed by Join Filter": 0,
                                      "Shared Hit Blocks": 96604,
                                      "Shared Read Blocks": 0,
                                      "Shared Dirtied Blocks": 0,
                                      "Shared Written Blocks": 0,
                                      "Local Hit Blocks": 0,
                                      "Local Read Blocks": 0,
                                      "Local Dirtied Blocks": 0,
                                      "Local Written Blocks": 0,
                                      "Temp Read Blocks": 0,
                                      "Temp Written Blocks": 0,
                                      "Plans": [
                                        {
                                          "Node Type": "Nested Loop",
                                          "Parent Relationship": "Outer",
                                          "Parallel Aware": false,
                                          "Async Capable": false,
                                          "Join Type": "Inner",
                                          "Startup Cost": 0.83,
                                          "Total Cost": 26.83,
                                          "Plan Rows": 1,
                                          "Plan Width": 249,
                                          "Actual Startup Time": 0.010,
                                          "Actual Total Time": 15.396,
                                          "Actual Rows": 9999,
                                          "Actual Loops": 1,
                                          "Inner Unique": true,
                                          "Shared Hit Blocks": 41252,
                                          "Shared Read Blocks": 0,
                                          "Shared Dirtied Blocks": 0,
                                          "Shared Written Blocks": 0,
                                          "Local Hit Blocks": 0,
                                          "Local Read Blocks": 0,
                                          "Local Dirtied Blocks": 0,
                                          "Local Written Blocks": 0,
                                          "Temp Read Blocks": 0,
                                          "Temp Written Blocks": 0,
                                          "Plans": [
                                            {
                                              "Node Type": "Index Scan",
                                              "Parent Relationship": "Outer",
                                              "Parallel Aware": false,
                                              "Async Capable": false,
                                              "Scan Direction": "Forward",
                                              "Index Name": "question_member_history",
                                              "Relation Name": "question_publication_members",
                                              "Alias": "m",
                                              "Startup Cost": 0.41,
                                              "Total Cost": 18.38,
                                              "Plan Rows": 1,
                                              "Plan Width": 100,
                                              "Actual Startup Time": 0.005,
                                              "Actual Total Time": 1.378,
                                              "Actual Rows": 9999,
                                              "Actual Loops": 1,
                                              "Index Cond": "((kind = 'instance'::text) AND (publication_id = '535a9771-bf9b-4d7b-ad3d-7bb565596ed7'::uuid))",
                                              "Rows Removed by Index Recheck": 0,
                                              "Shared Hit Blocks": 1256,
                                              "Shared Read Blocks": 0,
                                              "Shared Dirtied Blocks": 0,
                                              "Shared Written Blocks": 0,
                                              "Local Hit Blocks": 0,
                                              "Local Read Blocks": 0,
                                              "Local Dirtied Blocks": 0,
                                              "Local Written Blocks": 0,
                                              "Temp Read Blocks": 0,
                                              "Temp Written Blocks": 0
                                            },
                                            {
                                              "Node Type": "Index Scan",
                                              "Parent Relationship": "Inner",
                                              "Parallel Aware": false,
                                              "Async Capable": false,
                                              "Scan Direction": "Forward",
                                              "Index Name": "question_submission_members_pkey",
                                              "Relation Name": "question_submission_members",
                                              "Alias": "sm",
                                              "Startup Cost": 0.41,
                                              "Total Cost": 8.44,
                                              "Plan Rows": 1,
                                              "Plan Width": 149,
                                              "Actual Startup Time": 0.001,
                                              "Actual Total Time": 0.001,
                                              "Actual Rows": 1,
                                              "Actual Loops": 9999,
                                              "Index Cond": "((submission_id = m.submission_id) AND (kind = 'instance'::text) AND (id = m.id))",
                                              "Rows Removed by Index Recheck": 0,
                                              "Filter": "((m.version = version) AND (sha256 = m.sha256))",
                                              "Rows Removed by Filter": 0,
                                              "Shared Hit Blocks": 39996,
                                              "Shared Read Blocks": 0,
                                              "Shared Dirtied Blocks": 0,
                                              "Shared Written Blocks": 0,
                                              "Local Hit Blocks": 0,
                                              "Local Read Blocks": 0,
                                              "Local Dirtied Blocks": 0,
                                              "Local Written Blocks": 0,
                                              "Temp Read Blocks": 0,
                                              "Temp Written Blocks": 0
                                            }
                                          ]
                                        },
                                        {
                                          "Node Type": "Index Scan",
                                          "Parent Relationship": "Inner",
                                          "Parallel Aware": false,
                                          "Async Capable": false,
                                          "Scan Direction": "Forward",
                                          "Index Name": "question_instances_pkey",
                                          "Relation Name": "question_instances",
                                          "Alias": "i",
                                          "Startup Cost": 0.41,
                                          "Total Cost": 80.23,
                                          "Plan Rows": 1,
                                          "Plan Width": 222,
                                          "Actual Startup Time": 0.003,
                                          "Actual Total Time": 0.003,
                                          "Actual Rows": 0,
                                          "Actual Loops": 9999,
                                          "Index Cond": "((id = sm.id) AND (version = sm.version))",
                                          "Rows Removed by Index Recheck": 0,
                                          "Filter": "(sealed AND (knowledge_id = 'capacity-k-0000'::text) AND (knowledge_version = 1) AND (sha256 = sm.sha256) AND (NOT EXISTS(SubPlan 13)) AND ((template_id IS NULL) OR (ANY ((template_id = (hashed SubPlan 9).col1) AND (template_version = (hashed SubPlan 9).col2) AND (template_sha256 = (hashed SubPlan 9).col3)))) AND EXISTS(SubPlan 7) AND (NOT EXISTS(SubPlan 11)))",
                                          "Rows Removed by Filter": 1,
                                          "Shared Hit Blocks": 55352,
                                          "Shared Read Blocks": 0,
                                          "Shared Dirtied Blocks": 0,
                                          "Shared Written Blocks": 0,
                                          "Local Hit Blocks": 0,
                                          "Local Read Blocks": 0,
                                          "Local Dirtied Blocks": 0,
                                          "Local Written Blocks": 0,
                                          "Temp Read Blocks": 0,
                                          "Temp Written Blocks": 0,
                                          "Plans": [
                                            {
                                              "Node Type": "Function Scan",
                                              "Parent Relationship": "SubPlan",
                                              "Subplan Name": "SubPlan 13",
                                              "Parallel Aware": false,
                                              "Async Capable": false,
                                              "Function Name": "jsonb_array_elements",
                                              "Alias": "a",
                                              "Startup Cost": 0.12,
                                              "Total Cost": 2.12,
                                              "Plan Rows": 50,
                                              "Plan Width": 0,
                                              "Actual Startup Time": 0.003,
                                              "Actual Total Time": 0.003,
                                              "Actual Rows": 0,
                                              "Actual Loops": 999,
                                              "Filter": "((ANY (((value ->> 'id'::text) = (hashed SubPlan 12).col1) AND ((value ->> 'sha256'::text) = (hashed SubPlan 12).col2))) IS NOT TRUE)",
                                              "Rows Removed by Filter": 1,
                                              "Shared Hit Blocks": 5137,
                                              "Shared Read Blocks": 0,
                                              "Shared Dirtied Blocks": 0,
                                              "Shared Written Blocks": 0,
                                              "Local Hit Blocks": 0,
                                              "Local Read Blocks": 0,
                                              "Local Dirtied Blocks": 0,
                                              "Local Written Blocks": 0,
                                              "Temp Read Blocks": 0,
                                              "Temp Written Blocks": 0,
                                              "Plans": [
                                                {
                                                  "Node Type": "CTE Scan",
                                                  "Parent Relationship": "SubPlan",
                                                  "Subplan Name": "SubPlan 12",
                                                  "Parallel Aware": false,
                                                  "Async Capable": false,
                                                  "CTE Name": "available_assets",
                                                  "Alias": "available_assets",
                                                  "Startup Cost": 0.00,
                                                  "Total Cost": 0.10,
                                                  "Plan Rows": 5,
                                                  "Plan Width": 64,
                                                  "Actual Startup Time": 0.310,
                                                  "Actual Total Time": 0.774,
                                                  "Actual Rows": 1000,
                                                  "Actual Loops": 1,
                                                  "Shared Hit Blocks": 2140,
                                                  "Shared Read Blocks": 0,
                                                  "Shared Dirtied Blocks": 0,
                                                  "Shared Written Blocks": 0,
                                                  "Local Hit Blocks": 0,
                                                  "Local Read Blocks": 0,
                                                  "Local Dirtied Blocks": 0,
                                                  "Local Written Blocks": 0,
                                                  "Temp Read Blocks": 0,
                                                  "Temp Written Blocks": 0
                                                }
                                              ]
                                            },
                                            {
                                              "Node Type": "Index Scan",
                                              "Parent Relationship": "SubPlan",
                                              "Subplan Name": "SubPlan 9",
                                              "Parallel Aware": false,
                                              "Async Capable": false,
                                              "Scan Direction": "Forward",
                                              "Index Name": "question_publication_members_pkey",
                                              "Relation Name": "question_publication_members",
                                              "Alias": "tm",
                                              "Startup Cost": 0.41,
                                              "Total Cost": 8.43,
                                              "Plan Rows": 1,
                                              "Plan Width": 68,
                                              "Actual Startup Time": 0.004,
                                              "Actual Total Time": 0.027,
                                              "Actual Rows": 200,
                                              "Actual Loops": 1,
                                              "Index Cond": "((publication_id = '535a9771-bf9b-4d7b-ad3d-7bb565596ed7'::uuid) AND (kind = 'template'::text))",
                                              "Rows Removed by Index Recheck": 0,
                                              "Shared Hit Blocks": 19,
                                              "Shared Read Blocks": 0,
                                              "Shared Dirtied Blocks": 0,
                                              "Shared Written Blocks": 0,
                                              "Local Hit Blocks": 0,
                                              "Local Read Blocks": 0,
                                              "Local Dirtied Blocks": 0,
                                              "Local Written Blocks": 0,
                                              "Temp Read Blocks": 0,
                                              "Temp Written Blocks": 0
                                            },
                                            {
                                              "Node Type": "Bitmap Heap Scan",
                                              "Parent Relationship": "SubPlan",
                                              "Subplan Name": "SubPlan 7",
                                              "Parallel Aware": false,
                                              "Async Capable": false,
                                              "Relation Name": "question_blueprint_sources",
                                              "Alias": "bs",
                                              "Startup Cost": 8.86,
                                              "Total Cost": 12.89,
                                              "Plan Rows": 1,
                                              "Plan Width": 0,
                                              "Actual Startup Time": 0.004,
                                              "Actual Total Time": 0.004,
                                              "Actual Rows": 1,
                                              "Actual Loops": 999,
                                              "Recheck Cond": "(((blueprint_id = 'lc-blueprint-0-0'::text) AND (blueprint_version = 1) AND (kind = 'instance'::text) AND (id = i.id)) OR ((blueprint_id = 'lc-blueprint-0-0'::text) AND (blueprint_version = 1) AND (kind = 'template'::text) AND (id = i.template_id)))",
                                              "Rows Removed by Index Recheck": 0,
                                              "Filter": "(((kind = 'instance'::text) AND (id = i.id) AND (version = i.version)) OR ((kind = 'template'::text) AND (id = i.template_id) AND (version = i.template_version)))",
                                              "Rows Removed by Filter": 0,
                                              "Exact Heap Blocks": 999,
                                              "Lossy Heap Blocks": 0,
                                              "Shared Hit Blocks": 6993,
                                              "Shared Read Blocks": 0,
                                              "Shared Dirtied Blocks": 0,
                                              "Shared Written Blocks": 0,
                                              "Local Hit Blocks": 0,
                                              "Local Read Blocks": 0,
                                              "Local Dirtied Blocks": 0,
                                              "Local Written Blocks": 0,
                                              "Temp Read Blocks": 0,
                                              "Temp Written Blocks": 0,
                                              "Plans": [
                                                {
                                                  "Node Type": "BitmapOr",
                                                  "Parent Relationship": "Outer",
                                                  "Parallel Aware": false,
                                                  "Async Capable": false,
                                                  "Startup Cost": 8.86,
                                                  "Total Cost": 8.86,
                                                  "Plan Rows": 1,
                                                  "Plan Width": 0,
                                                  "Actual Startup Time": 0.004,
                                                  "Actual Total Time": 0.004,
                                                  "Actual Rows": 0,
                                                  "Actual Loops": 999,
                                                  "Shared Hit Blocks": 5994,
                                                  "Shared Read Blocks": 0,
                                                  "Shared Dirtied Blocks": 0,
                                                  "Shared Written Blocks": 0,
                                                  "Local Hit Blocks": 0,
                                                  "Local Read Blocks": 0,
                                                  "Local Dirtied Blocks": 0,
                                                  "Local Written Blocks": 0,
                                                  "Temp Read Blocks": 0,
                                                  "Temp Written Blocks": 0,
                                                  "Plans": [
                                                    {
                                                      "Node Type": "Bitmap Index Scan",
                                                      "Parent Relationship": "Member",
                                                      "Parallel Aware": false,
                                                      "Async Capable": false,
                                                      "Index Name": "question_blueprint_sources_pkey",
                                                      "Startup Cost": 0.00,
                                                      "Total Cost": 4.43,
                                                      "Plan Rows": 1,
                                                      "Plan Width": 0,
                                                      "Actual Startup Time": 0.002,
                                                      "Actual Total Time": 0.002,
                                                      "Actual Rows": 0,
                                                      "Actual Loops": 999,
                                                      "Index Cond": "((blueprint_id = 'lc-blueprint-0-0'::text) AND (blueprint_version = 1) AND (kind = 'instance'::text) AND (id = i.id))",
                                                      "Shared Hit Blocks": 2997,
                                                      "Shared Read Blocks": 0,
                                                      "Shared Dirtied Blocks": 0,
                                                      "Shared Written Blocks": 0,
                                                      "Local Hit Blocks": 0,
                                                      "Local Read Blocks": 0,
                                                      "Local Dirtied Blocks": 0,
                                                      "Local Written Blocks": 0,
                                                      "Temp Read Blocks": 0,
                                                      "Temp Written Blocks": 0
                                                    },
                                                    {
                                                      "Node Type": "Bitmap Index Scan",
                                                      "Parent Relationship": "Member",
                                                      "Parallel Aware": false,
                                                      "Async Capable": false,
                                                      "Index Name": "question_blueprint_sources_pkey",
                                                      "Startup Cost": 0.00,
                                                      "Total Cost": 4.43,
                                                      "Plan Rows": 1,
                                                      "Plan Width": 0,
                                                      "Actual Startup Time": 0.002,
                                                      "Actual Total Time": 0.002,
                                                      "Actual Rows": 1,
                                                      "Actual Loops": 999,
                                                      "Index Cond": "((blueprint_id = 'lc-blueprint-0-0'::text) AND (blueprint_version = 1) AND (kind = 'template'::text) AND (id = i.template_id))",
                                                      "Shared Hit Blocks": 2997,
                                                      "Shared Read Blocks": 0,
                                                      "Shared Dirtied Blocks": 0,
                                                      "Shared Written Blocks": 0,
                                                      "Local Hit Blocks": 0,
                                                      "Local Read Blocks": 0,
                                                      "Local Dirtied Blocks": 0,
                                                      "Local Written Blocks": 0,
                                                      "Temp Read Blocks": 0,
                                                      "Temp Written Blocks": 0
                                                    }
                                                  ]
                                                }
                                              ]
                                            },
                                            {
                                              "Node Type": "Function Scan",
                                              "Parent Relationship": "SubPlan",
                                              "Subplan Name": "SubPlan 11",
                                              "Parallel Aware": false,
                                              "Async Capable": false,
                                              "Function Name": "jsonb_array_elements",
                                              "Alias": "u",
                                              "Startup Cost": 57.38,
                                              "Total Cost": 59.88,
                                              "Plan Rows": 50,
                                              "Plan Width": 0,
                                              "Actual Startup Time": 0.004,
                                              "Actual Total Time": 0.004,
                                              "Actual Rows": 0,
                                              "Actual Loops": 999,
                                              "Filter": "((ANY (((value ->> 'id'::text) = (hashed SubPlan 10).col1) AND (((value ->> 'version'::text))::integer = (hashed SubPlan 10).col2))) IS NOT TRUE)",
                                              "Rows Removed by Filter": 1,
                                              "Shared Hit Blocks": 3207,
                                              "Shared Read Blocks": 0,
                                              "Shared Dirtied Blocks": 0,
                                              "Shared Written Blocks": 0,
                                              "Local Hit Blocks": 0,
                                              "Local Read Blocks": 0,
                                              "Local Dirtied Blocks": 0,
                                              "Local Written Blocks": 0,
                                              "Temp Read Blocks": 0,
                                              "Temp Written Blocks": 0,
                                              "Plans": [
                                                {
                                                  "Node Type": "CTE Scan",
                                                  "Parent Relationship": "SubPlan",
                                                  "Subplan Name": "SubPlan 10",
                                                  "Parallel Aware": false,
                                                  "Async Capable": false,
                                                  "CTE Name": "available_units",
                                                  "Alias": "available_units",
                                                  "Startup Cost": 0.00,
                                                  "Total Cost": 51.00,
                                                  "Plan Rows": 2550,
                                                  "Plan Width": 36,
                                                  "Actual Startup Time": 0.577,
                                                  "Actual Total Time": 1.581,
                                                  "Actual Rows": 4000,
                                                  "Actual Loops": 1,
                                                  "Shared Hit Blocks": 210,
                                                  "Shared Read Blocks": 0,
                                                  "Shared Dirtied Blocks": 0,
                                                  "Shared Written Blocks": 0,
                                                  "Local Hit Blocks": 0,
                                                  "Local Read Blocks": 0,
                                                  "Local Dirtied Blocks": 0,
                                                  "Local Written Blocks": 0,
                                                  "Temp Read Blocks": 0,
                                                  "Temp Written Blocks": 0
                                                }
                                              ]
                                            }
                                          ]
                                        }
                                      ]
                                    },
                                    {
                                      "Node Type": "Seq Scan",
                                      "Parent Relationship": "Inner",
                                      "Parallel Aware": false,
                                      "Async Capable": false,
                                      "Relation Name": "question_submissions",
                                      "Alias": "qs",
                                      "Startup Cost": 0.00,
                                      "Total Cost": 1.24,
                                      "Plan Rows": 19,
                                      "Plan Width": 81,
                                      "Actual Startup Time": 0.000,
                                      "Actual Total Time": 0.001,
                                      "Actual Rows": 12,
                                      "Actual Loops": 999,
                                      "Filter": "(sealed AND (status = 'approved'::text))",
                                      "Rows Removed by Filter": 0,
                                      "Shared Hit Blocks": 999,
                                      "Shared Read Blocks": 0,
                                      "Shared Dirtied Blocks": 0,
                                      "Shared Written Blocks": 0,
                                      "Local Hit Blocks": 0,
                                      "Local Read Blocks": 0,
                                      "Local Dirtied Blocks": 0,
                                      "Local Written Blocks": 0,
                                      "Temp Read Blocks": 0,
                                      "Temp Written Blocks": 0
                                    }
                                  ]
                                },
                                {
                                  "Node Type": "Index Scan",
                                  "Parent Relationship": "Inner",
                                  "Parallel Aware": false,
                                  "Async Capable": false,
                                  "Scan Direction": "Forward",
                                  "Index Name": "question_review_decisions_submission_id_key",
                                  "Relation Name": "question_review_decisions",
                                  "Alias": "rd",
                                  "Startup Cost": 0.15,
                                  "Total Cost": 0.17,
                                  "Plan Rows": 1,
                                  "Plan Width": 64,
                                  "Actual Startup Time": 0.000,
                                  "Actual Total Time": 0.000,
                                  "Actual Rows": 1,
                                  "Actual Loops": 999,
                                  "Index Cond": "(submission_id = sm.submission_id)",
                                  "Rows Removed by Index Recheck": 0,
                                  "Filter": "(decision = 'approve'::text)",
                                  "Rows Removed by Filter": 0,
                                  "Shared Hit Blocks": 1998,
                                  "Shared Read Blocks": 0,
                                  "Shared Dirtied Blocks": 0,
                                  "Shared Written Blocks": 0,
                                  "Local Hit Blocks": 0,
                                  "Local Read Blocks": 0,
                                  "Local Dirtied Blocks": 0,
                                  "Local Written Blocks": 0,
                                  "Temp Read Blocks": 0,
                                  "Temp Written Blocks": 0
                                }
                              ]
                            },
                            {
                              "Node Type": "Index Scan",
                              "Parent Relationship": "Inner",
                              "Parallel Aware": false,
                              "Async Capable": false,
                              "Scan Direction": "Forward",
                              "Index Name": "learner_question_views_pkey",
                              "Relation Name": "learner_question_views",
                              "Alias": "v",
                              "Startup Cost": 0.28,
                              "Total Cost": 1.38,
                              "Plan Rows": 1,
                              "Plan Width": 76,
                              "Actual Startup Time": 0.001,
                              "Actual Total Time": 0.001,
                              "Actual Rows": 0,
                              "Actual Loops": 999,
                              "Index Cond": "((owner_user_id = '85d11b43-3fcc-4d0c-a90a-3d4d7358efb1'::uuid) AND (instance_id = i.id) AND (instance_version = i.version) AND (instance_sha256 = i.sha256))",
                              "Rows Removed by Index Recheck": 0,
                              "Shared Hit Blocks": 2007,
                              "Shared Read Blocks": 0,
                              "Shared Dirtied Blocks": 0,
                              "Shared Written Blocks": 0,
                              "Local Hit Blocks": 0,
                              "Local Read Blocks": 0,
                              "Local Dirtied Blocks": 0,
                              "Local Written Blocks": 0,
                              "Temp Read Blocks": 0,
                              "Temp Written Blocks": 0
                            }
                          ]
                        },
                        {
                          "Node Type": "Result",
                          "Parent Relationship": "Inner",
                          "Parallel Aware": false,
                          "Async Capable": false,
                          "Startup Cost": 4.31,
                          "Total Cost": 4.32,
                          "Plan Rows": 1,
                          "Plan Width": 8,
                          "Actual Startup Time": 0.001,
                          "Actual Total Time": 0.001,
                          "Actual Rows": 1,
                          "Actual Loops": 999,
                          "Shared Hit Blocks": 2998,
                          "Shared Read Blocks": 0,
                          "Shared Dirtied Blocks": 0,
                          "Shared Written Blocks": 0,
                          "Local Hit Blocks": 0,
                          "Local Read Blocks": 0,
                          "Local Dirtied Blocks": 0,
                          "Local Written Blocks": 0,
                          "Temp Read Blocks": 0,
                          "Temp Written Blocks": 0,
                          "Plans": [
                            {
                              "Node Type": "Limit",
                              "Parent Relationship": "InitPlan",
                              "Subplan Name": "InitPlan 14",
                              "Parallel Aware": false,
                              "Async Capable": false,
                              "Startup Cost": 0.27,
                              "Total Cost": 4.31,
                              "Plan Rows": 1,
                              "Plan Width": 8,
                              "Actual Startup Time": 0.001,
                              "Actual Total Time": 0.001,
                              "Actual Rows": 0,
                              "Actual Loops": 999,
                              "Shared Hit Blocks": 2998,
                              "Shared Read Blocks": 0,
                              "Shared Dirtied Blocks": 0,
                              "Shared Written Blocks": 0,
                              "Local Hit Blocks": 0,
                              "Local Read Blocks": 0,
                              "Local Dirtied Blocks": 0,
                              "Local Written Blocks": 0,
                              "Temp Read Blocks": 0,
                              "Temp Written Blocks": 0,
                              "Plans": [
                                {
                                  "Node Type": "Index Only Scan",
                                  "Parent Relationship": "Outer",
                                  "Parallel Aware": false,
                                  "Async Capable": false,
                                  "Scan Direction": "Backward",
                                  "Index Name": "learning_exposure_reverse",
                                  "Relation Name": "learner_answer_exposures",
                                  "Alias": "e",
                                  "Startup Cost": 0.27,
                                  "Total Cost": 4.31,
                                  "Plan Rows": 1,
                                  "Plan Width": 8,
                                  "Actual Startup Time": 0.001,
                                  "Actual Total Time": 0.001,
                                  "Actual Rows": 0,
                                  "Actual Loops": 999,
                                  "Index Cond": "(owner_user_id = '85d11b43-3fcc-4d0c-a90a-3d4d7358efb1'::uuid)",
                                  "Rows Removed by Index Recheck": 0,
                                  "Filter": "(((kind = 'instance'::text) AND (id = i.id) AND (version = i.version) AND (sha256 = i.sha256)) OR ((kind = 'template'::text) AND (id = i.template_id) AND (version = i.template_version) AND (sha256 = i.template_sha256)))",
                                  "Rows Removed by Filter": 10,
                                  "Heap Fetches": 9949,
                                  "Shared Hit Blocks": 2998,
                                  "Shared Read Blocks": 0,
                                  "Shared Dirtied Blocks": 0,
                                  "Shared Written Blocks": 0,
                                  "Local Hit Blocks": 0,
                                  "Local Read Blocks": 0,
                                  "Local Dirtied Blocks": 0,
                                  "Local Written Blocks": 0,
                                  "Temp Read Blocks": 0,
                                  "Temp Written Blocks": 0
                                }
                              ]
                            }
                          ]
                        }
                      ]
                    },
                    {
                      "Node Type": "Bitmap Heap Scan",
                      "Parent Relationship": "Inner",
                      "Parallel Aware": false,
                      "Async Capable": false,
                      "Relation Name": "question_withdrawals",
                      "Alias": "w",
                      "Startup Cost": 0.57,
                      "Total Cost": 4.61,
                      "Plan Rows": 1,
                      "Plan Width": 100,
                      "Actual Startup Time": 0.001,
                      "Actual Total Time": 0.001,
                      "Actual Rows": 0,
                      "Actual Loops": 999,
                      "Recheck Cond": "(((kind = 'instance'::text) AND (target_id = i.id) AND (target_version = i.version)) OR ((kind = 'template'::text) AND (target_id = i.template_id) AND (target_version = i.template_version)))",
                      "Rows Removed by Index Recheck": 0,
                      "Filter": "(((kind = 'instance'::text) AND (target_id = i.id) AND (target_version = i.version) AND (sha256 = i.sha256)) OR ((kind = 'template'::text) AND (target_id = i.template_id) AND (target_version = i.template_version) AND (sha256 = i.template_sha256)))",
                      "Rows Removed by Filter": 0,
                      "Exact Heap Blocks": 0,
                      "Lossy Heap Blocks": 0,
                      "Shared Hit Blocks": 1998,
                      "Shared Read Blocks": 0,
                      "Shared Dirtied Blocks": 0,
                      "Shared Written Blocks": 0,
                      "Local Hit Blocks": 0,
                      "Local Read Blocks": 0,
                      "Local Dirtied Blocks": 0,
                      "Local Written Blocks": 0,
                      "Temp Read Blocks": 0,
                      "Temp Written Blocks": 0,
                      "Plans": [
                        {
                          "Node Type": "BitmapOr",
                          "Parent Relationship": "Outer",
                          "Parallel Aware": false,
                          "Async Capable": false,
                          "Startup Cost": 0.57,
                          "Total Cost": 0.57,
                          "Plan Rows": 1,
                          "Plan Width": 0,
                          "Actual Startup Time": 0.001,
                          "Actual Total Time": 0.001,
                          "Actual Rows": 0,
                          "Actual Loops": 999,
                          "Shared Hit Blocks": 1998,
                          "Shared Read Blocks": 0,
                          "Shared Dirtied Blocks": 0,
                          "Shared Written Blocks": 0,
                          "Local Hit Blocks": 0,
                          "Local Read Blocks": 0,
                          "Local Dirtied Blocks": 0,
                          "Local Written Blocks": 0,
                          "Temp Read Blocks": 0,
                          "Temp Written Blocks": 0,
                          "Plans": [
                            {
                              "Node Type": "Bitmap Index Scan",
                              "Parent Relationship": "Member",
                              "Parallel Aware": false,
                              "Async Capable": false,
                              "Index Name": "question_withdrawals_kind_target_id_target_version_key",
                              "Startup Cost": 0.00,
                              "Total Cost": 0.29,
                              "Plan Rows": 1,
                              "Plan Width": 0,
                              "Actual Startup Time": 0.000,
                              "Actual Total Time": 0.000,
                              "Actual Rows": 0,
                              "Actual Loops": 999,
                              "Index Cond": "((kind = 'instance'::text) AND (target_id = i.id) AND (target_version = i.version))",
                              "Shared Hit Blocks": 999,
                              "Shared Read Blocks": 0,
                              "Shared Dirtied Blocks": 0,
                              "Shared Written Blocks": 0,
                              "Local Hit Blocks": 0,
                              "Local Read Blocks": 0,
                              "Local Dirtied Blocks": 0,
                              "Local Written Blocks": 0,
                              "Temp Read Blocks": 0,
                              "Temp Written Blocks": 0
                            },
                            {
                              "Node Type": "Bitmap Index Scan",
                              "Parent Relationship": "Member",
                              "Parallel Aware": false,
                              "Async Capable": false,
                              "Index Name": "question_withdrawals_kind_target_id_target_version_key",
                              "Startup Cost": 0.00,
                              "Total Cost": 0.29,
                              "Plan Rows": 1,
                              "Plan Width": 0,
                              "Actual Startup Time": 0.000,
                              "Actual Total Time": 0.000,
                              "Actual Rows": 0,
                              "Actual Loops": 999,
                              "Index Cond": "((kind = 'template'::text) AND (target_id = i.template_id) AND (target_version = i.template_version))",
                              "Shared Hit Blocks": 999,
                              "Shared Read Blocks": 0,
                              "Shared Dirtied Blocks": 0,
                              "Shared Written Blocks": 0,
                              "Local Hit Blocks": 0,
                              "Local Read Blocks": 0,
                              "Local Dirtied Blocks": 0,
                              "Local Written Blocks": 0,
                              "Temp Read Blocks": 0,
                              "Temp Written Blocks": 0
                            }
                          ]
                        }
                      ]
                    },
                    {
                      "Node Type": "Aggregate",
                      "Strategy": "Plain",
                      "Partial Mode": "Simple",
                      "Parent Relationship": "SubPlan",
                      "Subplan Name": "SubPlan 4",
                      "Parallel Aware": false,
                      "Async Capable": false,
                      "Startup Cost": 4.44,
                      "Total Cost": 4.45,
                      "Plan Rows": 1,
                      "Plan Width": 32,
                      "Actual Startup Time": 0.002,
                      "Actual Total Time": 0.002,
                      "Actual Rows": 1,
                      "Actual Loops": 999,
                      "Shared Hit Blocks": 2998,
                      "Shared Read Blocks": 0,
                      "Shared Dirtied Blocks": 0,
                      "Shared Written Blocks": 0,
                      "Local Hit Blocks": 0,
                      "Local Read Blocks": 0,
                      "Local Dirtied Blocks": 0,
                      "Local Written Blocks": 0,
                      "Temp Read Blocks": 0,
                      "Temp Written Blocks": 0,
                      "Plans": [
                        {
                          "Node Type": "Index Only Scan",
                          "Parent Relationship": "Outer",
                          "Parallel Aware": false,
                          "Async Capable": false,
                          "Scan Direction": "Forward",
                          "Index Name": "learning_coverage_knowledge",
                          "Relation Name": "question_instance_coverage",
                          "Alias": "c",
                          "Startup Cost": 0.41,
                          "Total Cost": 4.43,
                          "Plan Rows": 1,
                          "Plan Width": 4,
                          "Actual Startup Time": 0.002,
                          "Actual Total Time": 0.002,
                          "Actual Rows": 1,
                          "Actual Loops": 999,
                          "Index Cond": "((knowledge_id = 'capacity-k-0000'::text) AND (knowledge_version = 1) AND (instance_id = i.id) AND (instance_version = i.version))",
                          "Rows Removed by Index Recheck": 0,
                          "Heap Fetches": 0,
                          "Shared Hit Blocks": 2998,
                          "Shared Read Blocks": 0,
                          "Shared Dirtied Blocks": 0,
                          "Shared Written Blocks": 0,
                          "Local Hit Blocks": 0,
                          "Local Read Blocks": 0,
                          "Local Dirtied Blocks": 0,
                          "Local Written Blocks": 0,
                          "Temp Read Blocks": 0,
                          "Temp Written Blocks": 0
                        }
                      ]
                    },
                    {
                      "Node Type": "Nested Loop",
                      "Parent Relationship": "SubPlan",
                      "Subplan Name": "SubPlan 6",
                      "Parallel Aware": false,
                      "Async Capable": false,
                      "Join Type": "Inner",
                      "Startup Cost": 4.17,
                      "Total Cost": 11.33,
                      "Plan Rows": 3,
                      "Plan Width": 68,
                      "Actual Startup Time": 0.006,
                      "Actual Total Time": 0.007,
                      "Actual Rows": 5,
                      "Actual Loops": 1,
                      "Inner Unique": false,
                      "Shared Hit Blocks": 5,
                      "Shared Read Blocks": 0,
                      "Shared Dirtied Blocks": 0,
                      "Shared Written Blocks": 0,
                      "Local Hit Blocks": 0,
                      "Local Read Blocks": 0,
                      "Local Dirtied Blocks": 0,
                      "Local Written Blocks": 0,
                      "Temp Read Blocks": 0,
                      "Temp Written Blocks": 0,
                      "Plans": [
                        {
                          "Node Type": "CTE Scan",
                          "Parent Relationship": "Outer",
                          "Parallel Aware": false,
                          "Async Capable": false,
                          "CTE Name": "recent",
                          "Alias": "r",
                          "Startup Cost": 0.00,
                          "Total Cost": 0.02,
                          "Plan Rows": 1,
                          "Plan Width": 16,
                          "Actual Startup Time": 0.002,
                          "Actual Total Time": 0.003,
                          "Actual Rows": 1,
                          "Actual Loops": 1,
                          "Shared Hit Blocks": 2,
                          "Shared Read Blocks": 0,
                          "Shared Dirtied Blocks": 0,
                          "Shared Written Blocks": 0,
                          "Local Hit Blocks": 0,
                          "Local Read Blocks": 0,
                          "Local Dirtied Blocks": 0,
                          "Local Written Blocks": 0,
                          "Temp Read Blocks": 0,
                          "Temp Written Blocks": 0
                        },
                        {
                          "Node Type": "Bitmap Heap Scan",
                          "Parent Relationship": "Inner",
                          "Parallel Aware": false,
                          "Async Capable": false,
                          "Relation Name": "assessment_items",
                          "Alias": "ai",
                          "Startup Cost": 4.17,
                          "Total Cost": 11.28,
                          "Plan Rows": 3,
                          "Plan Width": 84,
                          "Actual Startup Time": 0.003,
                          "Actual Total Time": 0.004,
                          "Actual Rows": 5,
                          "Actual Loops": 1,
                          "Recheck Cond": "(attempt_id = r.id)",
                          "Rows Removed by Index Recheck": 0,
                          "Exact Heap Blocks": 2,
                          "Lossy Heap Blocks": 0,
                          "Shared Hit Blocks": 3,
                          "Shared Read Blocks": 0,
                          "Shared Dirtied Blocks": 0,
                          "Shared Written Blocks": 0,
                          "Local Hit Blocks": 0,
                          "Local Read Blocks": 0,
                          "Local Dirtied Blocks": 0,
                          "Local Written Blocks": 0,
                          "Temp Read Blocks": 0,
                          "Temp Written Blocks": 0,
                          "Plans": [
                            {
                              "Node Type": "Bitmap Index Scan",
                              "Parent Relationship": "Outer",
                              "Parallel Aware": false,
                              "Async Capable": false,
                              "Index Name": "assessment_items_attempt_id_position_instance_id_instance_v_key",
                              "Startup Cost": 0.00,
                              "Total Cost": 4.17,
                              "Plan Rows": 3,
                              "Plan Width": 0,
                              "Actual Startup Time": 0.001,
                              "Actual Total Time": 0.002,
                              "Actual Rows": 5,
                              "Actual Loops": 1,
                              "Index Cond": "(attempt_id = r.id)",
                              "Shared Hit Blocks": 1,
                              "Shared Read Blocks": 0,
                              "Shared Dirtied Blocks": 0,
                              "Shared Written Blocks": 0,
                              "Local Hit Blocks": 0,
                              "Local Read Blocks": 0,
                              "Local Dirtied Blocks": 0,
                              "Local Written Blocks": 0,
                              "Temp Read Blocks": 0,
                              "Temp Written Blocks": 0
                            }
                          ]
                        }
                      ]
                    }
                  ]
                }
              ]
            },
            "Planning": {
              "Shared Hit Blocks": 24,
              "Shared Read Blocks": 0,
              "Shared Dirtied Blocks": 0,
              "Shared Written Blocks": 0,
              "Local Hit Blocks": 0,
              "Local Read Blocks": 0,
              "Local Dirtied Blocks": 0,
              "Local Written Blocks": 0,
              "Temp Read Blocks": 0,
              "Temp Written Blocks": 0
            },
            "Planning Time": 2.809,
            "Triggers": [
            ],
            "Execution Time": 51.018
          }
        ]
    learning_capacity_test.go:387: LEARNING_CAPACITY SQLSUMMARY private-five-bodies actualRows=5 executionMs=2.502000 sharedHits=938 sharedReads=0
    learning_capacity_test.go:387: LEARNING_CAPACITY SQLPLAN private-five-bodies [
          {
            "Plan": {
              "Node Type": "Sort",
              "Parallel Aware": false,
              "Async Capable": false,
              "Startup Cost": 28.62,
              "Total Cost": 28.63,
              "Plan Rows": 1,
              "Plan Width": 1017,
              "Actual Startup Time": 2.484,
              "Actual Total Time": 2.485,
              "Actual Rows": 5,
              "Actual Loops": 1,
              "Sort Key": ["r.\"position\""],
              "Sort Method": "quicksort",
              "Sort Space Used": 31,
              "Sort Space Type": "Memory",
              "Shared Hit Blocks": 938,
              "Shared Read Blocks": 0,
              "Shared Dirtied Blocks": 0,
              "Shared Written Blocks": 0,
              "Local Hit Blocks": 0,
              "Local Read Blocks": 0,
              "Local Dirtied Blocks": 0,
              "Local Written Blocks": 0,
              "Temp Read Blocks": 0,
              "Temp Written Blocks": 0,
              "Plans": [
                {
                  "Node Type": "Nested Loop",
                  "Parent Relationship": "Outer",
                  "Parallel Aware": false,
                  "Async Capable": false,
                  "Join Type": "Inner",
                  "Startup Cost": 9.71,
                  "Total Cost": 28.61,
                  "Plan Rows": 1,
                  "Plan Width": 1017,
                  "Actual Startup Time": 2.454,
                  "Actual Total Time": 2.481,
                  "Actual Rows": 5,
                  "Actual Loops": 1,
                  "Inner Unique": true,
                  "Join Filter": "((s.id = m.submission_id) AND (s.frozen_digest = rd.frozen_digest))",
                  "Rows Removed by Join Filter": 0,
                  "Shared Hit Blocks": 938,
                  "Shared Read Blocks": 0,
                  "Shared Dirtied Blocks": 0,
                  "Shared Written Blocks": 0,
                  "Local Hit Blocks": 0,
                  "Local Read Blocks": 0,
                  "Local Dirtied Blocks": 0,
                  "Local Written Blocks": 0,
                  "Temp Read Blocks": 0,
                  "Temp Written Blocks": 0,
                  "Plans": [
                    {
                      "Node Type": "Nested Loop",
                      "Parent Relationship": "Outer",
                      "Parallel Aware": false,
                      "Async Capable": false,
                      "Join Type": "Inner",
                      "Startup Cost": 9.57,
                      "Total Cost": 28.44,
                      "Plan Rows": 1,
                      "Plan Width": 1097,
                      "Actual Startup Time": 2.453,
                      "Actual Total Time": 2.478,
                      "Actual Rows": 5,
                      "Actual Loops": 1,
                      "Inner Unique": true,
                      "Join Filter": "((m.review_id = rd.id) AND (rd.submission_id = m.submission_id))",
                      "Rows Removed by Join Filter": 0,
                      "Shared Hit Blocks": 928,
                      "Shared Read Blocks": 0,
                      "Shared Dirtied Blocks": 0,
                      "Shared Written Blocks": 0,
                      "Local Hit Blocks": 0,
                      "Local Read Blocks": 0,
                      "Local Dirtied Blocks": 0,
                      "Local Written Blocks": 0,
                      "Temp Read Blocks": 0,
                      "Temp Written Blocks": 0,
                      "Plans": [
                        {
                          "Node Type": "Nested Loop",
                          "Parent Relationship": "Outer",
                          "Parallel Aware": false,
                          "Async Capable": false,
                          "Join Type": "Inner",
                          "Startup Cost": 9.42,
                          "Total Cost": 28.26,
                          "Plan Rows": 1,
                          "Plan Width": 1065,
                          "Actual Startup Time": 2.451,
                          "Actual Total Time": 2.474,
                          "Actual Rows": 5,
                          "Actual Loops": 1,
                          "Inner Unique": false,
                          "Shared Hit Blocks": 918,
                          "Shared Read Blocks": 0,
                          "Shared Dirtied Blocks": 0,
                          "Shared Written Blocks": 0,
                          "Local Hit Blocks": 0,
                          "Local Read Blocks": 0,
                          "Local Dirtied Blocks": 0,
                          "Local Written Blocks": 0,
                          "Temp Read Blocks": 0,
                          "Temp Written Blocks": 0,
                          "Plans": [
                            {
                              "Node Type": "Nested Loop",
                              "Parent Relationship": "Outer",
                              "Parallel Aware": false,
                              "Async Capable": false,
                              "Join Type": "Inner",
                              "Startup Cost": 9.28,
                              "Total Cost": 20.08,
                              "Plan Rows": 1,
                              "Plan Width": 1081,
                              "Actual Startup Time": 2.449,
                              "Actual Total Time": 2.470,
                              "Actual Rows": 5,
                              "Actual Loops": 1,
                              "Inner Unique": true,
                              "Join Filter": "((i.id = m.id) AND (i.version = m.version) AND (i.sha256 = m.sha256))",
                              "Rows Removed by Join Filter": 0,
                              "Shared Hit Blocks": 908,
                              "Shared Read Blocks": 0,
                              "Shared Dirtied Blocks": 0,
                              "Shared Written Blocks": 0,
                              "Local Hit Blocks": 0,
                              "Local Read Blocks": 0,
                              "Local Dirtied Blocks": 0,
                              "Local Written Blocks": 0,
                              "Temp Read Blocks": 0,
                              "Temp Written Blocks": 0,
                              "Plans": [
                                {
                                  "Node Type": "Nested Loop",
                                  "Parent Relationship": "Outer",
                                  "Parallel Aware": false,
                                  "Async Capable": false,
                                  "Join Type": "Inner",
                                  "Startup Cost": 8.87,
                                  "Total Cost": 18.75,
                                  "Plan Rows": 1,
                                  "Plan Width": 333,
                                  "Actual Startup Time": 2.445,
                                  "Actual Total Time": 2.456,
                                  "Actual Rows": 5,
                                  "Actual Loops": 1,
                                  "Inner Unique": true,
                                  "Shared Hit Blocks": 888,
                                  "Shared Read Blocks": 0,
                                  "Shared Dirtied Blocks": 0,
                                  "Shared Written Blocks": 0,
                                  "Local Hit Blocks": 0,
                                  "Local Read Blocks": 0,
                                  "Local Dirtied Blocks": 0,
                                  "Local Written Blocks": 0,
                                  "Temp Read Blocks": 0,
                                  "Temp Written Blocks": 0,
                                  "Plans": [
                                    {
                                      "Node Type": "Hash Join",
                                      "Parent Relationship": "Outer",
                                      "Parallel Aware": false,
                                      "Async Capable": false,
                                      "Join Type": "Inner",
                                      "Startup Cost": 8.45,
                                      "Total Cost": 10.30,
                                      "Plan Rows": 1,
                                      "Plan Width": 184,
                                      "Actual Startup Time": 2.440,
                                      "Actual Total Time": 2.443,
                                      "Actual Rows": 5,
                                      "Actual Loops": 1,
                                      "Inner Unique": true,
                                      "Hash Cond": "(((r.instance ->> 'id'::text) = m.id) AND (((r.instance ->> 'version'::text))::integer = m.version) AND ((r.instance ->> 'sha256'::text) = m.sha256))",
                                      "Shared Hit Blocks": 868,
                                      "Shared Read Blocks": 0,
                                      "Shared Dirtied Blocks": 0,
                                      "Shared Written Blocks": 0,
                                      "Local Hit Blocks": 0,
                                      "Local Read Blocks": 0,
                                      "Local Dirtied Blocks": 0,
                                      "Local Written Blocks": 0,
                                      "Temp Read Blocks": 0,
                                      "Temp Written Blocks": 0,
                                      "Plans": [
                                        {
                                          "Node Type": "Function Scan",
                                          "Parent Relationship": "Outer",
                                          "Parallel Aware": false,
                                          "Async Capable": false,
                                          "Function Name": "jsonb_to_recordset",
                                          "Alias": "r",
                                          "Startup Cost": 0.00,
                                          "Total Cost": 1.00,
                                          "Plan Rows": 100,
                                          "Plan Width": 36,
                                          "Actual Startup Time": 0.003,
                                          "Actual Total Time": 0.003,
                                          "Actual Rows": 5,
                                          "Actual Loops": 1,
                                          "Shared Hit Blocks": 0,
                                          "Shared Read Blocks": 0,
                                          "Shared Dirtied Blocks": 0,
                                          "Shared Written Blocks": 0,
                                          "Local Hit Blocks": 0,
                                          "Local Read Blocks": 0,
                                          "Local Dirtied Blocks": 0,
                                          "Local Written Blocks": 0,
                                          "Temp Read Blocks": 0,
                                          "Temp Written Blocks": 0
                                        },
                                        {
                                          "Node Type": "Hash",
                                          "Parent Relationship": "Inner",
                                          "Parallel Aware": false,
                                          "Async Capable": false,
                                          "Startup Cost": 8.43,
                                          "Total Cost": 8.43,
                                          "Plan Rows": 1,
                                          "Plan Width": 148,
                                          "Actual Startup Time": 2.434,
                                          "Actual Total Time": 2.434,
                                          "Actual Rows": 10000,
                                          "Actual Loops": 1,
                                          "Hash Buckets": 16384,
                                          "Original Hash Buckets": 1024,
                                          "Hash Batches": 1,
                                          "Original Hash Batches": 1,
                                          "Peak Memory Usage": 4435,
                                          "Shared Hit Blocks": 868,
                                          "Shared Read Blocks": 0,
                                          "Shared Dirtied Blocks": 0,
                                          "Shared Written Blocks": 0,
                                          "Local Hit Blocks": 0,
                                          "Local Read Blocks": 0,
                                          "Local Dirtied Blocks": 0,
                                          "Local Written Blocks": 0,
                                          "Temp Read Blocks": 0,
                                          "Temp Written Blocks": 0,
                                          "Plans": [
                                            {
                                              "Node Type": "Index Scan",
                                              "Parent Relationship": "Outer",
                                              "Parallel Aware": false,
                                              "Async Capable": false,
                                              "Scan Direction": "Forward",
                                              "Index Name": "question_publication_members_pkey",
                                              "Relation Name": "question_publication_members",
                                              "Alias": "m",
                                              "Startup Cost": 0.41,
                                              "Total Cost": 8.43,
                                              "Plan Rows": 1,
                                              "Plan Width": 148,
                                              "Actual Startup Time": 0.007,
                                              "Actual Total Time": 1.179,
                                              "Actual Rows": 10000,
                                              "Actual Loops": 1,
                                              "Index Cond": "((publication_id = 'f4f0e698-6c39-4e2b-80dd-0d926acb32d2'::uuid) AND (kind = 'instance'::text))",
                                              "Rows Removed by Index Recheck": 0,
                                              "Shared Hit Blocks": 868,
                                              "Shared Read Blocks": 0,
                                              "Shared Dirtied Blocks": 0,
                                              "Shared Written Blocks": 0,
                                              "Local Hit Blocks": 0,
                                              "Local Read Blocks": 0,
                                              "Local Dirtied Blocks": 0,
                                              "Local Written Blocks": 0,
                                              "Temp Read Blocks": 0,
                                              "Temp Written Blocks": 0
                                            }
                                          ]
                                        }
                                      ]
                                    },
                                    {
                                      "Node Type": "Index Scan",
                                      "Parent Relationship": "Inner",
                                      "Parallel Aware": false,
                                      "Async Capable": false,
                                      "Scan Direction": "Forward",
                                      "Index Name": "question_submission_members_pkey",
                                      "Relation Name": "question_submission_members",
                                      "Alias": "sm",
                                      "Startup Cost": 0.41,
                                      "Total Cost": 8.44,
                                      "Plan Rows": 1,
                                      "Plan Width": 149,
                                      "Actual Startup Time": 0.002,
                                      "Actual Total Time": 0.002,
                                      "Actual Rows": 1,
                                      "Actual Loops": 5,
                                      "Index Cond": "((submission_id = m.submission_id) AND (kind = 'instance'::text) AND (id = m.id))",
                                      "Rows Removed by Index Recheck": 0,
                                      "Filter": "((m.version = version) AND (sha256 = m.sha256))",
                                      "Rows Removed by Filter": 0,
                                      "Shared Hit Blocks": 20,
                                      "Shared Read Blocks": 0,
                                      "Shared Dirtied Blocks": 0,
                                      "Shared Written Blocks": 0,
                                      "Local Hit Blocks": 0,
                                      "Local Read Blocks": 0,
                                      "Local Dirtied Blocks": 0,
                                      "Local Written Blocks": 0,
                                      "Temp Read Blocks": 0,
                                      "Temp Written Blocks": 0
                                    }
                                  ]
                                },
                                {
                                  "Node Type": "Index Scan",
                                  "Parent Relationship": "Inner",
                                  "Parallel Aware": false,
                                  "Async Capable": false,
                                  "Scan Direction": "Forward",
                                  "Index Name": "question_instances_pkey",
                                  "Relation Name": "question_instances",
                                  "Alias": "i",
                                  "Startup Cost": 0.41,
                                  "Total Cost": 1.31,
                                  "Plan Rows": 1,
                                  "Plan Width": 1053,
                                  "Actual Startup Time": 0.002,
                                  "Actual Total Time": 0.002,
                                  "Actual Rows": 1,
                                  "Actual Loops": 5,
                                  "Index Cond": "((id = sm.id) AND (version = sm.version))",
                                  "Rows Removed by Index Recheck": 0,
                                  "Filter": "(sealed AND (sha256 = sm.sha256))",
                                  "Rows Removed by Filter": 0,
                                  "Shared Hit Blocks": 20,
                                  "Shared Read Blocks": 0,
                                  "Shared Dirtied Blocks": 0,
                                  "Shared Written Blocks": 0,
                                  "Local Hit Blocks": 0,
                                  "Local Read Blocks": 0,
                                  "Local Dirtied Blocks": 0,
                                  "Local Written Blocks": 0,
                                  "Temp Read Blocks": 0,
                                  "Temp Written Blocks": 0
                                }
                              ]
                            },
                            {
                              "Node Type": "Index Scan",
                              "Parent Relationship": "Inner",
                              "Parallel Aware": false,
                              "Async Capable": false,
                              "Scan Direction": "Forward",
                              "Index Name": "question_publications_pkey",
                              "Relation Name": "question_publications",
                              "Alias": "p",
                              "Startup Cost": 0.14,
                              "Total Cost": 8.16,
                              "Plan Rows": 1,
                              "Plan Width": 16,
                              "Actual Startup Time": 0.001,
                              "Actual Total Time": 0.001,
                              "Actual Rows": 1,
                              "Actual Loops": 5,
                              "Index Cond": "(id = 'f4f0e698-6c39-4e2b-80dd-0d926acb32d2'::uuid)",
                              "Rows Removed by Index Recheck": 0,
                              "Filter": "(sealed AND (status = 'published'::text))",
                              "Rows Removed by Filter": 0,
                              "Shared Hit Blocks": 10,
                              "Shared Read Blocks": 0,
                              "Shared Dirtied Blocks": 0,
                              "Shared Written Blocks": 0,
                              "Local Hit Blocks": 0,
                              "Local Read Blocks": 0,
                              "Local Dirtied Blocks": 0,
                              "Local Written Blocks": 0,
                              "Temp Read Blocks": 0,
                              "Temp Written Blocks": 0
                            }
                          ]
                        },
                        {
                          "Node Type": "Index Scan",
                          "Parent Relationship": "Inner",
                          "Parallel Aware": false,
                          "Async Capable": false,
                          "Scan Direction": "Forward",
                          "Index Name": "question_review_decisions_submission_id_key",
                          "Relation Name": "question_review_decisions",
                          "Alias": "rd",
                          "Startup Cost": 0.15,
                          "Total Cost": 0.17,
                          "Plan Rows": 1,
                          "Plan Width": 64,
                          "Actual Startup Time": 0.000,
                          "Actual Total Time": 0.000,
                          "Actual Rows": 1,
                          "Actual Loops": 5,
                          "Index Cond": "(submission_id = sm.submission_id)",
                          "Rows Removed by Index Recheck": 0,
                          "Filter": "(decision = 'approve'::text)",
                          "Rows Removed by Filter": 0,
                          "Shared Hit Blocks": 10,
                          "Shared Read Blocks": 0,
                          "Shared Dirtied Blocks": 0,
                          "Shared Written Blocks": 0,
                          "Local Hit Blocks": 0,
                          "Local Read Blocks": 0,
                          "Local Dirtied Blocks": 0,
                          "Local Written Blocks": 0,
                          "Temp Read Blocks": 0,
                          "Temp Written Blocks": 0
                        }
                      ]
                    },
                    {
                      "Node Type": "Index Scan",
                      "Parent Relationship": "Inner",
                      "Parallel Aware": false,
                      "Async Capable": false,
                      "Scan Direction": "Forward",
                      "Index Name": "question_submissions_pkey",
                      "Relation Name": "question_submissions",
                      "Alias": "s",
                      "Startup Cost": 0.14,
                      "Total Cost": 0.16,
                      "Plan Rows": 1,
                      "Plan Width": 81,
                      "Actual Startup Time": 0.000,
                      "Actual Total Time": 0.000,
                      "Actual Rows": 1,
                      "Actual Loops": 5,
                      "Index Cond": "(id = sm.submission_id)",
                      "Rows Removed by Index Recheck": 0,
                      "Filter": "(sealed AND (status = 'approved'::text))",
                      "Rows Removed by Filter": 0,
                      "Shared Hit Blocks": 10,
                      "Shared Read Blocks": 0,
                      "Shared Dirtied Blocks": 0,
                      "Shared Written Blocks": 0,
                      "Local Hit Blocks": 0,
                      "Local Read Blocks": 0,
                      "Local Dirtied Blocks": 0,
                      "Local Written Blocks": 0,
                      "Temp Read Blocks": 0,
                      "Temp Written Blocks": 0
                    }
                  ]
                }
              ]
            },
            "Planning": {
              "Shared Hit Blocks": 12,
              "Shared Read Blocks": 0,
              "Shared Dirtied Blocks": 0,
              "Shared Written Blocks": 0,
              "Local Hit Blocks": 0,
              "Local Read Blocks": 0,
              "Local Dirtied Blocks": 0,
              "Local Written Blocks": 0,
              "Temp Read Blocks": 0,
              "Temp Written Blocks": 0
            },
            "Planning Time": 2.967,
            "Triggers": [
            ],
            "Execution Time": 2.502
          }
        ]
=== RUN   TestLearningCapacityMaxPool/maximum-shared-two-slots-and-exclusive-lock
    learning_capacity_test.go:436: LEARNING_CAPACITY twoRealHeavyCreations=true differentUsers=true twoSharedSlots=true elapsed=263.396167ms
    learning_capacity_test.go:450: LEARNING_CAPACITY exclusiveLockWait=1.015636166s no-writing-read=true
--- PASS: TestLearningCapacityMaxPool (120.16s)
    --- PASS: TestLearningCapacityMaxPool/maximum-shared-two-slots-and-exclusive-lock (1.28s)
PASS
ok  	github.com/yyl1212/math_master/backend/internal/store	120.547s
