=== RUN   TestLearningCapacityMaxPool
    learning_capacity_test.go:229: LEARNING_CAPACITY actual published knowledge=1000 units=4000 paths=200 assets=1000 templates=200 instances=10000 blueprints=1000 rootCandidates=1000 core=8 directSuccessors=999 actualMaxPathNodes=100
    learning_capacity_test.go:229: LEARNING_CAPACITY approvalProofDifferential=1000 allEqual=true allApproved=true
    learning_capacity_test.go:237: LEARNING_CAPACITY optionsWireBytes=211777
    learning_capacity_test.go:231: LEARNING_CAPACITY 1000-safe-blueprint-options elapsed=312.731708ms allocs=94592 bytes=15685400 heap=39246624 maxRSS=305217536 unit=bytes GOOS=darwin err=<nil>
    learning_capacity_test.go:247: LEARNING_CAPACITY approval100Plan=[
          {
            "Plan": {
              "Node Type": "Hash Join",
              "Parallel Aware": false,
              "Async Capable": false,
              "Join Type": "Inner",
              "Startup Cost": 56.12,
              "Total Cost": 209.79,
              "Plan Rows": 45,
              "Plan Width": 1,
              "Actual Startup Time": 3.045,
              "Actual Total Time": 201.177,
              "Actual Rows": 100,
              "Actual Loops": 1,
              "Inner Unique": true,
              "Hash Cond": "((k.id = pn.knowledge_id) AND (k.version = pn.knowledge_version))",
              "Shared Hit Blocks": 10143,
              "Shared Read Blocks": 5,
              "Shared Dirtied Blocks": 0,
              "Shared Written Blocks": 0,
              "Local Hit Blocks": 0,
              "Local Read Blocks": 0,
              "Local Dirtied Blocks": 0,
              "Local Written Blocks": 0,
              "Temp Read Blocks": 0,
              "Temp Written Blocks": 0,
              "Plans": [
                {
                  "Node Type": "Seq Scan",
                  "Parent Relationship": "Outer",
                  "Parallel Aware": false,
                  "Async Capable": false,
                  "Relation Name": "knowledge_versions",
                  "Alias": "k",
                  "Startup Cost": 0.00,
                  "Total Cost": 137.10,
                  "Plan Rows": 1010,
                  "Plan Width": 85,
                  "Actual Startup Time": 0.002,
                  "Actual Total Time": 0.121,
                  "Actual Rows": 1010,
                  "Actual Loops": 1,
                  "Shared Hit Blocks": 127,
                  "Shared Read Blocks": 0,
                  "Shared Dirtied Blocks": 0,
                  "Shared Written Blocks": 0,
                  "Local Hit Blocks": 0,
                  "Local Read Blocks": 0,
                  "Local Dirtied Blocks": 0,
                  "Local Written Blocks": 0,
                  "Temp Read Blocks": 0,
                  "Temp Written Blocks": 0
                },
                {
                  "Node Type": "Hash",
                  "Parent Relationship": "Inner",
                  "Parallel Aware": false,
                  "Async Capable": false,
                  "Startup Cost": 55.45,
                  "Total Cost": 55.45,
                  "Plan Rows": 45,
                  "Plan Width": 20,
                  "Actual Startup Time": 0.034,
                  "Actual Total Time": 0.034,
                  "Actual Rows": 100,
                  "Actual Loops": 1,
                  "Hash Buckets": 1024,
                  "Original Hash Buckets": 1024,
                  "Hash Batches": 1,
                  "Original Hash Batches": 1,
                  "Peak Memory Usage": 14,
                  "Shared Hit Blocks": 0,
                  "Shared Read Blocks": 5,
                  "Shared Dirtied Blocks": 0,
                  "Shared Written Blocks": 0,
                  "Local Hit Blocks": 0,
                  "Local Read Blocks": 0,
                  "Local Dirtied Blocks": 0,
                  "Local Written Blocks": 0,
                  "Temp Read Blocks": 0,
                  "Temp Written Blocks": 0,
                  "Plans": [
                    {
                      "Node Type": "Bitmap Heap Scan",
                      "Parent Relationship": "Outer",
                      "Parallel Aware": false,
                      "Async Capable": false,
                      "Relation Name": "path_nodes",
                      "Alias": "pn",
                      "Startup Cost": 4.74,
                      "Total Cost": 55.45,
                      "Plan Rows": 45,
                      "Plan Width": 20,
                      "Actual Startup Time": 0.017,
                      "Actual Total Time": 0.026,
                      "Actual Rows": 100,
                      "Actual Loops": 1,
                      "Recheck Cond": "((path_id = 'capacity-p-000'::text) AND (path_version = 2))",
                      "Rows Removed by Index Recheck": 0,
                      "Exact Heap Blocks": 2,
                      "Lossy Heap Blocks": 0,
                      "Shared Hit Blocks": 0,
                      "Shared Read Blocks": 5,
                      "Shared Dirtied Blocks": 0,
                      "Shared Written Blocks": 0,
                      "Local Hit Blocks": 0,
                      "Local Read Blocks": 0,
                      "Local Dirtied Blocks": 0,
                      "Local Written Blocks": 0,
                      "Temp Read Blocks": 0,
                      "Temp Written Blocks": 0,
                      "Plans": [
                        {
                          "Node Type": "Bitmap Index Scan",
                          "Parent Relationship": "Outer",
                          "Parallel Aware": false,
                          "Async Capable": false,
                          "Index Name": "path_nodes_path_id_path_version_knowledge_id_key",
                          "Startup Cost": 0.00,
                          "Total Cost": 4.73,
                          "Plan Rows": 45,
                          "Plan Width": 0,
                          "Actual Startup Time": 0.010,
                          "Actual Total Time": 0.010,
                          "Actual Rows": 100,
                          "Actual Loops": 1,
                          "Index Cond": "((path_id = 'capacity-p-000'::text) AND (path_version = 2))",
                          "Shared Hit Blocks": 0,
                          "Shared Read Blocks": 3,
                          "Shared Dirtied Blocks": 0,
                          "Shared Written Blocks": 0,
                          "Local Hit Blocks": 0,
                          "Local Read Blocks": 0,
                          "Local Dirtied Blocks": 0,
                          "Local Written Blocks": 0,
                          "Temp Read Blocks": 0,
                          "Temp Written Blocks": 0
                        }
                      ]
                    }
                  ]
                }
              ]
            },
            "Planning": {
              "Shared Hit Blocks": 39,
              "Shared Read Blocks": 2,
              "Shared Dirtied Blocks": 0,
              "Shared Written Blocks": 0,
              "Local Hit Blocks": 0,
              "Local Read Blocks": 0,
              "Local Dirtied Blocks": 0,
              "Local Written Blocks": 0,
              "Temp Read Blocks": 0,
              "Temp Written Blocks": 0
            },
            "Planning Time": 0.193,
            "Triggers": [
            ],
            "Execution Time": 201.192
          }
        ]
    learning_capacity_test.go:251: LEARNING_CAPACITY enroll-route-0 elapsed=756.115083ms allocs=33881 bytes=8415576 heap=32275384 maxRSS=305233920 unit=bytes GOOS=darwin err=<nil>
    learning_capacity_test.go:251: LEARNING_CAPACITY enroll-route-1 elapsed=731.900417ms allocs=33670 bytes=8393016 heap=32260296 maxRSS=305233920 unit=bytes GOOS=darwin err=<nil>
    learning_capacity_test.go:251: LEARNING_CAPACITY enroll-route-2 elapsed=725.28375ms allocs=33674 bytes=8392344 heap=32020360 maxRSS=305233920 unit=bytes GOOS=darwin err=<nil>
    learning_capacity_test.go:251: LEARNING_CAPACITY enroll-route-3 elapsed=728.621292ms allocs=33677 bytes=8394360 heap=32035544 maxRSS=305233920 unit=bytes GOOS=darwin err=<nil>
    learning_capacity_test.go:251: LEARNING_CAPACITY enroll-route-4 elapsed=729.065042ms allocs=33682 bytes=8394408 heap=32035512 maxRSS=305233920 unit=bytes GOOS=darwin err=<nil>
    learning_capacity_test.go:251: LEARNING_CAPACITY enroll-route-5 elapsed=731.248208ms allocs=33642 bytes=8342560 heap=31984384 maxRSS=305233920 unit=bytes GOOS=darwin err=<nil>
    learning_capacity_test.go:251: LEARNING_CAPACITY enroll-route-6 elapsed=727.191708ms allocs=33650 bytes=8389144 heap=32032120 maxRSS=305233920 unit=bytes GOOS=darwin err=<nil>
    learning_capacity_test.go:251: LEARNING_CAPACITY enroll-route-7 elapsed=724.579666ms allocs=33637 bytes=8340480 heap=31995680 maxRSS=305233920 unit=bytes GOOS=darwin err=<nil>
    learning_capacity_test.go:251: LEARNING_CAPACITY enroll-route-8 elapsed=726.244958ms allocs=33664 bytes=8346768 heap=31988080 maxRSS=305250304 unit=bytes GOOS=darwin err=<nil>
    learning_capacity_test.go:251: LEARNING_CAPACITY enroll-route-9 elapsed=729.01225ms allocs=33677 bytes=8393496 heap=32035144 maxRSS=305250304 unit=bytes GOOS=darwin err=<nil>
    learning_capacity_test.go:251: LEARNING_CAPACITY enroll-route-10 elapsed=723.060334ms allocs=33641 bytes=8341216 heap=31982704 maxRSS=305250304 unit=bytes GOOS=darwin err=<nil>
    learning_capacity_test.go:251: LEARNING_CAPACITY enroll-route-11 elapsed=726.865709ms allocs=33690 bytes=8396040 heap=32037640 maxRSS=305250304 unit=bytes GOOS=darwin err=<nil>
    learning_capacity_test.go:251: LEARNING_CAPACITY enroll-route-12 elapsed=725.3735ms allocs=33675 bytes=8393560 heap=32035880 maxRSS=305266688 unit=bytes GOOS=darwin err=<nil>
    learning_capacity_test.go:251: LEARNING_CAPACITY enroll-route-13 elapsed=731.69925ms allocs=33639 bytes=8342192 heap=31984464 maxRSS=305299456 unit=bytes GOOS=darwin err=<nil>
    learning_capacity_test.go:251: LEARNING_CAPACITY enroll-route-14 elapsed=722.583875ms allocs=33675 bytes=8395800 heap=32038360 maxRSS=305299456 unit=bytes GOOS=darwin err=<nil>
    learning_capacity_test.go:251: LEARNING_CAPACITY enroll-route-15 elapsed=724.496834ms allocs=33650 bytes=8343216 heap=31998192 maxRSS=305299456 unit=bytes GOOS=darwin err=<nil>
    learning_capacity_test.go:251: LEARNING_CAPACITY enroll-route-16 elapsed=732.957542ms allocs=33683 bytes=8395768 heap=32038664 maxRSS=305299456 unit=bytes GOOS=darwin err=<nil>
    learning_capacity_test.go:251: LEARNING_CAPACITY enroll-route-17 elapsed=773.373125ms allocs=33689 bytes=8396120 heap=32038376 maxRSS=305299456 unit=bytes GOOS=darwin err=<nil>
    learning_capacity_test.go:251: LEARNING_CAPACITY enroll-route-18 elapsed=744.42175ms allocs=33677 bytes=8394504 heap=32037368 maxRSS=305299456 unit=bytes GOOS=darwin err=<nil>
    learning_capacity_test.go:251: LEARNING_CAPACITY enroll-route-19 elapsed=735.679917ms allocs=33632 bytes=8340336 heap=31982672 maxRSS=305299456 unit=bytes GOOS=darwin err=<nil>
    learning_capacity_test.go:251: LEARNING_CAPACITY enroll-route-20 elapsed=134.7465ms allocs=6424 bytes=1472248 heap=25114632 maxRSS=305299456 unit=bytes GOOS=darwin err=<nil>
    learning_capacity_test.go:251: LEARNING_CAPACITY enroll-route-21 elapsed=133.309291ms allocs=6429 bytes=1520720 heap=25163776 maxRSS=305299456 unit=bytes GOOS=darwin err=<nil>
    learning_capacity_test.go:251: LEARNING_CAPACITY enroll-route-22 elapsed=133.274959ms allocs=6422 bytes=1517360 heap=25171776 maxRSS=305299456 unit=bytes GOOS=darwin err=<nil>
    learning_capacity_test.go:251: LEARNING_CAPACITY enroll-route-23 elapsed=132.577375ms allocs=6430 bytes=1521120 heap=25163760 maxRSS=305299456 unit=bytes GOOS=darwin err=<nil>
    learning_capacity_test.go:251: LEARNING_CAPACITY enroll-route-24 elapsed=133.731292ms allocs=6426 bytes=1518984 heap=25149000 maxRSS=305299456 unit=bytes GOOS=darwin err=<nil>
    learning_capacity_test.go:251: LEARNING_CAPACITY enroll-route-25 elapsed=132.761667ms allocs=6440 bytes=1522000 heap=25152064 maxRSS=305299456 unit=bytes GOOS=darwin err=<nil>
    learning_capacity_test.go:251: LEARNING_CAPACITY enroll-route-26 elapsed=132.303959ms allocs=6445 bytes=1522912 heap=25165696 maxRSS=305299456 unit=bytes GOOS=darwin err=<nil>
    learning_capacity_test.go:251: LEARNING_CAPACITY enroll-route-27 elapsed=131.822334ms allocs=6427 bytes=1519984 heap=25163520 maxRSS=305299456 unit=bytes GOOS=darwin err=<nil>
    learning_capacity_test.go:251: LEARNING_CAPACITY enroll-route-28 elapsed=132.7695ms allocs=6421 bytes=1517296 heap=25160160 maxRSS=305299456 unit=bytes GOOS=darwin err=<nil>
    learning_capacity_test.go:251: LEARNING_CAPACITY enroll-route-29 elapsed=132.79475ms allocs=6414 bytes=1472536 heap=25115592 maxRSS=305299456 unit=bytes GOOS=darwin err=<nil>
    learning_capacity_test.go:251: LEARNING_CAPACITY enroll-route-30 elapsed=132.979458ms allocs=6441 bytes=1522256 heap=25165456 maxRSS=305299456 unit=bytes GOOS=darwin err=<nil>
    learning_capacity_test.go:251: LEARNING_CAPACITY enroll-route-31 elapsed=133.522542ms allocs=6391 bytes=1467384 heap=25110520 maxRSS=305299456 unit=bytes GOOS=darwin err=<nil>
    learning_capacity_test.go:251: LEARNING_CAPACITY enroll-route-32 elapsed=138.196292ms allocs=6432 bytes=1522304 heap=25165488 maxRSS=305315840 unit=bytes GOOS=darwin err=<nil>
    learning_capacity_test.go:251: LEARNING_CAPACITY enroll-route-33 elapsed=132.535583ms allocs=6443 bytes=1522368 heap=25166224 maxRSS=305315840 unit=bytes GOOS=darwin err=<nil>
    learning_capacity_test.go:251: LEARNING_CAPACITY enroll-route-34 elapsed=134.200792ms allocs=6438 bytes=1521680 heap=25165696 maxRSS=305315840 unit=bytes GOOS=darwin err=<nil>
    learning_capacity_test.go:251: LEARNING_CAPACITY enroll-route-35 elapsed=133.797083ms allocs=6443 bytes=1522368 heap=25166480 maxRSS=305315840 unit=bytes GOOS=darwin err=<nil>
    learning_capacity_test.go:251: LEARNING_CAPACITY enroll-route-36 elapsed=133.058792ms allocs=6408 bytes=1515664 heap=25159776 maxRSS=305315840 unit=bytes GOOS=darwin err=<nil>
    learning_capacity_test.go:251: LEARNING_CAPACITY enroll-route-37 elapsed=132.132792ms allocs=6430 bytes=1473944 heap=25117800 maxRSS=305315840 unit=bytes GOOS=darwin err=<nil>
    learning_capacity_test.go:251: LEARNING_CAPACITY enroll-route-38 elapsed=131.16525ms allocs=6443 bytes=1522336 heap=25167072 maxRSS=305315840 unit=bytes GOOS=darwin err=<nil>
    learning_capacity_test.go:251: LEARNING_CAPACITY enroll-route-39 elapsed=132.535375ms allocs=6426 bytes=1518736 heap=25162992 maxRSS=305315840 unit=bytes GOOS=darwin err=<nil>
    learning_capacity_test.go:251: LEARNING_CAPACITY enroll-route-40 elapsed=133.950125ms allocs=6402 bytes=1468264 heap=25112344 maxRSS=305315840 unit=bytes GOOS=darwin err=<nil>
    learning_capacity_test.go:251: LEARNING_CAPACITY enroll-route-41 elapsed=136.913417ms allocs=6440 bytes=1522256 heap=25166528 maxRSS=305315840 unit=bytes GOOS=darwin err=<nil>
    learning_capacity_test.go:251: LEARNING_CAPACITY enroll-route-42 elapsed=135.890042ms allocs=6439 bytes=1522128 heap=25166416 maxRSS=305315840 unit=bytes GOOS=darwin err=<nil>
    learning_capacity_test.go:251: LEARNING_CAPACITY enroll-route-43 elapsed=131.950333ms allocs=6440 bytes=1521696 heap=25166032 maxRSS=305315840 unit=bytes GOOS=darwin err=<nil>
    learning_capacity_test.go:251: LEARNING_CAPACITY enroll-route-44 elapsed=149.842ms allocs=6450 bytes=1523104 heap=25167472 maxRSS=305315840 unit=bytes GOOS=darwin err=<nil>
    learning_capacity_test.go:251: LEARNING_CAPACITY enroll-route-45 elapsed=143.543292ms allocs=6437 bytes=1520416 heap=25165488 maxRSS=305315840 unit=bytes GOOS=darwin err=<nil>
    learning_capacity_test.go:251: LEARNING_CAPACITY enroll-route-46 elapsed=134.134875ms allocs=6409 bytes=1515904 heap=25160928 maxRSS=305315840 unit=bytes GOOS=darwin err=<nil>
    learning_capacity_test.go:251: LEARNING_CAPACITY enroll-route-47 elapsed=133.560791ms allocs=6397 bytes=1467944 heap=25112536 maxRSS=305315840 unit=bytes GOOS=darwin err=<nil>
    learning_capacity_test.go:251: LEARNING_CAPACITY enroll-route-48 elapsed=131.796375ms allocs=6404 bytes=1515712 heap=25160832 maxRSS=305315840 unit=bytes GOOS=darwin err=<nil>
    learning_capacity_test.go:251: LEARNING_CAPACITY enroll-route-49 elapsed=134.817125ms allocs=6433 bytes=1521120 heap=25165568 maxRSS=305315840 unit=bytes GOOS=darwin err=<nil>
    learning_capacity_test.go:251: LEARNING_CAPACITY enroll-route-50 elapsed=134.453875ms allocs=6411 bytes=1517616 heap=25162240 maxRSS=305315840 unit=bytes GOOS=darwin err=<nil>
    learning_capacity_test.go:251: LEARNING_CAPACITY enroll-route-51 elapsed=135.340833ms allocs=6405 bytes=1513960 heap=25145720 maxRSS=305315840 unit=bytes GOOS=darwin err=<nil>
    learning_capacity_test.go:251: LEARNING_CAPACITY enroll-route-52 elapsed=133.768666ms allocs=6448 bytes=1522880 heap=25154688 maxRSS=305315840 unit=bytes GOOS=darwin err=<nil>
    learning_capacity_test.go:251: LEARNING_CAPACITY enroll-route-53 elapsed=134.326709ms allocs=6451 bytes=1522960 heap=25168416 maxRSS=305315840 unit=bytes GOOS=darwin err=<nil>
    learning_capacity_test.go:251: LEARNING_CAPACITY enroll-route-54 elapsed=134.11725ms allocs=6420 bytes=1518224 heap=25163728 maxRSS=305315840 unit=bytes GOOS=darwin err=<nil>
    learning_capacity_test.go:251: LEARNING_CAPACITY enroll-route-55 elapsed=132.586959ms allocs=6437 bytes=1522016 heap=25166880 maxRSS=305315840 unit=bytes GOOS=darwin err=<nil>
    learning_capacity_test.go:251: LEARNING_CAPACITY enroll-route-56 elapsed=132.626209ms allocs=6431 bytes=1520400 heap=25165296 maxRSS=305315840 unit=bytes GOOS=darwin err=<nil>
    learning_capacity_test.go:251: LEARNING_CAPACITY enroll-route-57 elapsed=134.36575ms allocs=6421 bytes=1472296 heap=25117464 maxRSS=305315840 unit=bytes GOOS=darwin err=<nil>
    learning_capacity_test.go:251: LEARNING_CAPACITY enroll-route-58 elapsed=133.717ms allocs=6448 bytes=1522976 heap=25168672 maxRSS=305315840 unit=bytes GOOS=darwin err=<nil>
    learning_capacity_test.go:251: LEARNING_CAPACITY enroll-route-59 elapsed=132.896042ms allocs=6432 bytes=1521200 heap=25166944 maxRSS=305315840 unit=bytes GOOS=darwin err=<nil>
    learning_capacity_test.go:251: LEARNING_CAPACITY enroll-route-60 elapsed=131.798ms allocs=6435 bytes=1521360 heap=25166560 maxRSS=305315840 unit=bytes GOOS=darwin err=<nil>
    learning_capacity_test.go:251: LEARNING_CAPACITY enroll-route-61 elapsed=132.592167ms allocs=6442 bytes=1522128 heap=25154416 maxRSS=305315840 unit=bytes GOOS=darwin err=<nil>
    learning_capacity_test.go:251: LEARNING_CAPACITY enroll-route-62 elapsed=137.043542ms allocs=6435 bytes=1520752 heap=25165952 maxRSS=305315840 unit=bytes GOOS=darwin err=<nil>
    learning_capacity_test.go:251: LEARNING_CAPACITY enroll-route-63 elapsed=134.9285ms allocs=6446 bytes=1522640 heap=25168096 maxRSS=305315840 unit=bytes GOOS=darwin err=<nil>
    learning_capacity_test.go:251: LEARNING_CAPACITY enroll-route-64 elapsed=131.676959ms allocs=6441 bytes=1521696 heap=25167200 maxRSS=305315840 unit=bytes GOOS=darwin err=<nil>
    learning_capacity_test.go:251: LEARNING_CAPACITY enroll-route-65 elapsed=132.834625ms allocs=6429 bytes=1519376 heap=25151952 maxRSS=305315840 unit=bytes GOOS=darwin err=<nil>
    learning_capacity_test.go:251: LEARNING_CAPACITY enroll-route-66 elapsed=131.850958ms allocs=6448 bytes=1522512 heap=25167984 maxRSS=305315840 unit=bytes GOOS=darwin err=<nil>
    learning_capacity_test.go:251: LEARNING_CAPACITY enroll-route-67 elapsed=133.316209ms allocs=6446 bytes=1522384 heap=25167952 maxRSS=305315840 unit=bytes GOOS=darwin err=<nil>
    learning_capacity_test.go:251: LEARNING_CAPACITY enroll-route-68 elapsed=132.569541ms allocs=6441 bytes=1522320 heap=25167920 maxRSS=305315840 unit=bytes GOOS=darwin err=<nil>
    learning_capacity_test.go:251: LEARNING_CAPACITY enroll-route-69 elapsed=132.899875ms allocs=6433 bytes=1519360 heap=25164896 maxRSS=305315840 unit=bytes GOOS=darwin err=<nil>
    learning_capacity_test.go:251: LEARNING_CAPACITY enroll-route-70 elapsed=132.591833ms allocs=6427 bytes=1517936 heap=25163600 maxRSS=305315840 unit=bytes GOOS=darwin err=<nil>
    learning_capacity_test.go:251: LEARNING_CAPACITY enroll-route-71 elapsed=132.440458ms allocs=6441 bytes=1524064 heap=25170256 maxRSS=305315840 unit=bytes GOOS=darwin err=<nil>
    learning_capacity_test.go:251: LEARNING_CAPACITY enroll-route-72 elapsed=133.251542ms allocs=6402 bytes=1468136 heap=25127576 maxRSS=305315840 unit=bytes GOOS=darwin err=<nil>
    learning_capacity_test.go:251: LEARNING_CAPACITY enroll-route-73 elapsed=132.268875ms allocs=6394 bytes=1467800 heap=25115272 maxRSS=305315840 unit=bytes GOOS=darwin err=<nil>
    learning_capacity_test.go:251: LEARNING_CAPACITY enroll-route-74 elapsed=133.576208ms allocs=6440 bytes=1521632 heap=25168928 maxRSS=305315840 unit=bytes GOOS=darwin err=<nil>
    learning_capacity_test.go:251: LEARNING_CAPACITY enroll-route-75 elapsed=131.504083ms allocs=6425 bytes=1518928 heap=25153248 maxRSS=305315840 unit=bytes GOOS=darwin err=<nil>
    learning_capacity_test.go:251: LEARNING_CAPACITY enroll-route-76 elapsed=133.581125ms allocs=6425 bytes=1517728 heap=25164848 maxRSS=305315840 unit=bytes GOOS=darwin err=<nil>
    learning_capacity_test.go:251: LEARNING_CAPACITY enroll-route-77 elapsed=134.18225ms allocs=6396 bytes=1467784 heap=25115176 maxRSS=305315840 unit=bytes GOOS=darwin err=<nil>
    learning_capacity_test.go:251: LEARNING_CAPACITY enroll-route-78 elapsed=133.305333ms allocs=6398 bytes=1467688 heap=25115608 maxRSS=305315840 unit=bytes GOOS=darwin err=<nil>
    learning_capacity_test.go:251: LEARNING_CAPACITY enroll-route-79 elapsed=133.863666ms allocs=6401 bytes=1468232 heap=25115464 maxRSS=305315840 unit=bytes GOOS=darwin err=<nil>
    learning_capacity_test.go:251: LEARNING_CAPACITY enroll-route-80 elapsed=133.829375ms allocs=6409 bytes=1516064 heap=25163648 maxRSS=305315840 unit=bytes GOOS=darwin err=<nil>
    learning_capacity_test.go:251: LEARNING_CAPACITY enroll-route-81 elapsed=132.670958ms allocs=6401 bytes=1470240 heap=25129776 maxRSS=305315840 unit=bytes GOOS=darwin err=<nil>
    learning_capacity_test.go:251: LEARNING_CAPACITY enroll-route-82 elapsed=134.138375ms allocs=6421 bytes=1517216 heap=25164752 maxRSS=305315840 unit=bytes GOOS=darwin err=<nil>
    learning_capacity_test.go:251: LEARNING_CAPACITY enroll-route-83 elapsed=137.323292ms allocs=6392 bytes=1467448 heap=25115016 maxRSS=305315840 unit=bytes GOOS=darwin err=<nil>
    learning_capacity_test.go:251: LEARNING_CAPACITY enroll-route-84 elapsed=148.355208ms allocs=6391 bytes=1467240 heap=25114856 maxRSS=305315840 unit=bytes GOOS=darwin err=<nil>
    learning_capacity_test.go:251: LEARNING_CAPACITY enroll-route-85 elapsed=160.396834ms allocs=6435 bytes=1518968 heap=25153880 maxRSS=305315840 unit=bytes GOOS=darwin err=<nil>
    learning_capacity_test.go:251: LEARNING_CAPACITY enroll-route-86 elapsed=133.819959ms allocs=6405 bytes=1515808 heap=25165072 maxRSS=305315840 unit=bytes GOOS=darwin err=<nil>
    learning_capacity_test.go:251: LEARNING_CAPACITY enroll-route-87 elapsed=133.679541ms allocs=6430 bytes=1519472 heap=25167472 maxRSS=305315840 unit=bytes GOOS=darwin err=<nil>
    learning_capacity_test.go:251: LEARNING_CAPACITY enroll-route-88 elapsed=132.987834ms allocs=6397 bytes=1467672 heap=25116200 maxRSS=305315840 unit=bytes GOOS=darwin err=<nil>
    learning_capacity_test.go:251: LEARNING_CAPACITY enroll-route-89 elapsed=131.991875ms allocs=6442 bytes=1522320 heap=25170448 maxRSS=305315840 unit=bytes GOOS=darwin err=<nil>
    learning_capacity_test.go:251: LEARNING_CAPACITY enroll-route-90 elapsed=134.318958ms allocs=6414 bytes=1470312 heap=25118344 maxRSS=305315840 unit=bytes GOOS=darwin err=<nil>
    learning_capacity_test.go:251: LEARNING_CAPACITY enroll-route-91 elapsed=134.803709ms allocs=6447 bytes=1522448 heap=25170528 maxRSS=305315840 unit=bytes GOOS=darwin err=<nil>
    learning_capacity_test.go:251: LEARNING_CAPACITY enroll-route-92 elapsed=135.366958ms allocs=6444 bytes=1522320 heap=25170544 maxRSS=305315840 unit=bytes GOOS=darwin err=<nil>
    learning_capacity_test.go:251: LEARNING_CAPACITY enroll-route-93 elapsed=136.525375ms allocs=6426 bytes=1518880 heap=25166944 maxRSS=305315840 unit=bytes GOOS=darwin err=<nil>
    learning_capacity_test.go:251: LEARNING_CAPACITY enroll-route-94 elapsed=133.15875ms allocs=6412 bytes=1516288 heap=25164352 maxRSS=305315840 unit=bytes GOOS=darwin err=<nil>
    learning_capacity_test.go:251: LEARNING_CAPACITY enroll-route-95 elapsed=132.942666ms allocs=6410 bytes=1514520 heap=25150008 maxRSS=305315840 unit=bytes GOOS=darwin err=<nil>
    learning_capacity_test.go:251: LEARNING_CAPACITY enroll-route-96 elapsed=132.365209ms allocs=6448 bytes=1522544 heap=25170608 maxRSS=305315840 unit=bytes GOOS=darwin err=<nil>
    learning_capacity_test.go:251: LEARNING_CAPACITY enroll-route-97 elapsed=132.951792ms allocs=6444 bytes=1522400 heap=25170784 maxRSS=305315840 unit=bytes GOOS=darwin err=<nil>
    learning_capacity_test.go:251: LEARNING_CAPACITY enroll-route-98 elapsed=132.742583ms allocs=6392 bytes=1467400 heap=25116552 maxRSS=305315840 unit=bytes GOOS=darwin err=<nil>
    learning_capacity_test.go:251: LEARNING_CAPACITY enroll-route-99 elapsed=153.788666ms allocs=6403 bytes=1515536 heap=25164592 maxRSS=305315840 unit=bytes GOOS=darwin err=<nil>
    learning_capacity_test.go:266: LEARNING_CAPACITY page-100-routes-3280-fixed-nodes elapsed=531.546042ms allocs=81989 bytes=15612304 heap=39273088 maxRSS=305315840 unit=bytes GOOS=darwin err=<nil>
    learning_capacity_test.go:295: LEARNING_CAPACITY create-five-only-sparse-1000-eight-core elapsed=187.917291ms allocs=27081 bytes=2855072 heap=26641816 maxRSS=305348608 unit=bytes GOOS=darwin err=<nil>
    learning_capacity_test.go:305: LEARNING_CAPACITY submit-and-999-direct-successors elapsed=2.091713542s allocs=32871 bytes=5645664 heap=7109536 maxRSS=305364992 unit=bytes GOOS=darwin err=<nil>
    learning_capacity_test.go:313: LEARNING_CAPACITY overview-1000-current elapsed=449.834875ms allocs=69810 bytes=4299456 heap=5399136 maxRSS=305364992 unit=bytes GOOS=darwin err=<nil>
    learning_capacity_test.go:320: LEARNING_CAPACITY 100-node-page elapsed=201.680041ms allocs=31638 bytes=6213256 heap=7131472 maxRSS=305381376 unit=bytes GOOS=darwin err=<nil>
    learning_capacity_test.go:340: LEARNING_CAPACITY alternative-pass-antijoin elapsed=279.79525ms allocs=94083 bytes=14490408 heap=32207656 maxRSS=305528832 unit=bytes GOOS=darwin err=<nil>
    learning_capacity_test.go:347: LEARNING_CAPACITY historical-approved-svg elapsed=11.151041ms allocs=1420 bytes=375512 heap=18114512 maxRSS=305528832 unit=bytes GOOS=darwin err=<nil>
    learning_capacity_test.go:364: LEARNING_CAPACITY owned-history-101-offset-0 elapsed=10.246625ms allocs=2998 bytes=297728 heap=18043408 maxRSS=305807360 unit=bytes GOOS=darwin err=<nil>
    learning_capacity_test.go:364: LEARNING_CAPACITY owned-history-101-offset-100 elapsed=9.652875ms allocs=1011 bytes=197608 heap=17953544 maxRSS=305807360 unit=bytes GOOS=darwin err=<nil>
    learning_capacity_test.go:376: LEARNING_CAPACITY batch-template-exposure elapsed=31.501625ms allocs=120972 bytes=27495032 heap=35404408 maxRSS=305823744 unit=bytes GOOS=darwin err=<nil>
    learning_capacity_test.go:387: LEARNING_CAPACITY SQLSUMMARY private-five-bodies actualRows=5 executionMs=4.383000 sharedHits=1427 sharedReads=0
    learning_capacity_test.go:387: LEARNING_CAPACITY SQLPLAN private-five-bodies [
          {
            "Plan": {
              "Node Type": "Sort",
              "Parallel Aware": false,
              "Async Capable": false,
              "Startup Cost": 268.03,
              "Total Cost": 268.04,
              "Plan Rows": 1,
              "Plan Width": 1208,
              "Actual Startup Time": 4.363,
              "Actual Total Time": 4.365,
              "Actual Rows": 5,
              "Actual Loops": 1,
              "Sort Key": ["r.\"position\""],
              "Sort Method": "quicksort",
              "Sort Space Used": 31,
              "Sort Space Type": "Memory",
              "Shared Hit Blocks": 1427,
              "Shared Read Blocks": 0,
              "Shared Dirtied Blocks": 0,
              "Shared Written Blocks": 0,
              "Local Hit Blocks": 0,
              "Local Read Blocks": 0,
              "Local Dirtied Blocks": 0,
              "Local Written Blocks": 0,
              "Temp Read Blocks": 0,
              "Temp Written Blocks": 0,
              "Plans": [
                {
                  "Node Type": "Nested Loop",
                  "Parent Relationship": "Outer",
                  "Parallel Aware": false,
                  "Async Capable": false,
                  "Join Type": "Inner",
                  "Startup Cost": 98.97,
                  "Total Cost": 268.02,
                  "Plan Rows": 1,
                  "Plan Width": 1208,
                  "Actual Startup Time": 2.669,
                  "Actual Total Time": 4.362,
                  "Actual Rows": 5,
                  "Actual Loops": 1,
                  "Inner Unique": false,
                  "Shared Hit Blocks": 1427,
                  "Shared Read Blocks": 0,
                  "Shared Dirtied Blocks": 0,
                  "Shared Written Blocks": 0,
                  "Local Hit Blocks": 0,
                  "Local Read Blocks": 0,
                  "Local Dirtied Blocks": 0,
                  "Local Written Blocks": 0,
                  "Temp Read Blocks": 0,
                  "Temp Written Blocks": 0,
                  "Plans": [
                    {
                      "Node Type": "Nested Loop",
                      "Parent Relationship": "Outer",
                      "Parallel Aware": false,
                      "Async Capable": false,
                      "Join Type": "Inner",
                      "Startup Cost": 98.82,
                      "Total Cost": 259.85,
                      "Plan Rows": 1,
                      "Plan Width": 1224,
                      "Actual Startup Time": 2.667,
                      "Actual Total Time": 4.358,
                      "Actual Rows": 5,
                      "Actual Loops": 1,
                      "Inner Unique": true,
                      "Shared Hit Blocks": 1417,
                      "Shared Read Blocks": 0,
                      "Shared Dirtied Blocks": 0,
                      "Shared Written Blocks": 0,
                      "Local Hit Blocks": 0,
                      "Local Read Blocks": 0,
                      "Local Dirtied Blocks": 0,
                      "Local Written Blocks": 0,
                      "Temp Read Blocks": 0,
                      "Temp Written Blocks": 0,
                      "Plans": [
                        {
                          "Node Type": "Nested Loop",
                          "Parent Relationship": "Outer",
                          "Parallel Aware": false,
                          "Async Capable": false,
                          "Join Type": "Inner",
                          "Startup Cost": 98.41,
                          "Total Cost": 258.60,
                          "Plan Rows": 1,
                          "Plan Width": 539,
                          "Actual Startup Time": 2.663,
                          "Actual Total Time": 4.343,
                          "Actual Rows": 5,
                          "Actual Loops": 1,
                          "Inner Unique": true,
                          "Join Filter": "((m.review_id = rd.id) AND (s.id = m.submission_id))",
                          "Rows Removed by Join Filter": 0,
                          "Shared Hit Blocks": 1397,
                          "Shared Read Blocks": 0,
                          "Shared Dirtied Blocks": 0,
                          "Shared Written Blocks": 0,
                          "Local Hit Blocks": 0,
                          "Local Read Blocks": 0,
                          "Local Dirtied Blocks": 0,
                          "Local Written Blocks": 0,
                          "Temp Read Blocks": 0,
                          "Temp Written Blocks": 0,
                          "Plans": [
                            {
                              "Node Type": "Hash Join",
                              "Parent Relationship": "Outer",
                              "Parallel Aware": false,
                              "Async Capable": false,
                              "Join Type": "Inner",
                              "Startup Cost": 98.00,
                              "Total Cost": 257.71,
                              "Plan Rows": 1,
                              "Plan Width": 233,
                              "Actual Startup Time": 0.078,
                              "Actual Total Time": 4.244,
                              "Actual Rows": 50,
                              "Actual Loops": 1,
                              "Inner Unique": false,
                              "Hash Cond": "((sm.id = (r.instance ->> 'id'::text)) AND (sm.version = ((r.instance ->> 'version'::text))::integer) AND (sm.sha256 = (r.instance ->> 'sha256'::text)))",
                              "Shared Hit Blocks": 1197,
                              "Shared Read Blocks": 0,
                              "Shared Dirtied Blocks": 0,
                              "Shared Written Blocks": 0,
                              "Local Hit Blocks": 0,
                              "Local Read Blocks": 0,
                              "Local Dirtied Blocks": 0,
                              "Local Written Blocks": 0,
                              "Temp Read Blocks": 0,
                              "Temp Written Blocks": 0,
                              "Plans": [
                                {
                                  "Node Type": "Nested Loop",
                                  "Parent Relationship": "Outer",
                                  "Parallel Aware": false,
                                  "Async Capable": false,
                                  "Join Type": "Inner",
                                  "Startup Cost": 95.25,
                                  "Total Cost": 237.44,
                                  "Plan Rows": 1000,
                                  "Plan Width": 197,
                                  "Actual Startup Time": 0.045,
                                  "Actual Total Time": 2.824,
                                  "Actual Rows": 19000,
                                  "Actual Loops": 1,
                                  "Inner Unique": false,
                                  "Shared Hit Blocks": 1197,
                                  "Shared Read Blocks": 0,
                                  "Shared Dirtied Blocks": 0,
                                  "Shared Written Blocks": 0,
                                  "Local Hit Blocks": 0,
                                  "Local Read Blocks": 0,
                                  "Local Dirtied Blocks": 0,
                                  "Local Written Blocks": 0,
                                  "Temp Read Blocks": 0,
                                  "Temp Written Blocks": 0,
                                  "Plans": [
                                    {
                                      "Node Type": "Hash Join",
                                      "Parent Relationship": "Outer",
                                      "Parallel Aware": false,
                                      "Async Capable": false,
                                      "Join Type": "Inner",
                                      "Startup Cost": 13.64,
                                      "Total Cost": 14.98,
                                      "Plan Rows": 1,
                                      "Plan Width": 48,
                                      "Actual Startup Time": 0.010,
                                      "Actual Total Time": 0.019,
                                      "Actual Rows": 19,
                                      "Actual Loops": 1,
                                      "Inner Unique": true,
                                      "Hash Cond": "((s.id = rd.submission_id) AND (s.frozen_digest = rd.frozen_digest))",
                                      "Shared Hit Blocks": 3,
                                      "Shared Read Blocks": 0,
                                      "Shared Dirtied Blocks": 0,
                                      "Shared Written Blocks": 0,
                                      "Local Hit Blocks": 0,
                                      "Local Read Blocks": 0,
                                      "Local Dirtied Blocks": 0,
                                      "Local Written Blocks": 0,
                                      "Temp Read Blocks": 0,
                                      "Temp Written Blocks": 0,
                                      "Plans": [
                                        {
                                          "Node Type": "Seq Scan",
                                          "Parent Relationship": "Outer",
                                          "Parallel Aware": false,
                                          "Async Capable": false,
                                          "Relation Name": "question_submissions",
                                          "Alias": "s",
                                          "Startup Cost": 0.00,
                                          "Total Cost": 1.24,
                                          "Plan Rows": 19,
                                          "Plan Width": 81,
                                          "Actual Startup Time": 0.003,
                                          "Actual Total Time": 0.008,
                                          "Actual Rows": 19,
                                          "Actual Loops": 1,
                                          "Filter": "(sealed AND (status = 'approved'::text))",
                                          "Rows Removed by Filter": 0,
                                          "Shared Hit Blocks": 1,
                                          "Shared Read Blocks": 0,
                                          "Shared Dirtied Blocks": 0,
                                          "Shared Written Blocks": 0,
                                          "Local Hit Blocks": 0,
                                          "Local Read Blocks": 0,
                                          "Local Dirtied Blocks": 0,
                                          "Local Written Blocks": 0,
                                          "Temp Read Blocks": 0,
                                          "Temp Written Blocks": 0
                                        },
                                        {
                                          "Node Type": "Hash",
                                          "Parent Relationship": "Inner",
                                          "Parallel Aware": false,
                                          "Async Capable": false,
                                          "Startup Cost": 13.62,
                                          "Total Cost": 13.62,
                                          "Plan Rows": 1,
                                          "Plan Width": 64,
                                          "Actual Startup Time": 0.006,
                                          "Actual Total Time": 0.006,
                                          "Actual Rows": 19,
                                          "Actual Loops": 1,
                                          "Hash Buckets": 1024,
                                          "Original Hash Buckets": 1024,
                                          "Hash Batches": 1,
                                          "Original Hash Batches": 1,
                                          "Peak Memory Usage": 11,
                                          "Shared Hit Blocks": 2,
                                          "Shared Read Blocks": 0,
                                          "Shared Dirtied Blocks": 0,
                                          "Shared Written Blocks": 0,
                                          "Local Hit Blocks": 0,
                                          "Local Read Blocks": 0,
                                          "Local Dirtied Blocks": 0,
                                          "Local Written Blocks": 0,
                                          "Temp Read Blocks": 0,
                                          "Temp Written Blocks": 0,
                                          "Plans": [
                                            {
                                              "Node Type": "Seq Scan",
                                              "Parent Relationship": "Outer",
                                              "Parallel Aware": false,
                                              "Async Capable": false,
                                              "Relation Name": "question_review_decisions",
                                              "Alias": "rd",
                                              "Startup Cost": 0.00,
                                              "Total Cost": 13.62,
                                              "Plan Rows": 1,
                                              "Plan Width": 64,
                                              "Actual Startup Time": 0.002,
                                              "Actual Total Time": 0.003,
                                              "Actual Rows": 19,
                                              "Actual Loops": 1,
                                              "Filter": "(decision = 'approve'::text)",
                                              "Rows Removed by Filter": 0,
                                              "Shared Hit Blocks": 2,
                                              "Shared Read Blocks": 0,
                                              "Shared Dirtied Blocks": 0,
                                              "Shared Written Blocks": 0,
                                              "Local Hit Blocks": 0,
                                              "Local Read Blocks": 0,
                                              "Local Dirtied Blocks": 0,
                                              "Local Written Blocks": 0,
                                              "Temp Read Blocks": 0,
                                              "Temp Written Blocks": 0
                                            }
                                          ]
                                        }
                                      ]
                                    },
                                    {
                                      "Node Type": "Bitmap Heap Scan",
                                      "Parent Relationship": "Inner",
                                      "Parallel Aware": false,
                                      "Async Capable": false,
                                      "Relation Name": "question_submission_members",
                                      "Alias": "sm",
                                      "Startup Cost": 81.61,
                                      "Total Cost": 212.47,
                                      "Plan Rows": 1000,
                                      "Plan Width": 149,
                                      "Actual Startup Time": 0.034,
                                      "Actual Total Time": 0.086,
                                      "Actual Rows": 1000,
                                      "Actual Loops": 19,
                                      "Recheck Cond": "((s.id = submission_id) AND (kind = 'instance'::text))",
                                      "Rows Removed by Index Recheck": 0,
                                      "Exact Heap Blocks": 653,
                                      "Lossy Heap Blocks": 0,
                                      "Shared Hit Blocks": 1194,
                                      "Shared Read Blocks": 0,
                                      "Shared Dirtied Blocks": 0,
                                      "Shared Written Blocks": 0,
                                      "Local Hit Blocks": 0,
                                      "Local Read Blocks": 0,
                                      "Local Dirtied Blocks": 0,
                                      "Local Written Blocks": 0,
                                      "Temp Read Blocks": 0,
                                      "Temp Written Blocks": 0,
                                      "Plans": [
                                        {
                                          "Node Type": "Bitmap Index Scan",
                                          "Parent Relationship": "Outer",
                                          "Parallel Aware": false,
                                          "Async Capable": false,
                                          "Index Name": "question_submission_members_pkey",
                                          "Startup Cost": 0.00,
                                          "Total Cost": 81.36,
                                          "Plan Rows": 1000,
                                          "Plan Width": 0,
                                          "Actual Startup Time": 0.032,
                                          "Actual Total Time": 0.032,
                                          "Actual Rows": 1000,
                                          "Actual Loops": 19,
                                          "Index Cond": "((submission_id = s.id) AND (kind = 'instance'::text))",
                                          "Shared Hit Blocks": 541,
                                          "Shared Read Blocks": 0,
                                          "Shared Dirtied Blocks": 0,
                                          "Shared Written Blocks": 0,
                                          "Local Hit Blocks": 0,
                                          "Local Read Blocks": 0,
                                          "Local Dirtied Blocks": 0,
                                          "Local Written Blocks": 0,
                                          "Temp Read Blocks": 0,
                                          "Temp Written Blocks": 0
                                        }
                                      ]
                                    }
                                  ]
                                },
                                {
                                  "Node Type": "Hash",
                                  "Parent Relationship": "Inner",
                                  "Parallel Aware": false,
                                  "Async Capable": false,
                                  "Startup Cost": 1.00,
                                  "Total Cost": 1.00,
                                  "Plan Rows": 100,
                                  "Plan Width": 36,
                                  "Actual Startup Time": 0.006,
                                  "Actual Total Time": 0.006,
                                  "Actual Rows": 5,
                                  "Actual Loops": 1,
                                  "Hash Buckets": 1024,
                                  "Original Hash Buckets": 1024,
                                  "Hash Batches": 1,
                                  "Original Hash Batches": 1,
                                  "Peak Memory Usage": 10,
                                  "Shared Hit Blocks": 0,
                                  "Shared Read Blocks": 0,
                                  "Shared Dirtied Blocks": 0,
                                  "Shared Written Blocks": 0,
                                  "Local Hit Blocks": 0,
                                  "Local Read Blocks": 0,
                                  "Local Dirtied Blocks": 0,
                                  "Local Written Blocks": 0,
                                  "Temp Read Blocks": 0,
                                  "Temp Written Blocks": 0,
                                  "Plans": [
                                    {
                                      "Node Type": "Function Scan",
                                      "Parent Relationship": "Outer",
                                      "Parallel Aware": false,
                                      "Async Capable": false,
                                      "Function Name": "jsonb_to_recordset",
                                      "Alias": "r",
                                      "Startup Cost": 0.00,
                                      "Total Cost": 1.00,
                                      "Plan Rows": 100,
                                      "Plan Width": 36,
                                      "Actual Startup Time": 0.003,
                                      "Actual Total Time": 0.004,
                                      "Actual Rows": 5,
                                      "Actual Loops": 1,
                                      "Shared Hit Blocks": 0,
                                      "Shared Read Blocks": 0,
                                      "Shared Dirtied Blocks": 0,
                                      "Shared Written Blocks": 0,
                                      "Local Hit Blocks": 0,
                                      "Local Read Blocks": 0,
                                      "Local Dirtied Blocks": 0,
                                      "Local Written Blocks": 0,
                                      "Temp Read Blocks": 0,
                                      "Temp Written Blocks": 0
                                    }
                                  ]
                                }
                              ]
                            },
                            {
                              "Node Type": "Index Scan",
                              "Parent Relationship": "Inner",
                              "Parallel Aware": false,
                              "Async Capable": false,
                              "Scan Direction": "Forward",
                              "Index Name": "question_publication_members_pkey",
                              "Relation Name": "question_publication_members",
                              "Alias": "m",
                              "Startup Cost": 0.41,
                              "Total Cost": 0.88,
                              "Plan Rows": 1,
                              "Plan Width": 402,
                              "Actual Startup Time": 0.002,
                              "Actual Total Time": 0.002,
                              "Actual Rows": 0,
                              "Actual Loops": 50,
                              "Index Cond": "((publication_id = 'd0466a97-d0d4-4373-91d7-cd1bfe1fabe0'::uuid) AND (kind = 'instance'::text) AND (id = sm.id))",
                              "Rows Removed by Index Recheck": 0,
                              "Filter": "((version = sm.version) AND (sm.sha256 = sha256) AND (sm.submission_id = submission_id))",
                              "Rows Removed by Filter": 1,
                              "Shared Hit Blocks": 200,
                              "Shared Read Blocks": 0,
                              "Shared Dirtied Blocks": 0,
                              "Shared Written Blocks": 0,
                              "Local Hit Blocks": 0,
                              "Local Read Blocks": 0,
                              "Local Dirtied Blocks": 0,
                              "Local Written Blocks": 0,
                              "Temp Read Blocks": 0,
                              "Temp Written Blocks": 0
                            }
                          ]
                        },
                        {
                          "Node Type": "Index Scan",
                          "Parent Relationship": "Inner",
                          "Parallel Aware": false,
                          "Async Capable": false,
                          "Scan Direction": "Forward",
                          "Index Name": "question_instances_pkey",
                          "Relation Name": "question_instances",
                          "Alias": "i",
                          "Startup Cost": 0.41,
                          "Total Cost": 1.23,
                          "Plan Rows": 1,
                          "Plan Width": 1053,
                          "Actual Startup Time": 0.003,
                          "Actual Total Time": 0.003,
                          "Actual Rows": 1,
                          "Actual Loops": 5,
                          "Index Cond": "((id = m.id) AND (version = m.version))",
                          "Rows Removed by Index Recheck": 0,
                          "Filter": "(sealed AND (sha256 = m.sha256))",
                          "Rows Removed by Filter": 0,
                          "Shared Hit Blocks": 20,
                          "Shared Read Blocks": 0,
                          "Shared Dirtied Blocks": 0,
                          "Shared Written Blocks": 0,
                          "Local Hit Blocks": 0,
                          "Local Read Blocks": 0,
                          "Local Dirtied Blocks": 0,
                          "Local Written Blocks": 0,
                          "Temp Read Blocks": 0,
                          "Temp Written Blocks": 0
                        }
                      ]
                    },
                    {
                      "Node Type": "Index Scan",
                      "Parent Relationship": "Inner",
                      "Parallel Aware": false,
                      "Async Capable": false,
                      "Scan Direction": "Forward",
                      "Index Name": "question_publications_pkey",
                      "Relation Name": "question_publications",
                      "Alias": "p",
                      "Startup Cost": 0.14,
                      "Total Cost": 8.16,
                      "Plan Rows": 1,
                      "Plan Width": 16,
                      "Actual Startup Time": 0.001,
                      "Actual Total Time": 0.001,
                      "Actual Rows": 1,
                      "Actual Loops": 5,
                      "Index Cond": "(id = 'd0466a97-d0d4-4373-91d7-cd1bfe1fabe0'::uuid)",
                      "Rows Removed by Index Recheck": 0,
                      "Filter": "(sealed AND (status = 'published'::text))",
                      "Rows Removed by Filter": 0,
                      "Shared Hit Blocks": 10,
                      "Shared Read Blocks": 0,
                      "Shared Dirtied Blocks": 0,
                      "Shared Written Blocks": 0,
                      "Local Hit Blocks": 0,
                      "Local Read Blocks": 0,
                      "Local Dirtied Blocks": 0,
                      "Local Written Blocks": 0,
                      "Temp Read Blocks": 0,
                      "Temp Written Blocks": 0
                    }
                  ]
                }
              ]
            },
            "Planning": {
              "Shared Hit Blocks": 24,
              "Shared Read Blocks": 0,
              "Shared Dirtied Blocks": 0,
              "Shared Written Blocks": 0,
              "Local Hit Blocks": 0,
              "Local Read Blocks": 0,
              "Local Dirtied Blocks": 0,
              "Local Written Blocks": 0,
              "Temp Read Blocks": 0,
              "Temp Written Blocks": 0
            },
            "Planning Time": 3.333,
            "Triggers": [
            ],
            "Execution Time": 4.383
          }
        ]
    learning_capacity_test.go:387: LEARNING_CAPACITY SQLSUMMARY metadata-1000 actualRows=999 executionMs=50.314000 sharedHits=108637 sharedReads=0
    learning_capacity_test.go:387: LEARNING_CAPACITY SQLPLAN metadata-1000 [
          {
            "Plan": {
              "Node Type": "Limit",
              "Parallel Aware": false,
              "Async Capable": false,
              "Startup Cost": 2362.54,
              "Total Cost": 2387.40,
              "Plan Rows": 1,
              "Plan Width": 271,
              "Actual Startup Time": 44.526,
              "Actual Total Time": 50.212,
              "Actual Rows": 999,
              "Actual Loops": 1,
              "Shared Hit Blocks": 108637,
              "Shared Read Blocks": 0,
              "Shared Dirtied Blocks": 0,
              "Shared Written Blocks": 0,
              "Local Hit Blocks": 0,
              "Local Read Blocks": 0,
              "Local Dirtied Blocks": 0,
              "Local Written Blocks": 0,
              "Temp Read Blocks": 0,
              "Temp Written Blocks": 0,
              "Plans": [
                {
                  "Node Type": "Limit",
                  "Parent Relationship": "InitPlan",
                  "Subplan Name": "CTE recent",
                  "Parallel Aware": false,
                  "Async Capable": false,
                  "Startup Cost": 0.14,
                  "Total Cost": 8.16,
                  "Plan Rows": 1,
                  "Plan Width": 24,
                  "Actual Startup Time": 0.002,
                  "Actual Total Time": 0.002,
                  "Actual Rows": 1,
                  "Actual Loops": 1,
                  "Shared Hit Blocks": 2,
                  "Shared Read Blocks": 0,
                  "Shared Dirtied Blocks": 0,
                  "Shared Written Blocks": 0,
                  "Local Hit Blocks": 0,
                  "Local Read Blocks": 0,
                  "Local Dirtied Blocks": 0,
                  "Local Written Blocks": 0,
                  "Temp Read Blocks": 0,
                  "Temp Written Blocks": 0,
                  "Plans": [
                    {
                      "Node Type": "Index Only Scan",
                      "Parent Relationship": "Outer",
                      "Parallel Aware": false,
                      "Async Capable": false,
                      "Scan Direction": "Forward",
                      "Index Name": "learning_recent_submission",
                      "Relation Name": "assessment_attempts",
                      "Alias": "assessment_attempts",
                      "Startup Cost": 0.14,
                      "Total Cost": 8.16,
                      "Plan Rows": 1,
                      "Plan Width": 24,
                      "Actual Startup Time": 0.002,
                      "Actual Total Time": 0.002,
                      "Actual Rows": 1,
                      "Actual Loops": 1,
                      "Index Cond": "(owner_user_id = '7ef092f9-766c-45da-9aef-d24aec296b46'::uuid)",
                      "Rows Removed by Index Recheck": 0,
                      "Heap Fetches": 1,
                      "Shared Hit Blocks": 2,
                      "Shared Read Blocks": 0,
                      "Shared Dirtied Blocks": 0,
                      "Shared Written Blocks": 0,
                      "Local Hit Blocks": 0,
                      "Local Read Blocks": 0,
                      "Local Dirtied Blocks": 0,
                      "Local Written Blocks": 0,
                      "Temp Read Blocks": 0,
                      "Temp Written Blocks": 0
                    }
                  ]
                },
                {
                  "Node Type": "Hash Join",
                  "Parent Relationship": "InitPlan",
                  "Subplan Name": "CTE available_units",
                  "Parallel Aware": false,
                  "Async Capable": false,
                  "Join Type": "Anti",
                  "Startup Cost": 796.28,
                  "Total Cost": 1427.46,
                  "Plan Rows": 2545,
                  "Plan Width": 22,
                  "Actual Startup Time": 0.599,
                  "Actual Total Time": 1.654,
                  "Actual Rows": 4000,
                  "Actual Loops": 1,
                  "Inner Unique": false,
                  "Hash Cond": "((uv.id = w_1.target_id) AND (uv.version = w_1.target_version) AND (uv.sha256 = w_1.sha256))",
                  "Shared Hit Blocks": 457,
                  "Shared Read Blocks": 0,
                  "Shared Dirtied Blocks": 0,
                  "Shared Written Blocks": 0,
                  "Local Hit Blocks": 0,
                  "Local Read Blocks": 0,
                  "Local Dirtied Blocks": 0,
                  "Local Written Blocks": 0,
                  "Temp Read Blocks": 0,
                  "Temp Written Blocks": 0,
                  "Plans": [
                    {
                      "Node Type": "Hash Join",
                      "Parent Relationship": "Outer",
                      "Parallel Aware": false,
                      "Async Capable": false,
                      "Join Type": "Inner",
                      "Startup Cost": 786.77,
                      "Total Cost": 1372.46,
                      "Plan Rows": 2545,
                      "Plan Width": 87,
                      "Actual Startup Time": 0.597,
                      "Actual Total Time": 1.271,
                      "Actual Rows": 4000,
                      "Actual Loops": 1,
                      "Inner Unique": true,
                      "Hash Cond": "((m_1.id = uv.id) AND (m_1.version = uv.version))",
                      "Shared Hit Blocks": 455,
                      "Shared Read Blocks": 0,
                      "Shared Dirtied Blocks": 0,
                      "Shared Written Blocks": 0,
                      "Local Hit Blocks": 0,
                      "Local Read Blocks": 0,
                      "Local Dirtied Blocks": 0,
                      "Local Written Blocks": 0,
                      "Temp Read Blocks": 0,
                      "Temp Written Blocks": 0,
                      "Plans": [
                        {
                          "Node Type": "Bitmap Heap Scan",
                          "Parent Relationship": "Outer",
                          "Parallel Aware": false,
                          "Async Capable": false,
                          "Relation Name": "publication_members",
                          "Alias": "m_1",
                          "Startup Cost": 369.27,
                          "Total Cost": 934.02,
                          "Plan Rows": 3986,
                          "Plan Width": 21,
                          "Actual Startup Time": 0.071,
                          "Actual Total Time": 0.348,
                          "Actual Rows": 4000,
                          "Actual Loops": 1,
                          "Recheck Cond": "((snapshot_id = 'd05ed165-8fb6-496e-8f59-f550235f0ea3'::text) AND (kind = 'unit'::text))",
                          "Rows Removed by Index Recheck": 0,
                          "Filter": "(availability = 'active'::text)",
                          "Rows Removed by Filter": 0,
                          "Exact Heap Blocks": 62,
                          "Lossy Heap Blocks": 0,
                          "Shared Hit Blocks": 140,
                          "Shared Read Blocks": 0,
                          "Shared Dirtied Blocks": 0,
                          "Shared Written Blocks": 0,
                          "Local Hit Blocks": 0,
                          "Local Read Blocks": 0,
                          "Local Dirtied Blocks": 0,
                          "Local Written Blocks": 0,
                          "Temp Read Blocks": 0,
                          "Temp Written Blocks": 0,
                          "Plans": [
                            {
                              "Node Type": "Bitmap Index Scan",
                              "Parent Relationship": "Outer",
                              "Parallel Aware": false,
                              "Async Capable": false,
                              "Index Name": "publication_members_pkey",
                              "Startup Cost": 0.00,
                              "Total Cost": 368.27,
                              "Plan Rows": 3986,
                              "Plan Width": 0,
                              "Actual Startup Time": 0.066,
                              "Actual Total Time": 0.067,
                              "Actual Rows": 4000,
                              "Actual Loops": 1,
                              "Index Cond": "((snapshot_id = 'd05ed165-8fb6-496e-8f59-f550235f0ea3'::text) AND (kind = 'unit'::text))",
                              "Shared Hit Blocks": 78,
                              "Shared Read Blocks": 0,
                              "Shared Dirtied Blocks": 0,
                              "Shared Written Blocks": 0,
                              "Local Hit Blocks": 0,
                              "Local Read Blocks": 0,
                              "Local Dirtied Blocks": 0,
                              "Local Written Blocks": 0,
                              "Temp Read Blocks": 0,
                              "Temp Written Blocks": 0
                            }
                          ]
                        },
                        {
                          "Node Type": "Hash",
                          "Parent Relationship": "Inner",
                          "Parallel Aware": false,
                          "Async Capable": false,
                          "Startup Cost": 356.00,
                          "Total Cost": 356.00,
                          "Plan Rows": 4100,
                          "Plan Width": 87,
                          "Actual Startup Time": 0.524,
                          "Actual Total Time": 0.524,
                          "Actual Rows": 4100,
                          "Actual Loops": 1,
                          "Hash Buckets": 8192,
                          "Original Hash Buckets": 8192,
                          "Hash Batches": 1,
                          "Original Hash Batches": 1,
                          "Peak Memory Usage": 549,
                          "Shared Hit Blocks": 315,
                          "Shared Read Blocks": 0,
                          "Shared Dirtied Blocks": 0,
                          "Shared Written Blocks": 0,
                          "Local Hit Blocks": 0,
                          "Local Read Blocks": 0,
                          "Local Dirtied Blocks": 0,
                          "Local Written Blocks": 0,
                          "Temp Read Blocks": 0,
                          "Temp Written Blocks": 0,
                          "Plans": [
                            {
                              "Node Type": "Seq Scan",
                              "Parent Relationship": "Outer",
                              "Parallel Aware": false,
                              "Async Capable": false,
                              "Relation Name": "unit_versions",
                              "Alias": "uv",
                              "Startup Cost": 0.00,
                              "Total Cost": 356.00,
                              "Plan Rows": 4100,
                              "Plan Width": 87,
                              "Actual Startup Time": 0.002,
                              "Actual Total Time": 0.242,
                              "Actual Rows": 4100,
                              "Actual Loops": 1,
                              "Shared Hit Blocks": 315,
                              "Shared Read Blocks": 0,
                              "Shared Dirtied Blocks": 0,
                              "Shared Written Blocks": 0,
                              "Local Hit Blocks": 0,
                              "Local Read Blocks": 0,
                              "Local Dirtied Blocks": 0,
                              "Local Written Blocks": 0,
                              "Temp Read Blocks": 0,
                              "Temp Written Blocks": 0
                            }
                          ]
                        }
                      ]
                    },
                    {
                      "Node Type": "Hash",
                      "Parent Relationship": "Inner",
                      "Parallel Aware": false,
                      "Async Capable": false,
                      "Startup Cost": 9.47,
                      "Total Cost": 9.47,
                      "Plan Rows": 2,
                      "Plan Width": 68,
                      "Actual Startup Time": 0.001,
                      "Actual Total Time": 0.002,
                      "Actual Rows": 0,
                      "Actual Loops": 1,
                      "Hash Buckets": 1024,
                      "Original Hash Buckets": 1024,
                      "Hash Batches": 1,
                      "Original Hash Batches": 1,
                      "Peak Memory Usage": 8,
                      "Shared Hit Blocks": 2,
                      "Shared Read Blocks": 0,
                      "Shared Dirtied Blocks": 0,
                      "Shared Written Blocks": 0,
                      "Local Hit Blocks": 0,
                      "Local Read Blocks": 0,
                      "Local Dirtied Blocks": 0,
                      "Local Written Blocks": 0,
                      "Temp Read Blocks": 0,
                      "Temp Written Blocks": 0,
                      "Plans": [
                        {
                          "Node Type": "Bitmap Heap Scan",
                          "Parent Relationship": "Outer",
                          "Parallel Aware": false,
                          "Async Capable": false,
                          "Relation Name": "content_withdrawals",
                          "Alias": "w_1",
                          "Startup Cost": 4.13,
                          "Total Cost": 9.47,
                          "Plan Rows": 2,
                          "Plan Width": 68,
                          "Actual Startup Time": 0.001,
                          "Actual Total Time": 0.001,
                          "Actual Rows": 0,
                          "Actual Loops": 1,
                          "Recheck Cond": "(kind = 'unit'::text)",
                          "Rows Removed by Index Recheck": 0,
                          "Exact Heap Blocks": 0,
                          "Lossy Heap Blocks": 0,
                          "Shared Hit Blocks": 2,
                          "Shared Read Blocks": 0,
                          "Shared Dirtied Blocks": 0,
                          "Shared Written Blocks": 0,
                          "Local Hit Blocks": 0,
                          "Local Read Blocks": 0,
                          "Local Dirtied Blocks": 0,
                          "Local Written Blocks": 0,
                          "Temp Read Blocks": 0,
                          "Temp Written Blocks": 0,
                          "Plans": [
                            {
                              "Node Type": "Bitmap Index Scan",
                              "Parent Relationship": "Outer",
                              "Parallel Aware": false,
                              "Async Capable": false,
                              "Index Name": "content_withdrawal_version",
                              "Startup Cost": 0.00,
                              "Total Cost": 4.13,
                              "Plan Rows": 2,
                              "Plan Width": 0,
                              "Actual Startup Time": 0.000,
                              "Actual Total Time": 0.001,
                              "Actual Rows": 0,
                              "Actual Loops": 1,
                              "Index Cond": "(kind = 'unit'::text)",
                              "Shared Hit Blocks": 2,
                              "Shared Read Blocks": 0,
                              "Shared Dirtied Blocks": 0,
                              "Shared Written Blocks": 0,
                              "Local Hit Blocks": 0,
                              "Local Read Blocks": 0,
                              "Local Dirtied Blocks": 0,
                              "Local Written Blocks": 0,
                              "Temp Read Blocks": 0,
                              "Temp Written Blocks": 0
                            }
                          ]
                        }
                      ]
                    }
                  ]
                },
                {
                  "Node Type": "Nested Loop",
                  "Parent Relationship": "InitPlan",
                  "Subplan Name": "CTE available_assets",
                  "Parallel Aware": false,
                  "Async Capable": false,
                  "Join Type": "Anti",
                  "Startup Cost": 296.77,
                  "Total Cost": 817.79,
                  "Plan Rows": 5,
                  "Plan Width": 82,
                  "Actual Startup Time": 0.393,
                  "Actual Total Time": 0.822,
                  "Actual Rows": 1000,
                  "Actual Loops": 1,
                  "Inner Unique": false,
                  "Shared Hit Blocks": 2140,
                  "Shared Read Blocks": 0,
                  "Shared Dirtied Blocks": 0,
                  "Shared Written Blocks": 0,
                  "Local Hit Blocks": 0,
                  "Local Read Blocks": 0,
                  "Local Dirtied Blocks": 0,
                  "Local Written Blocks": 0,
                  "Temp Read Blocks": 0,
                  "Temp Written Blocks": 0,
                  "Plans": [
                    {
                      "Node Type": "Hash Join",
                      "Parent Relationship": "Outer",
                      "Parallel Aware": false,
                      "Async Capable": false,
                      "Join Type": "Inner",
                      "Startup Cost": 296.65,
                      "Total Cost": 816.82,
                      "Plan Rows": 5,
                      "Plan Width": 82,
                      "Actual Startup Time": 0.392,
                      "Actual Total Time": 0.583,
                      "Actual Rows": 1000,
                      "Actual Loops": 1,
                      "Inner Unique": true,
                      "Hash Cond": "((m_2.package_id = pm.package_id) AND (m_2.package_version = pm.package_version) AND (m_2.id = pm.id))",
                      "Shared Hit Blocks": 140,
                      "Shared Read Blocks": 0,
                      "Shared Dirtied Blocks": 0,
                      "Shared Written Blocks": 0,
                      "Local Hit Blocks": 0,
                      "Local Read Blocks": 0,
                      "Local Dirtied Blocks": 0,
                      "Local Written Blocks": 0,
                      "Temp Read Blocks": 0,
                      "Temp Written Blocks": 0,
                      "Plans": [
                        {
                          "Node Type": "Bitmap Heap Scan",
                          "Parent Relationship": "Outer",
                          "Parallel Aware": false,
                          "Async Capable": false,
                          "Relation Name": "publication_members",
                          "Alias": "m_2",
                          "Startup Cost": 94.58,
                          "Total Cost": 606.94,
                          "Plan Rows": 992,
                          "Plan Width": 36,
                          "Actual Startup Time": 0.033,
                          "Actual Total Time": 0.106,
                          "Actual Rows": 1000,
                          "Actual Loops": 1,
                          "Recheck Cond": "((snapshot_id = 'd05ed165-8fb6-496e-8f59-f550235f0ea3'::text) AND (kind = 'asset'::text))",
                          "Rows Removed by Index Recheck": 0,
                          "Filter": "(availability = 'active'::text)",
                          "Rows Removed by Filter": 0,
                          "Exact Heap Blocks": 20,
                          "Lossy Heap Blocks": 0,
                          "Shared Hit Blocks": 42,
                          "Shared Read Blocks": 0,
                          "Shared Dirtied Blocks": 0,
                          "Shared Written Blocks": 0,
                          "Local Hit Blocks": 0,
                          "Local Read Blocks": 0,
                          "Local Dirtied Blocks": 0,
                          "Local Written Blocks": 0,
                          "Temp Read Blocks": 0,
                          "Temp Written Blocks": 0,
                          "Plans": [
                            {
                              "Node Type": "Bitmap Index Scan",
                              "Parent Relationship": "Outer",
                              "Parallel Aware": false,
                              "Async Capable": false,
                              "Index Name": "publication_members_pkey",
                              "Startup Cost": 0.00,
                              "Total Cost": 94.33,
                              "Plan Rows": 992,
                              "Plan Width": 0,
                              "Actual Startup Time": 0.031,
                              "Actual Total Time": 0.031,
                              "Actual Rows": 1000,
                              "Actual Loops": 1,
                              "Index Cond": "((snapshot_id = 'd05ed165-8fb6-496e-8f59-f550235f0ea3'::text) AND (kind = 'asset'::text))",
                              "Shared Hit Blocks": 22,
                              "Shared Read Blocks": 0,
                              "Shared Dirtied Blocks": 0,
                              "Shared Written Blocks": 0,
                              "Local Hit Blocks": 0,
                              "Local Read Blocks": 0,
                              "Local Dirtied Blocks": 0,
                              "Local Written Blocks": 0,
                              "Temp Read Blocks": 0,
                              "Temp Written Blocks": 0
                            }
                          ]
                        },
                        {
                          "Node Type": "Hash",
                          "Parent Relationship": "Inner",
                          "Parallel Aware": false,
                          "Async Capable": false,
                          "Startup Cost": 183.38,
                          "Total Cost": 183.38,
                          "Plan Rows": 1068,
                          "Plan Width": 101,
                          "Actual Startup Time": 0.356,
                          "Actual Total Time": 0.357,
                          "Actual Rows": 1068,
                          "Actual Loops": 1,
                          "Hash Buckets": 2048,
                          "Original Hash Buckets": 2048,
                          "Hash Batches": 1,
                          "Original Hash Batches": 1,
                          "Peak Memory Usage": 154,
                          "Shared Hit Blocks": 98,
                          "Shared Read Blocks": 0,
                          "Shared Dirtied Blocks": 0,
                          "Shared Written Blocks": 0,
                          "Local Hit Blocks": 0,
                          "Local Read Blocks": 0,
                          "Local Dirtied Blocks": 0,
                          "Local Written Blocks": 0,
                          "Temp Read Blocks": 0,
                          "Temp Written Blocks": 0,
                          "Plans": [
                            {
                              "Node Type": "Seq Scan",
                              "Parent Relationship": "Outer",
                              "Parallel Aware": false,
                              "Async Capable": false,
                              "Relation Name": "package_members",
                              "Alias": "pm",
                              "Startup Cost": 0.00,
                              "Total Cost": 183.38,
                              "Plan Rows": 1068,
                              "Plan Width": 101,
                              "Actual Startup Time": 0.002,
                              "Actual Total Time": 0.259,
                              "Actual Rows": 1068,
                              "Actual Loops": 1,
                              "Filter": "(kind = 'asset'::text)",
                              "Rows Removed by Filter": 5762,
                              "Shared Hit Blocks": 98,
                              "Shared Read Blocks": 0,
                              "Shared Dirtied Blocks": 0,
                              "Shared Written Blocks": 0,
                              "Local Hit Blocks": 0,
                              "Local Read Blocks": 0,
                              "Local Dirtied Blocks": 0,
                              "Local Written Blocks": 0,
                              "Temp Read Blocks": 0,
                              "Temp Written Blocks": 0
                            }
                          ]
                        }
                      ]
                    },
                    {
                      "Node Type": "Index Only Scan",
                      "Parent Relationship": "Inner",
                      "Parallel Aware": false,
                      "Async Capable": false,
                      "Scan Direction": "Forward",
                      "Index Name": "content_withdrawal_asset",
                      "Relation Name": "content_withdrawals",
                      "Alias": "w_2",
                      "Startup Cost": 0.12,
                      "Total Cost": 0.18,
                      "Plan Rows": 1,
                      "Plan Width": 32,
                      "Actual Startup Time": 0.000,
                      "Actual Total Time": 0.000,
                      "Actual Rows": 0,
                      "Actual Loops": 1000,
                      "Index Cond": "(sha256 = pm.asset_sha256)",
                      "Rows Removed by Index Recheck": 0,
                      "Heap Fetches": 0,
                      "Shared Hit Blocks": 2000,
                      "Shared Read Blocks": 0,
                      "Shared Dirtied Blocks": 0,
                      "Shared Written Blocks": 0,
                      "Local Hit Blocks": 0,
                      "Local Read Blocks": 0,
                      "Local Dirtied Blocks": 0,
                      "Local Written Blocks": 0,
                      "Temp Read Blocks": 0,
                      "Temp Written Blocks": 0
                    }
                  ]
                },
                {
                  "Node Type": "Nested Loop",
                  "Parent Relationship": "Outer",
                  "Parallel Aware": false,
                  "Async Capable": false,
                  "Join Type": "Anti",
                  "Startup Cost": 109.12,
                  "Total Cost": 133.98,
                  "Plan Rows": 1,
                  "Plan Width": 271,
                  "Actual Startup Time": 44.526,
                  "Actual Total Time": 50.170,
                  "Actual Rows": 999,
                  "Actual Loops": 1,
                  "Inner Unique": false,
                  "Shared Hit Blocks": 108637,
                  "Shared Read Blocks": 0,
                  "Shared Dirtied Blocks": 0,
                  "Shared Written Blocks": 0,
                  "Local Hit Blocks": 0,
                  "Local Read Blocks": 0,
                  "Local Dirtied Blocks": 0,
                  "Local Written Blocks": 0,
                  "Temp Read Blocks": 0,
                  "Temp Written Blocks": 0,
                  "Plans": [
                    {
                      "Node Type": "Nested Loop",
                      "Parent Relationship": "Outer",
                      "Parallel Aware": false,
                      "Async Capable": false,
                      "Join Type": "Left",
                      "Startup Cost": 108.55,
                      "Total Cost": 108.69,
                      "Plan Rows": 1,
                      "Plan Width": 238,
                      "Actual Startup Time": 44.501,
                      "Actual Total Time": 47.010,
                      "Actual Rows": 999,
                      "Actual Loops": 1,
                      "Inner Unique": false,
                      "Shared Hit Blocks": 103636,
                      "Shared Read Blocks": 0,
                      "Shared Dirtied Blocks": 0,
                      "Shared Written Blocks": 0,
                      "Local Hit Blocks": 0,
                      "Local Read Blocks": 0,
                      "Local Dirtied Blocks": 0,
                      "Local Written Blocks": 0,
                      "Temp Read Blocks": 0,
                      "Temp Written Blocks": 0,
                      "Plans": [
                        {
                          "Node Type": "Nested Loop",
                          "Parent Relationship": "Outer",
                          "Parallel Aware": false,
                          "Async Capable": false,
                          "Join Type": "Inner",
                          "Startup Cost": 104.24,
                          "Total Cost": 104.36,
                          "Plan Rows": 1,
                          "Plan Width": 230,
                          "Actual Startup Time": 44.494,
                          "Actual Total Time": 45.484,
                          "Actual Rows": 999,
                          "Actual Loops": 1,
                          "Inner Unique": true,
                          "Join Filter": "((qs.id = m.submission_id) AND (qs.frozen_digest = rd.frozen_digest))",
                          "Rows Removed by Join Filter": 0,
                          "Shared Hit Blocks": 100638,
                          "Shared Read Blocks": 0,
                          "Shared Dirtied Blocks": 0,
                          "Shared Written Blocks": 0,
                          "Local Hit Blocks": 0,
                          "Local Read Blocks": 0,
                          "Local Dirtied Blocks": 0,
                          "Local Written Blocks": 0,
                          "Temp Read Blocks": 0,
                          "Temp Written Blocks": 0,
                          "Plans": [
                            {
                              "Node Type": "Nested Loop",
                              "Parent Relationship": "Outer",
                              "Parallel Aware": false,
                              "Async Capable": false,
                              "Join Type": "Inner",
                              "Startup Cost": 104.10,
                              "Total Cost": 104.19,
                              "Plan Rows": 1,
                              "Plan Width": 310,
                              "Actual Startup Time": 44.492,
                              "Actual Total Time": 45.067,
                              "Actual Rows": 999,
                              "Actual Loops": 1,
                              "Inner Unique": true,
                              "Join Filter": "((m.review_id = rd.id) AND (rd.submission_id = m.submission_id))",
                              "Rows Removed by Join Filter": 0,
                              "Shared Hit Blocks": 98640,
                              "Shared Read Blocks": 0,
                              "Shared Dirtied Blocks": 0,
                              "Shared Written Blocks": 0,
                              "Local Hit Blocks": 0,
                              "Local Read Blocks": 0,
                              "Local Dirtied Blocks": 0,
                              "Local Written Blocks": 0,
                              "Temp Read Blocks": 0,
                              "Temp Written Blocks": 0,
                              "Plans": [
                                {
                                  "Node Type": "Merge Join",
                                  "Parent Relationship": "Outer",
                                  "Parallel Aware": false,
                                  "Async Capable": false,
                                  "Join Type": "Left",
                                  "Startup Cost": 103.95,
                                  "Total Cost": 104.01,
                                  "Plan Rows": 1,
                                  "Plan Width": 278,
                                  "Actual Startup Time": 44.489,
                                  "Actual Total Time": 44.659,
                                  "Actual Rows": 999,
                                  "Actual Loops": 1,
                                  "Inner Unique": true,
                                  "Merge Cond": "((i.id = v.instance_id) AND (i.version = v.instance_version) AND (i.sha256 = v.instance_sha256))",
                                  "Shared Hit Blocks": 96642,
                                  "Shared Read Blocks": 0,
                                  "Shared Dirtied Blocks": 0,
                                  "Shared Written Blocks": 0,
                                  "Local Hit Blocks": 0,
                                  "Local Read Blocks": 0,
                                  "Local Dirtied Blocks": 0,
                                  "Local Written Blocks": 0,
                                  "Temp Read Blocks": 0,
                                  "Temp Written Blocks": 0,
                                  "Plans": [
                                    {
                                      "Node Type": "Sort",
                                      "Parent Relationship": "Outer",
                                      "Parallel Aware": false,
                                      "Async Capable": false,
                                      "Startup Cost": 92.52,
                                      "Total Cost": 92.53,
                                      "Plan Rows": 1,
                                      "Plan Width": 270,
                                      "Actual Startup Time": 44.476,
                                      "Actual Total Time": 44.507,
                                      "Actual Rows": 999,
                                      "Actual Loops": 1,
                                      "Sort Key": ["i.id", "i.version", "i.sha256"],
                                      "Sort Method": "quicksort",
                                      "Sort Space Used": 313,
                                      "Sort Space Type": "Memory",
                                      "Shared Hit Blocks": 96638,
                                      "Shared Read Blocks": 0,
                                      "Shared Dirtied Blocks": 0,
                                      "Shared Written Blocks": 0,
                                      "Local Hit Blocks": 0,
                                      "Local Read Blocks": 0,
                                      "Local Dirtied Blocks": 0,
                                      "Local Written Blocks": 0,
                                      "Temp Read Blocks": 0,
                                      "Temp Written Blocks": 0,
                                      "Plans": [
                                        {
                                          "Node Type": "Nested Loop",
                                          "Parent Relationship": "Outer",
                                          "Parallel Aware": false,
                                          "Async Capable": false,
                                          "Join Type": "Inner",
                                          "Startup Cost": 1.23,
                                          "Total Cost": 92.51,
                                          "Plan Rows": 1,
                                          "Plan Width": 270,
                                          "Actual Startup Time": 3.566,
                                          "Actual Total Time": 44.290,
                                          "Actual Rows": 999,
                                          "Actual Loops": 1,
                                          "Inner Unique": true,
                                          "Join Filter": "((i.id = m.id) AND (i.version = m.version) AND (i.sha256 = m.sha256))",
                                          "Rows Removed by Join Filter": 0,
                                          "Shared Hit Blocks": 96638,
                                          "Shared Read Blocks": 0,
                                          "Shared Dirtied Blocks": 0,
                                          "Shared Written Blocks": 0,
                                          "Local Hit Blocks": 0,
                                          "Local Read Blocks": 0,
                                          "Local Dirtied Blocks": 0,
                                          "Local Written Blocks": 0,
                                          "Temp Read Blocks": 0,
                                          "Temp Written Blocks": 0,
                                          "Plans": [
                                            {
                                              "Node Type": "Nested Loop",
                                              "Parent Relationship": "Outer",
                                              "Parallel Aware": false,
                                              "Async Capable": false,
                                              "Join Type": "Inner",
                                              "Startup Cost": 0.82,
                                              "Total Cost": 14.63,
                                              "Plan Rows": 1,
                                              "Plan Width": 312,
                                              "Actual Startup Time": 0.009,
                                              "Actual Total Time": 15.515,
                                              "Actual Rows": 9999,
                                              "Actual Loops": 1,
                                              "Inner Unique": true,
                                              "Shared Hit Blocks": 41039,
                                              "Shared Read Blocks": 0,
                                              "Shared Dirtied Blocks": 0,
                                              "Shared Written Blocks": 0,
                                              "Local Hit Blocks": 0,
                                              "Local Read Blocks": 0,
                                              "Local Dirtied Blocks": 0,
                                              "Local Written Blocks": 0,
                                              "Temp Read Blocks": 0,
                                              "Temp Written Blocks": 0,
                                              "Plans": [
                                                {
                                                  "Node Type": "Index Scan",
                                                  "Parent Relationship": "Outer",
                                                  "Parallel Aware": false,
                                                  "Async Capable": false,
                                                  "Scan Direction": "Forward",
                                                  "Index Name": "question_publication_members_pkey",
                                                  "Relation Name": "question_publication_members",
                                                  "Alias": "m",
                                                  "Startup Cost": 0.41,
                                                  "Total Cost": 6.18,
                                                  "Plan Rows": 1,
                                                  "Plan Width": 163,
                                                  "Actual Startup Time": 0.004,
                                                  "Actual Total Time": 1.063,
                                                  "Actual Rows": 9999,
                                                  "Actual Loops": 1,
                                                  "Index Cond": "((publication_id = '9b7841ff-8463-4329-9f9b-1ff050760120'::uuid) AND (kind = 'instance'::text))",
                                                  "Rows Removed by Index Recheck": 0,
                                                  "Shared Hit Blocks": 1043,
                                                  "Shared Read Blocks": 0,
                                                  "Shared Dirtied Blocks": 0,
                                                  "Shared Written Blocks": 0,
                                                  "Local Hit Blocks": 0,
                                                  "Local Read Blocks": 0,
                                                  "Local Dirtied Blocks": 0,
                                                  "Local Written Blocks": 0,
                                                  "Temp Read Blocks": 0,
                                                  "Temp Written Blocks": 0
                                                },
                                                {
                                                  "Node Type": "Index Scan",
                                                  "Parent Relationship": "Inner",
                                                  "Parallel Aware": false,
                                                  "Async Capable": false,
                                                  "Scan Direction": "Forward",
                                                  "Index Name": "question_submission_members_pkey",
                                                  "Relation Name": "question_submission_members",
                                                  "Alias": "sm",
                                                  "Startup Cost": 0.41,
                                                  "Total Cost": 8.44,
                                                  "Plan Rows": 1,
                                                  "Plan Width": 149,
                                                  "Actual Startup Time": 0.001,
                                                  "Actual Total Time": 0.001,
                                                  "Actual Rows": 1,
                                                  "Actual Loops": 9999,
                                                  "Index Cond": "((submission_id = m.submission_id) AND (kind = 'instance'::text) AND (id = m.id))",
                                                  "Rows Removed by Index Recheck": 0,
                                                  "Filter": "((m.version = version) AND (sha256 = m.sha256))",
                                                  "Rows Removed by Filter": 0,
                                                  "Shared Hit Blocks": 39996,
                                                  "Shared Read Blocks": 0,
                                                  "Shared Dirtied Blocks": 0,
                                                  "Shared Written Blocks": 0,
                                                  "Local Hit Blocks": 0,
                                                  "Local Read Blocks": 0,
                                                  "Local Dirtied Blocks": 0,
                                                  "Local Written Blocks": 0,
                                                  "Temp Read Blocks": 0,
                                                  "Temp Written Blocks": 0
                                                }
                                              ]
                                            },
                                            {
                                              "Node Type": "Index Scan",
                                              "Parent Relationship": "Inner",
                                              "Parallel Aware": false,
                                              "Async Capable": false,
                                              "Scan Direction": "Forward",
                                              "Index Name": "question_instances_pkey",
                                              "Relation Name": "question_instances",
                                              "Alias": "i",
                                              "Startup Cost": 0.41,
                                              "Total Cost": 77.86,
                                              "Plan Rows": 1,
                                              "Plan Width": 222,
                                              "Actual Startup Time": 0.003,
                                              "Actual Total Time": 0.003,
                                              "Actual Rows": 0,
                                              "Actual Loops": 9999,
                                              "Index Cond": "((id = sm.id) AND (version = sm.version))",
                                              "Rows Removed by Index Recheck": 0,
                                              "Filter": "(sealed AND (knowledge_id = 'capacity-k-0000'::text) AND (knowledge_version = 1) AND (sha256 = sm.sha256) AND (NOT EXISTS(SubPlan 13)) AND ((template_id IS NULL) OR (ANY ((template_id = (hashed SubPlan 9).col1) AND (template_version = (hashed SubPlan 9).col2) AND (template_sha256 = (hashed SubPlan 9).col3)))) AND EXISTS(SubPlan 7) AND (NOT EXISTS(SubPlan 11)))",
                                              "Rows Removed by Filter": 1,
                                              "Shared Hit Blocks": 55599,
                                              "Shared Read Blocks": 0,
                                              "Shared Dirtied Blocks": 0,
                                              "Shared Written Blocks": 0,
                                              "Local Hit Blocks": 0,
                                              "Local Read Blocks": 0,
                                              "Local Dirtied Blocks": 0,
                                              "Local Written Blocks": 0,
                                              "Temp Read Blocks": 0,
                                              "Temp Written Blocks": 0,
                                              "Plans": [
                                                {
                                                  "Node Type": "Function Scan",
                                                  "Parent Relationship": "SubPlan",
                                                  "Subplan Name": "SubPlan 13",
                                                  "Parallel Aware": false,
                                                  "Async Capable": false,
                                                  "Function Name": "jsonb_array_elements",
                                                  "Alias": "a",
                                                  "Startup Cost": 0.12,
                                                  "Total Cost": 2.12,
                                                  "Plan Rows": 50,
                                                  "Plan Width": 0,
                                                  "Actual Startup Time": 0.003,
                                                  "Actual Total Time": 0.003,
                                                  "Actual Rows": 0,
                                                  "Actual Loops": 999,
                                                  "Filter": "((ANY (((value ->> 'id'::text) = (hashed SubPlan 12).col1) AND ((value ->> 'sha256'::text) = (hashed SubPlan 12).col2))) IS NOT TRUE)",
                                                  "Rows Removed by Filter": 1,
                                                  "Shared Hit Blocks": 5137,
                                                  "Shared Read Blocks": 0,
                                                  "Shared Dirtied Blocks": 0,
                                                  "Shared Written Blocks": 0,
                                                  "Local Hit Blocks": 0,
                                                  "Local Read Blocks": 0,
                                                  "Local Dirtied Blocks": 0,
                                                  "Local Written Blocks": 0,
                                                  "Temp Read Blocks": 0,
                                                  "Temp Written Blocks": 0,
                                                  "Plans": [
                                                    {
                                                      "Node Type": "CTE Scan",
                                                      "Parent Relationship": "SubPlan",
                                                      "Subplan Name": "SubPlan 12",
                                                      "Parallel Aware": false,
                                                      "Async Capable": false,
                                                      "CTE Name": "available_assets",
                                                      "Alias": "available_assets",
                                                      "Startup Cost": 0.00,
                                                      "Total Cost": 0.10,
                                                      "Plan Rows": 5,
                                                      "Plan Width": 64,
                                                      "Actual Startup Time": 0.394,
                                                      "Actual Total Time": 0.911,
                                                      "Actual Rows": 1000,
                                                      "Actual Loops": 1,
                                                      "Shared Hit Blocks": 2140,
                                                      "Shared Read Blocks": 0,
                                                      "Shared Dirtied Blocks": 0,
                                                      "Shared Written Blocks": 0,
                                                      "Local Hit Blocks": 0,
                                                      "Local Read Blocks": 0,
                                                      "Local Dirtied Blocks": 0,
                                                      "Local Written Blocks": 0,
                                                      "Temp Read Blocks": 0,
                                                      "Temp Written Blocks": 0
                                                    }
                                                  ]
                                                },
                                                {
                                                  "Node Type": "Index Scan",
                                                  "Parent Relationship": "SubPlan",
                                                  "Subplan Name": "SubPlan 9",
                                                  "Parallel Aware": false,
                                                  "Async Capable": false,
                                                  "Scan Direction": "Forward",
                                                  "Index Name": "question_publication_members_pkey",
                                                  "Relation Name": "question_publication_members",
                                                  "Alias": "tm",
                                                  "Startup Cost": 0.41,
                                                  "Total Cost": 6.18,
                                                  "Plan Rows": 1,
                                                  "Plan Width": 131,
                                                  "Actual Startup Time": 0.004,
                                                  "Actual Total Time": 0.030,
                                                  "Actual Rows": 200,
                                                  "Actual Loops": 1,
                                                  "Index Cond": "((publication_id = '9b7841ff-8463-4329-9f9b-1ff050760120'::uuid) AND (kind = 'template'::text))",
                                                  "Rows Removed by Index Recheck": 0,
                                                  "Shared Hit Blocks": 19,
                                                  "Shared Read Blocks": 0,
                                                  "Shared Dirtied Blocks": 0,
                                                  "Shared Written Blocks": 0,
                                                  "Local Hit Blocks": 0,
                                                  "Local Read Blocks": 0,
                                                  "Local Dirtied Blocks": 0,
                                                  "Local Written Blocks": 0,
                                                  "Temp Read Blocks": 0,
                                                  "Temp Written Blocks": 0
                                                },
                                                {
                                                  "Node Type": "Bitmap Heap Scan",
                                                  "Parent Relationship": "SubPlan",
                                                  "Subplan Name": "SubPlan 7",
                                                  "Parallel Aware": false,
                                                  "Async Capable": false,
                                                  "Relation Name": "question_blueprint_sources",
                                                  "Alias": "bs",
                                                  "Startup Cost": 8.86,
                                                  "Total Cost": 12.89,
                                                  "Plan Rows": 1,
                                                  "Plan Width": 0,
                                                  "Actual Startup Time": 0.004,
                                                  "Actual Total Time": 0.004,
                                                  "Actual Rows": 1,
                                                  "Actual Loops": 999,
                                                  "Recheck Cond": "(((blueprint_id = 'lc-blueprint-0-0'::text) AND (blueprint_version = 1) AND (kind = 'instance'::text) AND (id = i.id)) OR ((blueprint_id = 'lc-blueprint-0-0'::text) AND (blueprint_version = 1) AND (kind = 'template'::text) AND (id = i.template_id)))",
                                                  "Rows Removed by Index Recheck": 0,
                                                  "Filter": "(((kind = 'instance'::text) AND (id = i.id) AND (version = i.version)) OR ((kind = 'template'::text) AND (id = i.template_id) AND (version = i.template_version)))",
                                                  "Rows Removed by Filter": 0,
                                                  "Exact Heap Blocks": 999,
                                                  "Lossy Heap Blocks": 0,
                                                  "Shared Hit Blocks": 6993,
                                                  "Shared Read Blocks": 0,
                                                  "Shared Dirtied Blocks": 0,
                                                  "Shared Written Blocks": 0,
                                                  "Local Hit Blocks": 0,
                                                  "Local Read Blocks": 0,
                                                  "Local Dirtied Blocks": 0,
                                                  "Local Written Blocks": 0,
                                                  "Temp Read Blocks": 0,
                                                  "Temp Written Blocks": 0,
                                                  "Plans": [
                                                    {
                                                      "Node Type": "BitmapOr",
                                                      "Parent Relationship": "Outer",
                                                      "Parallel Aware": false,
                                                      "Async Capable": false,
                                                      "Startup Cost": 8.86,
                                                      "Total Cost": 8.86,
                                                      "Plan Rows": 1,
                                                      "Plan Width": 0,
                                                      "Actual Startup Time": 0.004,
                                                      "Actual Total Time": 0.004,
                                                      "Actual Rows": 0,
                                                      "Actual Loops": 999,
                                                      "Shared Hit Blocks": 5994,
                                                      "Shared Read Blocks": 0,
                                                      "Shared Dirtied Blocks": 0,
                                                      "Shared Written Blocks": 0,
                                                      "Local Hit Blocks": 0,
                                                      "Local Read Blocks": 0,
                                                      "Local Dirtied Blocks": 0,
                                                      "Local Written Blocks": 0,
                                                      "Temp Read Blocks": 0,
                                                      "Temp Written Blocks": 0,
                                                      "Plans": [
                                                        {
                                                          "Node Type": "Bitmap Index Scan",
                                                          "Parent Relationship": "Member",
                                                          "Parallel Aware": false,
                                                          "Async Capable": false,
                                                          "Index Name": "question_blueprint_sources_pkey",
                                                          "Startup Cost": 0.00,
                                                          "Total Cost": 4.43,
                                                          "Plan Rows": 1,
                                                          "Plan Width": 0,
                                                          "Actual Startup Time": 0.002,
                                                          "Actual Total Time": 0.002,
                                                          "Actual Rows": 0,
                                                          "Actual Loops": 999,
                                                          "Index Cond": "((blueprint_id = 'lc-blueprint-0-0'::text) AND (blueprint_version = 1) AND (kind = 'instance'::text) AND (id = i.id))",
                                                          "Shared Hit Blocks": 2997,
                                                          "Shared Read Blocks": 0,
                                                          "Shared Dirtied Blocks": 0,
                                                          "Shared Written Blocks": 0,
                                                          "Local Hit Blocks": 0,
                                                          "Local Read Blocks": 0,
                                                          "Local Dirtied Blocks": 0,
                                                          "Local Written Blocks": 0,
                                                          "Temp Read Blocks": 0,
                                                          "Temp Written Blocks": 0
                                                        },
                                                        {
                                                          "Node Type": "Bitmap Index Scan",
                                                          "Parent Relationship": "Member",
                                                          "Parallel Aware": false,
                                                          "Async Capable": false,
                                                          "Index Name": "question_blueprint_sources_pkey",
                                                          "Startup Cost": 0.00,
                                                          "Total Cost": 4.43,
                                                          "Plan Rows": 1,
                                                          "Plan Width": 0,
                                                          "Actual Startup Time": 0.002,
                                                          "Actual Total Time": 0.002,
                                                          "Actual Rows": 1,
                                                          "Actual Loops": 999,
                                                          "Index Cond": "((blueprint_id = 'lc-blueprint-0-0'::text) AND (blueprint_version = 1) AND (kind = 'template'::text) AND (id = i.template_id))",
                                                          "Shared Hit Blocks": 2997,
                                                          "Shared Read Blocks": 0,
                                                          "Shared Dirtied Blocks": 0,
                                                          "Shared Written Blocks": 0,
                                                          "Local Hit Blocks": 0,
                                                          "Local Read Blocks": 0,
                                                          "Local Dirtied Blocks": 0,
                                                          "Local Written Blocks": 0,
                                                          "Temp Read Blocks": 0,
                                                          "Temp Written Blocks": 0
                                                        }
                                                      ]
                                                    }
                                                  ]
                                                },
                                                {
                                                  "Node Type": "Function Scan",
                                                  "Parent Relationship": "SubPlan",
                                                  "Subplan Name": "SubPlan 11",
                                                  "Parallel Aware": false,
                                                  "Async Capable": false,
                                                  "Function Name": "jsonb_array_elements",
                                                  "Alias": "u",
                                                  "Startup Cost": 57.27,
                                                  "Total Cost": 59.77,
                                                  "Plan Rows": 50,
                                                  "Plan Width": 0,
                                                  "Actual Startup Time": 0.004,
                                                  "Actual Total Time": 0.004,
                                                  "Actual Rows": 0,
                                                  "Actual Loops": 999,
                                                  "Filter": "((ANY (((value ->> 'id'::text) = (hashed SubPlan 10).col1) AND (((value ->> 'version'::text))::integer = (hashed SubPlan 10).col2))) IS NOT TRUE)",
                                                  "Rows Removed by Filter": 1,
                                                  "Shared Hit Blocks": 3454,
                                                  "Shared Read Blocks": 0,
                                                  "Shared Dirtied Blocks": 0,
                                                  "Shared Written Blocks": 0,
                                                  "Local Hit Blocks": 0,
                                                  "Local Read Blocks": 0,
                                                  "Local Dirtied Blocks": 0,
                                                  "Local Written Blocks": 0,
                                                  "Temp Read Blocks": 0,
                                                  "Temp Written Blocks": 0,
                                                  "Plans": [
                                                    {
                                                      "Node Type": "CTE Scan",
                                                      "Parent Relationship": "SubPlan",
                                                      "Subplan Name": "SubPlan 10",
                                                      "Parallel Aware": false,
                                                      "Async Capable": false,
                                                      "CTE Name": "available_units",
                                                      "Alias": "available_units",
                                                      "Startup Cost": 0.00,
                                                      "Total Cost": 50.90,
                                                      "Plan Rows": 2545,
                                                      "Plan Width": 36,
                                                      "Actual Startup Time": 0.600,
                                                      "Actual Total Time": 1.988,
                                                      "Actual Rows": 4000,
                                                      "Actual Loops": 1,
                                                      "Shared Hit Blocks": 457,
                                                      "Shared Read Blocks": 0,
                                                      "Shared Dirtied Blocks": 0,
                                                      "Shared Written Blocks": 0,
                                                      "Local Hit Blocks": 0,
                                                      "Local Read Blocks": 0,
                                                      "Local Dirtied Blocks": 0,
                                                      "Local Written Blocks": 0,
                                                      "Temp Read Blocks": 0,
                                                      "Temp Written Blocks": 0
                                                    }
                                                  ]
                                                }
                                              ]
                                            }
                                          ]
                                        }
                                      ]
                                    },
                                    {
                                      "Node Type": "Sort",
                                      "Parent Relationship": "Inner",
                                      "Parallel Aware": false,
                                      "Async Capable": false,
                                      "Startup Cost": 11.43,
                                      "Total Cost": 11.44,
                                      "Plan Rows": 3,
                                      "Plan Width": 76,
                                      "Actual Startup Time": 0.010,
                                      "Actual Total Time": 0.011,
                                      "Actual Rows": 10,
                                      "Actual Loops": 1,
                                      "Sort Key": ["v.instance_id", "v.instance_version", "v.instance_sha256"],
                                      "Sort Method": "quicksort",
                                      "Sort Space Used": 26,
                                      "Sort Space Type": "Memory",
                                      "Shared Hit Blocks": 4,
                                      "Shared Read Blocks": 0,
                                      "Shared Dirtied Blocks": 0,
                                      "Shared Written Blocks": 0,
                                      "Local Hit Blocks": 0,
                                      "Local Read Blocks": 0,
                                      "Local Dirtied Blocks": 0,
                                      "Local Written Blocks": 0,
                                      "Temp Read Blocks": 0,
                                      "Temp Written Blocks": 0,
                                      "Plans": [
                                        {
                                          "Node Type": "Bitmap Heap Scan",
                                          "Parent Relationship": "Outer",
                                          "Parallel Aware": false,
                                          "Async Capable": false,
                                          "Relation Name": "learner_question_views",
                                          "Alias": "v",
                                          "Startup Cost": 4.30,
                                          "Total Cost": 11.41,
                                          "Plan Rows": 3,
                                          "Plan Width": 76,
                                          "Actual Startup Time": 0.005,
                                          "Actual Total Time": 0.005,
                                          "Actual Rows": 10,
                                          "Actual Loops": 1,
                                          "Recheck Cond": "(owner_user_id = '7ef092f9-766c-45da-9aef-d24aec296b46'::uuid)",
                                          "Rows Removed by Index Recheck": 0,
                                          "Exact Heap Blocks": 1,
                                          "Lossy Heap Blocks": 0,
                                          "Shared Hit Blocks": 4,
                                          "Shared Read Blocks": 0,
                                          "Shared Dirtied Blocks": 0,
                                          "Shared Written Blocks": 0,
                                          "Local Hit Blocks": 0,
                                          "Local Read Blocks": 0,
                                          "Local Dirtied Blocks": 0,
                                          "Local Written Blocks": 0,
                                          "Temp Read Blocks": 0,
                                          "Temp Written Blocks": 0,
                                          "Plans": [
                                            {
                                              "Node Type": "Bitmap Index Scan",
                                              "Parent Relationship": "Outer",
                                              "Parallel Aware": false,
                                              "Async Capable": false,
                                              "Index Name": "learner_question_views_pkey",
                                              "Startup Cost": 0.00,
                                              "Total Cost": 4.30,
                                              "Plan Rows": 3,
                                              "Plan Width": 0,
                                              "Actual Startup Time": 0.002,
                                              "Actual Total Time": 0.002,
                                              "Actual Rows": 10,
                                              "Actual Loops": 1,
                                              "Index Cond": "(owner_user_id = '7ef092f9-766c-45da-9aef-d24aec296b46'::uuid)",
                                              "Shared Hit Blocks": 3,
                                              "Shared Read Blocks": 0,
                                              "Shared Dirtied Blocks": 0,
                                              "Shared Written Blocks": 0,
                                              "Local Hit Blocks": 0,
                                              "Local Read Blocks": 0,
                                              "Local Dirtied Blocks": 0,
                                              "Local Written Blocks": 0,
                                              "Temp Read Blocks": 0,
                                              "Temp Written Blocks": 0
                                            }
                                          ]
                                        }
                                      ]
                                    }
                                  ]
                                },
                                {
                                  "Node Type": "Index Scan",
                                  "Parent Relationship": "Inner",
                                  "Parallel Aware": false,
                                  "Async Capable": false,
                                  "Scan Direction": "Forward",
                                  "Index Name": "question_review_decisions_submission_id_key",
                                  "Relation Name": "question_review_decisions",
                                  "Alias": "rd",
                                  "Startup Cost": 0.15,
                                  "Total Cost": 0.17,
                                  "Plan Rows": 1,
                                  "Plan Width": 64,
                                  "Actual Startup Time": 0.000,
                                  "Actual Total Time": 0.000,
                                  "Actual Rows": 1,
                                  "Actual Loops": 999,
                                  "Index Cond": "(submission_id = sm.submission_id)",
                                  "Rows Removed by Index Recheck": 0,
                                  "Filter": "(decision = 'approve'::text)",
                                  "Rows Removed by Filter": 0,
                                  "Shared Hit Blocks": 1998,
                                  "Shared Read Blocks": 0,
                                  "Shared Dirtied Blocks": 0,
                                  "Shared Written Blocks": 0,
                                  "Local Hit Blocks": 0,
                                  "Local Read Blocks": 0,
                                  "Local Dirtied Blocks": 0,
                                  "Local Written Blocks": 0,
                                  "Temp Read Blocks": 0,
                                  "Temp Written Blocks": 0
                                }
                              ]
                            },
                            {
                              "Node Type": "Index Scan",
                              "Parent Relationship": "Inner",
                              "Parallel Aware": false,
                              "Async Capable": false,
                              "Scan Direction": "Forward",
                              "Index Name": "question_submissions_pkey",
                              "Relation Name": "question_submissions",
                              "Alias": "qs",
                              "Startup Cost": 0.14,
                              "Total Cost": 0.16,
                              "Plan Rows": 1,
                              "Plan Width": 81,
                              "Actual Startup Time": 0.000,
                              "Actual Total Time": 0.000,
                              "Actual Rows": 1,
                              "Actual Loops": 999,
                              "Index Cond": "(id = sm.submission_id)",
                              "Rows Removed by Index Recheck": 0,
                              "Filter": "(sealed AND (status = 'approved'::text))",
                              "Rows Removed by Filter": 0,
                              "Shared Hit Blocks": 1998,
                              "Shared Read Blocks": 0,
                              "Shared Dirtied Blocks": 0,
                              "Shared Written Blocks": 0,
                              "Local Hit Blocks": 0,
                              "Local Read Blocks": 0,
                              "Local Dirtied Blocks": 0,
                              "Local Written Blocks": 0,
                              "Temp Read Blocks": 0,
                              "Temp Written Blocks": 0
                            }
                          ]
                        },
                        {
                          "Node Type": "Result",
                          "Parent Relationship": "Inner",
                          "Parallel Aware": false,
                          "Async Capable": false,
                          "Startup Cost": 4.31,
                          "Total Cost": 4.32,
                          "Plan Rows": 1,
                          "Plan Width": 8,
                          "Actual Startup Time": 0.001,
                          "Actual Total Time": 0.001,
                          "Actual Rows": 1,
                          "Actual Loops": 999,
                          "Shared Hit Blocks": 2998,
                          "Shared Read Blocks": 0,
                          "Shared Dirtied Blocks": 0,
                          "Shared Written Blocks": 0,
                          "Local Hit Blocks": 0,
                          "Local Read Blocks": 0,
                          "Local Dirtied Blocks": 0,
                          "Local Written Blocks": 0,
                          "Temp Read Blocks": 0,
                          "Temp Written Blocks": 0,
                          "Plans": [
                            {
                              "Node Type": "Limit",
                              "Parent Relationship": "InitPlan",
                              "Subplan Name": "InitPlan 14",
                              "Parallel Aware": false,
                              "Async Capable": false,
                              "Startup Cost": 0.27,
                              "Total Cost": 4.31,
                              "Plan Rows": 1,
                              "Plan Width": 8,
                              "Actual Startup Time": 0.001,
                              "Actual Total Time": 0.001,
                              "Actual Rows": 0,
                              "Actual Loops": 999,
                              "Shared Hit Blocks": 2998,
                              "Shared Read Blocks": 0,
                              "Shared Dirtied Blocks": 0,
                              "Shared Written Blocks": 0,
                              "Local Hit Blocks": 0,
                              "Local Read Blocks": 0,
                              "Local Dirtied Blocks": 0,
                              "Local Written Blocks": 0,
                              "Temp Read Blocks": 0,
                              "Temp Written Blocks": 0,
                              "Plans": [
                                {
                                  "Node Type": "Index Only Scan",
                                  "Parent Relationship": "Outer",
                                  "Parallel Aware": false,
                                  "Async Capable": false,
                                  "Scan Direction": "Backward",
                                  "Index Name": "learning_exposure_reverse",
                                  "Relation Name": "learner_answer_exposures",
                                  "Alias": "e",
                                  "Startup Cost": 0.27,
                                  "Total Cost": 4.31,
                                  "Plan Rows": 1,
                                  "Plan Width": 8,
                                  "Actual Startup Time": 0.001,
                                  "Actual Total Time": 0.001,
                                  "Actual Rows": 0,
                                  "Actual Loops": 999,
                                  "Index Cond": "(owner_user_id = '7ef092f9-766c-45da-9aef-d24aec296b46'::uuid)",
                                  "Rows Removed by Index Recheck": 0,
                                  "Filter": "(((kind = 'instance'::text) AND (id = i.id) AND (version = i.version) AND (sha256 = i.sha256)) OR ((kind = 'template'::text) AND (id = i.template_id) AND (version = i.template_version) AND (sha256 = i.template_sha256)))",
                                  "Rows Removed by Filter": 10,
                                  "Heap Fetches": 9947,
                                  "Shared Hit Blocks": 2998,
                                  "Shared Read Blocks": 0,
                                  "Shared Dirtied Blocks": 0,
                                  "Shared Written Blocks": 0,
                                  "Local Hit Blocks": 0,
                                  "Local Read Blocks": 0,
                                  "Local Dirtied Blocks": 0,
                                  "Local Written Blocks": 0,
                                  "Temp Read Blocks": 0,
                                  "Temp Written Blocks": 0
                                }
                              ]
                            }
                          ]
                        }
                      ]
                    },
                    {
                      "Node Type": "Bitmap Heap Scan",
                      "Parent Relationship": "Inner",
                      "Parallel Aware": false,
                      "Async Capable": false,
                      "Relation Name": "question_withdrawals",
                      "Alias": "w",
                      "Startup Cost": 0.57,
                      "Total Cost": 4.61,
                      "Plan Rows": 1,
                      "Plan Width": 100,
                      "Actual Startup Time": 0.001,
                      "Actual Total Time": 0.001,
                      "Actual Rows": 0,
                      "Actual Loops": 999,
                      "Recheck Cond": "(((kind = 'instance'::text) AND (target_id = i.id) AND (target_version = i.version)) OR ((kind = 'template'::text) AND (target_id = i.template_id) AND (target_version = i.template_version)))",
                      "Rows Removed by Index Recheck": 0,
                      "Filter": "(((kind = 'instance'::text) AND (target_id = i.id) AND (target_version = i.version) AND (sha256 = i.sha256)) OR ((kind = 'template'::text) AND (target_id = i.template_id) AND (target_version = i.template_version) AND (sha256 = i.template_sha256)))",
                      "Rows Removed by Filter": 0,
                      "Exact Heap Blocks": 0,
                      "Lossy Heap Blocks": 0,
                      "Shared Hit Blocks": 1998,
                      "Shared Read Blocks": 0,
                      "Shared Dirtied Blocks": 0,
                      "Shared Written Blocks": 0,
                      "Local Hit Blocks": 0,
                      "Local Read Blocks": 0,
                      "Local Dirtied Blocks": 0,
                      "Local Written Blocks": 0,
                      "Temp Read Blocks": 0,
                      "Temp Written Blocks": 0,
                      "Plans": [
                        {
                          "Node Type": "BitmapOr",
                          "Parent Relationship": "Outer",
                          "Parallel Aware": false,
                          "Async Capable": false,
                          "Startup Cost": 0.57,
                          "Total Cost": 0.57,
                          "Plan Rows": 1,
                          "Plan Width": 0,
                          "Actual Startup Time": 0.001,
                          "Actual Total Time": 0.001,
                          "Actual Rows": 0,
                          "Actual Loops": 999,
                          "Shared Hit Blocks": 1998,
                          "Shared Read Blocks": 0,
                          "Shared Dirtied Blocks": 0,
                          "Shared Written Blocks": 0,
                          "Local Hit Blocks": 0,
                          "Local Read Blocks": 0,
                          "Local Dirtied Blocks": 0,
                          "Local Written Blocks": 0,
                          "Temp Read Blocks": 0,
                          "Temp Written Blocks": 0,
                          "Plans": [
                            {
                              "Node Type": "Bitmap Index Scan",
                              "Parent Relationship": "Member",
                              "Parallel Aware": false,
                              "Async Capable": false,
                              "Index Name": "question_withdrawals_kind_target_id_target_version_key",
                              "Startup Cost": 0.00,
                              "Total Cost": 0.29,
                              "Plan Rows": 1,
                              "Plan Width": 0,
                              "Actual Startup Time": 0.000,
                              "Actual Total Time": 0.000,
                              "Actual Rows": 0,
                              "Actual Loops": 999,
                              "Index Cond": "((kind = 'instance'::text) AND (target_id = i.id) AND (target_version = i.version))",
                              "Shared Hit Blocks": 999,
                              "Shared Read Blocks": 0,
                              "Shared Dirtied Blocks": 0,
                              "Shared Written Blocks": 0,
                              "Local Hit Blocks": 0,
                              "Local Read Blocks": 0,
                              "Local Dirtied Blocks": 0,
                              "Local Written Blocks": 0,
                              "Temp Read Blocks": 0,
                              "Temp Written Blocks": 0
                            },
                            {
                              "Node Type": "Bitmap Index Scan",
                              "Parent Relationship": "Member",
                              "Parallel Aware": false,
                              "Async Capable": false,
                              "Index Name": "question_withdrawals_kind_target_id_target_version_key",
                              "Startup Cost": 0.00,
                              "Total Cost": 0.29,
                              "Plan Rows": 1,
                              "Plan Width": 0,
                              "Actual Startup Time": 0.000,
                              "Actual Total Time": 0.000,
                              "Actual Rows": 0,
                              "Actual Loops": 999,
                              "Index Cond": "((kind = 'template'::text) AND (target_id = i.template_id) AND (target_version = i.template_version))",
                              "Shared Hit Blocks": 999,
                              "Shared Read Blocks": 0,
                              "Shared Dirtied Blocks": 0,
                              "Shared Written Blocks": 0,
                              "Local Hit Blocks": 0,
                              "Local Read Blocks": 0,
                              "Local Dirtied Blocks": 0,
                              "Local Written Blocks": 0,
                              "Temp Read Blocks": 0,
                              "Temp Written Blocks": 0
                            }
                          ]
                        }
                      ]
                    },
                    {
                      "Node Type": "Aggregate",
                      "Strategy": "Plain",
                      "Partial Mode": "Simple",
                      "Parent Relationship": "SubPlan",
                      "Subplan Name": "SubPlan 4",
                      "Parallel Aware": false,
                      "Async Capable": false,
                      "Startup Cost": 4.44,
                      "Total Cost": 4.45,
                      "Plan Rows": 1,
                      "Plan Width": 32,
                      "Actual Startup Time": 0.002,
                      "Actual Total Time": 0.002,
                      "Actual Rows": 1,
                      "Actual Loops": 999,
                      "Shared Hit Blocks": 2998,
                      "Shared Read Blocks": 0,
                      "Shared Dirtied Blocks": 0,
                      "Shared Written Blocks": 0,
                      "Local Hit Blocks": 0,
                      "Local Read Blocks": 0,
                      "Local Dirtied Blocks": 0,
                      "Local Written Blocks": 0,
                      "Temp Read Blocks": 0,
                      "Temp Written Blocks": 0,
                      "Plans": [
                        {
                          "Node Type": "Index Only Scan",
                          "Parent Relationship": "Outer",
                          "Parallel Aware": false,
                          "Async Capable": false,
                          "Scan Direction": "Forward",
                          "Index Name": "learning_coverage_knowledge",
                          "Relation Name": "question_instance_coverage",
                          "Alias": "c",
                          "Startup Cost": 0.41,
                          "Total Cost": 4.43,
                          "Plan Rows": 1,
                          "Plan Width": 4,
                          "Actual Startup Time": 0.001,
                          "Actual Total Time": 0.002,
                          "Actual Rows": 1,
                          "Actual Loops": 999,
                          "Index Cond": "((knowledge_id = 'capacity-k-0000'::text) AND (knowledge_version = 1) AND (instance_id = i.id) AND (instance_version = i.version))",
                          "Rows Removed by Index Recheck": 0,
                          "Heap Fetches": 0,
                          "Shared Hit Blocks": 2998,
                          "Shared Read Blocks": 0,
                          "Shared Dirtied Blocks": 0,
                          "Shared Written Blocks": 0,
                          "Local Hit Blocks": 0,
                          "Local Read Blocks": 0,
                          "Local Dirtied Blocks": 0,
                          "Local Written Blocks": 0,
                          "Temp Read Blocks": 0,
                          "Temp Written Blocks": 0
                        }
                      ]
                    },
                    {
                      "Node Type": "Nested Loop",
                      "Parent Relationship": "SubPlan",
                      "Subplan Name": "SubPlan 6",
                      "Parallel Aware": false,
                      "Async Capable": false,
                      "Join Type": "Inner",
                      "Startup Cost": 4.17,
                      "Total Cost": 11.33,
                      "Plan Rows": 3,
                      "Plan Width": 68,
                      "Actual Startup Time": 0.006,
                      "Actual Total Time": 0.008,
                      "Actual Rows": 5,
                      "Actual Loops": 1,
                      "Inner Unique": false,
                      "Shared Hit Blocks": 5,
                      "Shared Read Blocks": 0,
                      "Shared Dirtied Blocks": 0,
                      "Shared Written Blocks": 0,
                      "Local Hit Blocks": 0,
                      "Local Read Blocks": 0,
                      "Local Dirtied Blocks": 0,
                      "Local Written Blocks": 0,
                      "Temp Read Blocks": 0,
                      "Temp Written Blocks": 0,
                      "Plans": [
                        {
                          "Node Type": "CTE Scan",
                          "Parent Relationship": "Outer",
                          "Parallel Aware": false,
                          "Async Capable": false,
                          "CTE Name": "recent",
                          "Alias": "r",
                          "Startup Cost": 0.00,
                          "Total Cost": 0.02,
                          "Plan Rows": 1,
                          "Plan Width": 16,
                          "Actual Startup Time": 0.002,
                          "Actual Total Time": 0.003,
                          "Actual Rows": 1,
                          "Actual Loops": 1,
                          "Shared Hit Blocks": 2,
                          "Shared Read Blocks": 0,
                          "Shared Dirtied Blocks": 0,
                          "Shared Written Blocks": 0,
                          "Local Hit Blocks": 0,
                          "Local Read Blocks": 0,
                          "Local Dirtied Blocks": 0,
                          "Local Written Blocks": 0,
                          "Temp Read Blocks": 0,
                          "Temp Written Blocks": 0
                        },
                        {
                          "Node Type": "Bitmap Heap Scan",
                          "Parent Relationship": "Inner",
                          "Parallel Aware": false,
                          "Async Capable": false,
                          "Relation Name": "assessment_items",
                          "Alias": "ai",
                          "Startup Cost": 4.17,
                          "Total Cost": 11.28,
                          "Plan Rows": 3,
                          "Plan Width": 84,
                          "Actual Startup Time": 0.003,
                          "Actual Total Time": 0.004,
                          "Actual Rows": 5,
                          "Actual Loops": 1,
                          "Recheck Cond": "(attempt_id = r.id)",
                          "Rows Removed by Index Recheck": 0,
                          "Exact Heap Blocks": 2,
                          "Lossy Heap Blocks": 0,
                          "Shared Hit Blocks": 3,
                          "Shared Read Blocks": 0,
                          "Shared Dirtied Blocks": 0,
                          "Shared Written Blocks": 0,
                          "Local Hit Blocks": 0,
                          "Local Read Blocks": 0,
                          "Local Dirtied Blocks": 0,
                          "Local Written Blocks": 0,
                          "Temp Read Blocks": 0,
                          "Temp Written Blocks": 0,
                          "Plans": [
                            {
                              "Node Type": "Bitmap Index Scan",
                              "Parent Relationship": "Outer",
                              "Parallel Aware": false,
                              "Async Capable": false,
                              "Index Name": "assessment_items_attempt_id_position_instance_id_instance_v_key",
                              "Startup Cost": 0.00,
                              "Total Cost": 4.17,
                              "Plan Rows": 3,
                              "Plan Width": 0,
                              "Actual Startup Time": 0.001,
                              "Actual Total Time": 0.001,
                              "Actual Rows": 5,
                              "Actual Loops": 1,
                              "Index Cond": "(attempt_id = r.id)",
                              "Shared Hit Blocks": 1,
                              "Shared Read Blocks": 0,
                              "Shared Dirtied Blocks": 0,
                              "Shared Written Blocks": 0,
                              "Local Hit Blocks": 0,
                              "Local Read Blocks": 0,
                              "Local Dirtied Blocks": 0,
                              "Local Written Blocks": 0,
                              "Temp Read Blocks": 0,
                              "Temp Written Blocks": 0
                            }
                          ]
                        }
                      ]
                    }
                  ]
                }
              ]
            },
            "Planning": {
              "Shared Hit Blocks": 36,
              "Shared Read Blocks": 0,
              "Shared Dirtied Blocks": 0,
              "Shared Written Blocks": 0,
              "Local Hit Blocks": 0,
              "Local Read Blocks": 0,
              "Local Dirtied Blocks": 0,
              "Local Written Blocks": 0,
              "Temp Read Blocks": 0,
              "Temp Written Blocks": 0
            },
            "Planning Time": 3.090,
            "Triggers": [
            ],
            "Execution Time": 50.314
          }
        ]
=== RUN   TestLearningCapacityMaxPool/maximum-shared-two-slots-and-exclusive-lock
    learning_capacity_test.go:436: LEARNING_CAPACITY twoRealHeavyCreations=true differentUsers=true twoSharedSlots=true elapsed=259.320542ms
    learning_capacity_test.go:450: LEARNING_CAPACITY exclusiveLockWait=1.008065458s no-writing-read=true
--- PASS: TestLearningCapacityMaxPool (119.27s)
    --- PASS: TestLearningCapacityMaxPool/maximum-shared-two-slots-and-exclusive-lock (1.27s)
PASS
ok  	github.com/yyl1212/math_master/backend/internal/store	119.643s
