=== RUN   TestLearningCapacitySourceVolume
    learning_capacity_test.go:455: LEARNING_CAPACITY actual published knowledge=1000 units=4000 paths=200 assets=1000 templates=200 instances=10000 blueprints=1000 rootCandidates=1000 core=8 directSuccessors=999 actualMaxPathNodes=16
    learning_capacity_test.go:455: LEARNING_CAPACITY approvalProofDifferential=1000 allEqual=true allApproved=true
=== RUN   TestLearningCapacitySourceVolume/safe-options
    learning_capacity_test.go:464: LEARNING_CAPACITY optionsWireBytes=211777
    learning_capacity_test.go:458: LEARNING_CAPACITY published-1000-options-1000-candidates elapsed=308.276458ms allocs=94545 bytes=15678896 heap=38967336 maxRSS=321667072 unit=bytes GOOS=darwin err=<nil>
=== RUN   TestLearningCapacitySourceVolume/overview-empty
    learning_capacity_test.go:472: LEARNING_CAPACITY overview-1000-unread elapsed=416.079542ms allocs=69147 bytes=4194920 heap=27773296 maxRSS=321683456 unit=bytes GOOS=darwin err=<nil>
=== NAME  TestLearningCapacitySourceVolume
    learning_capacity_test.go:489: LEARNING_CAPACITY five-body-projection elapsed=172.261541ms allocs=27052 bytes=2853792 heap=26359032 maxRSS=321732608 unit=bytes GOOS=darwin err=<nil>
    learning_capacity_test.go:501: LEARNING_CAPACITY SQLSUMMARY metadata-1000 actualRows=1000 executionMs=527.879000 sharedHits=461888 sharedReads=1
    learning_capacity_test.go:501: LEARNING_CAPACITY SQLPLAN metadata-1000 [
          {
            "Plan": {
              "Node Type": "Limit",
              "Parallel Aware": false,
              "Async Capable": false,
              "Startup Cost": 2042.43,
              "Total Cost": 2183.27,
              "Plan Rows": 1,
              "Plan Width": 185,
              "Actual Startup Time": 4.181,
              "Actual Total Time": 527.750,
              "Actual Rows": 1000,
              "Actual Loops": 1,
              "Shared Hit Blocks": 461888,
              "Shared Read Blocks": 1,
              "Shared Dirtied Blocks": 0,
              "Shared Written Blocks": 0,
              "Local Hit Blocks": 0,
              "Local Read Blocks": 0,
              "Local Dirtied Blocks": 0,
              "Local Written Blocks": 0,
              "Temp Read Blocks": 0,
              "Temp Written Blocks": 0,
              "Plans": [
                {
                  "Node Type": "Limit",
                  "Parent Relationship": "InitPlan",
                  "Subplan Name": "CTE recent",
                  "Parallel Aware": false,
                  "Async Capable": false,
                  "Startup Cost": 0.12,
                  "Total Cost": 8.14,
                  "Plan Rows": 1,
                  "Plan Width": 24,
                  "Actual Startup Time": 0.001,
                  "Actual Total Time": 0.001,
                  "Actual Rows": 0,
                  "Actual Loops": 1,
                  "Shared Hit Blocks": 2,
                  "Shared Read Blocks": 0,
                  "Shared Dirtied Blocks": 0,
                  "Shared Written Blocks": 0,
                  "Local Hit Blocks": 0,
                  "Local Read Blocks": 0,
                  "Local Dirtied Blocks": 0,
                  "Local Written Blocks": 0,
                  "Temp Read Blocks": 0,
                  "Temp Written Blocks": 0,
                  "Plans": [
                    {
                      "Node Type": "Index Only Scan",
                      "Parent Relationship": "Outer",
                      "Parallel Aware": false,
                      "Async Capable": false,
                      "Scan Direction": "Forward",
                      "Index Name": "learning_recent_submission",
                      "Relation Name": "assessment_attempts",
                      "Alias": "assessment_attempts",
                      "Startup Cost": 0.12,
                      "Total Cost": 8.14,
                      "Plan Rows": 1,
                      "Plan Width": 24,
                      "Actual Startup Time": 0.001,
                      "Actual Total Time": 0.001,
                      "Actual Rows": 0,
                      "Actual Loops": 1,
                      "Index Cond": "(owner_user_id = '67336ecf-18a2-4769-b67f-3c1b3249b946'::uuid)",
                      "Rows Removed by Index Recheck": 0,
                      "Heap Fetches": 0,
                      "Shared Hit Blocks": 2,
                      "Shared Read Blocks": 0,
                      "Shared Dirtied Blocks": 0,
                      "Shared Written Blocks": 0,
                      "Local Hit Blocks": 0,
                      "Local Read Blocks": 0,
                      "Local Dirtied Blocks": 0,
                      "Local Written Blocks": 0,
                      "Temp Read Blocks": 0,
                      "Temp Written Blocks": 0
                    }
                  ]
                },
                {
                  "Node Type": "Hash Join",
                  "Parent Relationship": "InitPlan",
                  "Subplan Name": "CTE available_units",
                  "Parallel Aware": false,
                  "Async Capable": false,
                  "Join Type": "Anti",
                  "Startup Cost": 417.53,
                  "Total Cost": 1299.37,
                  "Plan Rows": 2576,
                  "Plan Width": 22,
                  "Actual Startup Time": 1.466,
                  "Actual Total Time": 2.489,
                  "Actual Rows": 4000,
                  "Actual Loops": 1,
                  "Inner Unique": false,
                  "Hash Cond": "((uv.id = w_1.target_id) AND (uv.version = w_1.target_version) AND (uv.sha256 = w_1.sha256))",
                  "Shared Hit Blocks": 705,
                  "Shared Read Blocks": 0,
                  "Shared Dirtied Blocks": 0,
                  "Shared Written Blocks": 0,
                  "Local Hit Blocks": 0,
                  "Local Read Blocks": 0,
                  "Local Dirtied Blocks": 0,
                  "Local Written Blocks": 0,
                  "Temp Read Blocks": 0,
                  "Temp Written Blocks": 0,
                  "Plans": [
                    {
                      "Node Type": "Hash Join",
                      "Parent Relationship": "Outer",
                      "Parallel Aware": false,
                      "Async Capable": false,
                      "Join Type": "Inner",
                      "Startup Cost": 408.02,
                      "Total Cost": 1243.81,
                      "Plan Rows": 2576,
                      "Plan Width": 87,
                      "Actual Startup Time": 1.463,
                      "Actual Total Time": 2.147,
                      "Actual Rows": 4000,
                      "Actual Loops": 1,
                      "Inner Unique": true,
                      "Hash Cond": "((m_1.id = uv.id) AND (m_1.version = uv.version))",
                      "Shared Hit Blocks": 703,
                      "Shared Read Blocks": 0,
                      "Shared Dirtied Blocks": 0,
                      "Shared Written Blocks": 0,
                      "Local Hit Blocks": 0,
                      "Local Read Blocks": 0,
                      "Local Dirtied Blocks": 0,
                      "Local Written Blocks": 0,
                      "Temp Read Blocks": 0,
                      "Temp Written Blocks": 0,
                      "Plans": [
                        {
                          "Node Type": "Seq Scan",
                          "Parent Relationship": "Outer",
                          "Parallel Aware": false,
                          "Async Capable": false,
                          "Relation Name": "publication_members",
                          "Alias": "m_1",
                          "Startup Cost": 0.00,
                          "Total Cost": 814.77,
                          "Plan Rows": 4000,
                          "Plan Width": 21,
                          "Actual Startup Time": 0.781,
                          "Actual Total Time": 1.081,
                          "Actual Rows": 4000,
                          "Actual Loops": 1,
                          "Filter": "((snapshot_id = 'a26493f6-46db-416d-b17b-78f89a7b34b6'::text) AND (kind = 'unit'::text) AND (availability = 'active'::text))",
                          "Rows Removed by Filter": 19987,
                          "Shared Hit Blocks": 395,
                          "Shared Read Blocks": 0,
                          "Shared Dirtied Blocks": 0,
                          "Shared Written Blocks": 0,
                          "Local Hit Blocks": 0,
                          "Local Read Blocks": 0,
                          "Local Dirtied Blocks": 0,
                          "Local Written Blocks": 0,
                          "Temp Read Blocks": 0,
                          "Temp Written Blocks": 0
                        },
                        {
                          "Node Type": "Hash",
                          "Parent Relationship": "Inner",
                          "Parallel Aware": false,
                          "Async Capable": false,
                          "Startup Cost": 348.01,
                          "Total Cost": 348.01,
                          "Plan Rows": 4001,
                          "Plan Width": 87,
                          "Actual Startup Time": 0.679,
                          "Actual Total Time": 0.680,
                          "Actual Rows": 4001,
                          "Actual Loops": 1,
                          "Hash Buckets": 4096,
                          "Original Hash Buckets": 4096,
                          "Hash Batches": 1,
                          "Original Hash Batches": 1,
                          "Peak Memory Usage": 505,
                          "Shared Hit Blocks": 308,
                          "Shared Read Blocks": 0,
                          "Shared Dirtied Blocks": 0,
                          "Shared Written Blocks": 0,
                          "Local Hit Blocks": 0,
                          "Local Read Blocks": 0,
                          "Local Dirtied Blocks": 0,
                          "Local Written Blocks": 0,
                          "Temp Read Blocks": 0,
                          "Temp Written Blocks": 0,
                          "Plans": [
                            {
                              "Node Type": "Seq Scan",
                              "Parent Relationship": "Outer",
                              "Parallel Aware": false,
                              "Async Capable": false,
                              "Relation Name": "unit_versions",
                              "Alias": "uv",
                              "Startup Cost": 0.00,
                              "Total Cost": 348.01,
                              "Plan Rows": 4001,
                              "Plan Width": 87,
                              "Actual Startup Time": 0.001,
                              "Actual Total Time": 0.400,
                              "Actual Rows": 4001,
                              "Actual Loops": 1,
                              "Shared Hit Blocks": 308,
                              "Shared Read Blocks": 0,
                              "Shared Dirtied Blocks": 0,
                              "Shared Written Blocks": 0,
                              "Local Hit Blocks": 0,
                              "Local Read Blocks": 0,
                              "Local Dirtied Blocks": 0,
                              "Local Written Blocks": 0,
                              "Temp Read Blocks": 0,
                              "Temp Written Blocks": 0
                            }
                          ]
                        }
                      ]
                    },
                    {
                      "Node Type": "Hash",
                      "Parent Relationship": "Inner",
                      "Parallel Aware": false,
                      "Async Capable": false,
                      "Startup Cost": 9.47,
                      "Total Cost": 9.47,
                      "Plan Rows": 2,
                      "Plan Width": 68,
                      "Actual Startup Time": 0.002,
                      "Actual Total Time": 0.002,
                      "Actual Rows": 0,
                      "Actual Loops": 1,
                      "Hash Buckets": 1024,
                      "Original Hash Buckets": 1024,
                      "Hash Batches": 1,
                      "Original Hash Batches": 1,
                      "Peak Memory Usage": 8,
                      "Shared Hit Blocks": 2,
                      "Shared Read Blocks": 0,
                      "Shared Dirtied Blocks": 0,
                      "Shared Written Blocks": 0,
                      "Local Hit Blocks": 0,
                      "Local Read Blocks": 0,
                      "Local Dirtied Blocks": 0,
                      "Local Written Blocks": 0,
                      "Temp Read Blocks": 0,
                      "Temp Written Blocks": 0,
                      "Plans": [
                        {
                          "Node Type": "Bitmap Heap Scan",
                          "Parent Relationship": "Outer",
                          "Parallel Aware": false,
                          "Async Capable": false,
                          "Relation Name": "content_withdrawals",
                          "Alias": "w_1",
                          "Startup Cost": 4.13,
                          "Total Cost": 9.47,
                          "Plan Rows": 2,
                          "Plan Width": 68,
                          "Actual Startup Time": 0.001,
                          "Actual Total Time": 0.002,
                          "Actual Rows": 0,
                          "Actual Loops": 1,
                          "Recheck Cond": "(kind = 'unit'::text)",
                          "Rows Removed by Index Recheck": 0,
                          "Exact Heap Blocks": 0,
                          "Lossy Heap Blocks": 0,
                          "Shared Hit Blocks": 2,
                          "Shared Read Blocks": 0,
                          "Shared Dirtied Blocks": 0,
                          "Shared Written Blocks": 0,
                          "Local Hit Blocks": 0,
                          "Local Read Blocks": 0,
                          "Local Dirtied Blocks": 0,
                          "Local Written Blocks": 0,
                          "Temp Read Blocks": 0,
                          "Temp Written Blocks": 0,
                          "Plans": [
                            {
                              "Node Type": "Bitmap Index Scan",
                              "Parent Relationship": "Outer",
                              "Parallel Aware": false,
                              "Async Capable": false,
                              "Index Name": "content_withdrawal_version",
                              "Startup Cost": 0.00,
                              "Total Cost": 4.13,
                              "Plan Rows": 2,
                              "Plan Width": 0,
                              "Actual Startup Time": 0.001,
                              "Actual Total Time": 0.001,
                              "Actual Rows": 0,
                              "Actual Loops": 1,
                              "Index Cond": "(kind = 'unit'::text)",
                              "Shared Hit Blocks": 2,
                              "Shared Read Blocks": 0,
                              "Shared Dirtied Blocks": 0,
                              "Shared Written Blocks": 0,
                              "Local Hit Blocks": 0,
                              "Local Read Blocks": 0,
                              "Local Dirtied Blocks": 0,
                              "Local Written Blocks": 0,
                              "Temp Read Blocks": 0,
                              "Temp Written Blocks": 0
                            }
                          ]
                        }
                      ]
                    }
                  ]
                },
                {
                  "Node Type": "Nested Loop",
                  "Parent Relationship": "InitPlan",
                  "Subplan Name": "CTE available_assets",
                  "Parallel Aware": false,
                  "Async Capable": false,
                  "Join Type": "Anti",
                  "Startup Cost": 291.07,
                  "Total Cost": 712.30,
                  "Plan Rows": 5,
                  "Plan Width": 82,
                  "Actual Startup Time": 0.327,
                  "Actual Total Time": 0.719,
                  "Actual Rows": 1000,
                  "Actual Loops": 1,
                  "Inner Unique": false,
                  "Shared Hit Blocks": 2134,
                  "Shared Read Blocks": 0,
                  "Shared Dirtied Blocks": 0,
                  "Shared Written Blocks": 0,
                  "Local Hit Blocks": 0,
                  "Local Read Blocks": 0,
                  "Local Dirtied Blocks": 0,
                  "Local Written Blocks": 0,
                  "Temp Read Blocks": 0,
                  "Temp Written Blocks": 0,
                  "Plans": [
                    {
                      "Node Type": "Hash Join",
                      "Parent Relationship": "Outer",
                      "Parallel Aware": false,
                      "Async Capable": false,
                      "Join Type": "Inner",
                      "Startup Cost": 290.95,
                      "Total Cost": 711.32,
                      "Plan Rows": 5,
                      "Plan Width": 82,
                      "Actual Startup Time": 0.326,
                      "Actual Total Time": 0.510,
                      "Actual Rows": 1000,
                      "Actual Loops": 1,
                      "Inner Unique": true,
                      "Hash Cond": "((m_2.package_id = pm.package_id) AND (m_2.package_version = pm.package_version) AND (m_2.id = pm.id))",
                      "Shared Hit Blocks": 134,
                      "Shared Read Blocks": 0,
                      "Shared Dirtied Blocks": 0,
                      "Shared Written Blocks": 0,
                      "Local Hit Blocks": 0,
                      "Local Read Blocks": 0,
                      "Local Dirtied Blocks": 0,
                      "Local Written Blocks": 0,
                      "Temp Read Blocks": 0,
                      "Temp Written Blocks": 0,
                      "Plans": [
                        {
                          "Node Type": "Bitmap Heap Scan",
                          "Parent Relationship": "Outer",
                          "Parallel Aware": false,
                          "Async Capable": false,
                          "Relation Name": "publication_members",
                          "Alias": "m_2",
                          "Startup Cost": 94.66,
                          "Total Cost": 507.16,
                          "Plan Rows": 1000,
                          "Plan Width": 36,
                          "Actual Startup Time": 0.034,
                          "Actual Total Time": 0.103,
                          "Actual Rows": 1000,
                          "Actual Loops": 1,
                          "Recheck Cond": "((snapshot_id = 'a26493f6-46db-416d-b17b-78f89a7b34b6'::text) AND (kind = 'asset'::text))",
                          "Rows Removed by Index Recheck": 0,
                          "Filter": "(availability = 'active'::text)",
                          "Rows Removed by Filter": 0,
                          "Exact Heap Blocks": 17,
                          "Lossy Heap Blocks": 0,
                          "Shared Hit Blocks": 39,
                          "Shared Read Blocks": 0,
                          "Shared Dirtied Blocks": 0,
                          "Shared Written Blocks": 0,
                          "Local Hit Blocks": 0,
                          "Local Read Blocks": 0,
                          "Local Dirtied Blocks": 0,
                          "Local Written Blocks": 0,
                          "Temp Read Blocks": 0,
                          "Temp Written Blocks": 0,
                          "Plans": [
                            {
                              "Node Type": "Bitmap Index Scan",
                              "Parent Relationship": "Outer",
                              "Parallel Aware": false,
                              "Async Capable": false,
                              "Index Name": "publication_members_pkey",
                              "Startup Cost": 0.00,
                              "Total Cost": 94.41,
                              "Plan Rows": 1000,
                              "Plan Width": 0,
                              "Actual Startup Time": 0.031,
                              "Actual Total Time": 0.031,
                              "Actual Rows": 1000,
                              "Actual Loops": 1,
                              "Index Cond": "((snapshot_id = 'a26493f6-46db-416d-b17b-78f89a7b34b6'::text) AND (kind = 'asset'::text))",
                              "Shared Hit Blocks": 22,
                              "Shared Read Blocks": 0,
                              "Shared Dirtied Blocks": 0,
                              "Shared Written Blocks": 0,
                              "Local Hit Blocks": 0,
                              "Local Read Blocks": 0,
                              "Local Dirtied Blocks": 0,
                              "Local Written Blocks": 0,
                              "Temp Read Blocks": 0,
                              "Temp Written Blocks": 0
                            }
                          ]
                        },
                        {
                          "Node Type": "Hash",
                          "Parent Relationship": "Inner",
                          "Parallel Aware": false,
                          "Async Capable": false,
                          "Startup Cost": 177.61,
                          "Total Cost": 177.61,
                          "Plan Rows": 1067,
                          "Plan Width": 101,
                          "Actual Startup Time": 0.290,
                          "Actual Total Time": 0.290,
                          "Actual Rows": 1067,
                          "Actual Loops": 1,
                          "Hash Buckets": 2048,
                          "Original Hash Buckets": 2048,
                          "Hash Batches": 1,
                          "Original Hash Batches": 1,
                          "Peak Memory Usage": 154,
                          "Shared Hit Blocks": 95,
                          "Shared Read Blocks": 0,
                          "Shared Dirtied Blocks": 0,
                          "Shared Written Blocks": 0,
                          "Local Hit Blocks": 0,
                          "Local Read Blocks": 0,
                          "Local Dirtied Blocks": 0,
                          "Local Written Blocks": 0,
                          "Temp Read Blocks": 0,
                          "Temp Written Blocks": 0,
                          "Plans": [
                            {
                              "Node Type": "Seq Scan",
                              "Parent Relationship": "Outer",
                              "Parallel Aware": false,
                              "Async Capable": false,
                              "Relation Name": "package_members",
                              "Alias": "pm",
                              "Startup Cost": 0.00,
                              "Total Cost": 177.61,
                              "Plan Rows": 1067,
                              "Plan Width": 101,
                              "Actual Startup Time": 0.002,
                              "Actual Total Time": 0.214,
                              "Actual Rows": 1067,
                              "Actual Loops": 1,
                              "Filter": "(kind = 'asset'::text)",
                              "Rows Removed by Filter": 5542,
                              "Shared Hit Blocks": 95,
                              "Shared Read Blocks": 0,
                              "Shared Dirtied Blocks": 0,
                              "Shared Written Blocks": 0,
                              "Local Hit Blocks": 0,
                              "Local Read Blocks": 0,
                              "Local Dirtied Blocks": 0,
                              "Local Written Blocks": 0,
                              "Temp Read Blocks": 0,
                              "Temp Written Blocks": 0
                            }
                          ]
                        }
                      ]
                    },
                    {
                      "Node Type": "Index Only Scan",
                      "Parent Relationship": "Inner",
                      "Parallel Aware": false,
                      "Async Capable": false,
                      "Scan Direction": "Forward",
                      "Index Name": "content_withdrawal_asset",
                      "Relation Name": "content_withdrawals",
                      "Alias": "w_2",
                      "Startup Cost": 0.12,
                      "Total Cost": 0.18,
                      "Plan Rows": 1,
                      "Plan Width": 32,
                      "Actual Startup Time": 0.000,
                      "Actual Total Time": 0.000,
                      "Actual Rows": 0,
                      "Actual Loops": 1000,
                      "Index Cond": "(sha256 = pm.asset_sha256)",
                      "Rows Removed by Index Recheck": 0,
                      "Heap Fetches": 0,
                      "Shared Hit Blocks": 2000,
                      "Shared Read Blocks": 0,
                      "Shared Dirtied Blocks": 0,
                      "Shared Written Blocks": 0,
                      "Local Hit Blocks": 0,
                      "Local Read Blocks": 0,
                      "Local Dirtied Blocks": 0,
                      "Local Written Blocks": 0,
                      "Temp Read Blocks": 0,
                      "Temp Written Blocks": 0
                    }
                  ]
                },
                {
                  "Node Type": "Nested Loop",
                  "Parent Relationship": "Outer",
                  "Parallel Aware": false,
                  "Async Capable": false,
                  "Join Type": "Anti",
                  "Startup Cost": 22.62,
                  "Total Cost": 163.46,
                  "Plan Rows": 1,
                  "Plan Width": 185,
                  "Actual Startup Time": 4.181,
                  "Actual Total Time": 527.675,
                  "Actual Rows": 1000,
                  "Actual Loops": 1,
                  "Inner Unique": false,
                  "Shared Hit Blocks": 461888,
                  "Shared Read Blocks": 1,
                  "Shared Dirtied Blocks": 0,
                  "Shared Written Blocks": 0,
                  "Local Hit Blocks": 0,
                  "Local Read Blocks": 0,
                  "Local Dirtied Blocks": 0,
                  "Local Written Blocks": 0,
                  "Temp Read Blocks": 0,
                  "Temp Written Blocks": 0,
                  "Plans": [
                    {
                      "Node Type": "Nested Loop",
                      "Parent Relationship": "Outer",
                      "Parallel Aware": false,
                      "Async Capable": false,
                      "Join Type": "Left",
                      "Startup Cost": 14.30,
                      "Total Cost": 126.43,
                      "Plan Rows": 1,
                      "Plan Width": 152,
                      "Actual Startup Time": 4.168,
                      "Actual Total Time": 523.670,
                      "Actual Rows": 1000,
                      "Actual Loops": 1,
                      "Inner Unique": false,
                      "Shared Hit Blocks": 454436,
                      "Shared Read Blocks": 1,
                      "Shared Dirtied Blocks": 0,
                      "Shared Written Blocks": 0,
                      "Local Hit Blocks": 0,
                      "Local Read Blocks": 0,
                      "Local Dirtied Blocks": 0,
                      "Local Written Blocks": 0,
                      "Temp Read Blocks": 0,
                      "Temp Written Blocks": 0,
                      "Plans": [
                        {
                          "Node Type": "Nested Loop",
                          "Parent Relationship": "Outer",
                          "Parallel Aware": false,
                          "Async Capable": false,
                          "Join Type": "Left",
                          "Startup Cost": 1.68,
                          "Total Cost": 113.79,
                          "Plan Rows": 1,
                          "Plan Width": 144,
                          "Actual Startup Time": 4.164,
                          "Actual Total Time": 521.763,
                          "Actual Rows": 1000,
                          "Actual Loops": 1,
                          "Inner Unique": true,
                          "Shared Hit Blocks": 450435,
                          "Shared Read Blocks": 1,
                          "Shared Dirtied Blocks": 0,
                          "Shared Written Blocks": 0,
                          "Local Hit Blocks": 0,
                          "Local Read Blocks": 0,
                          "Local Dirtied Blocks": 0,
                          "Local Written Blocks": 0,
                          "Temp Read Blocks": 0,
                          "Temp Written Blocks": 0,
                          "Plans": [
                            {
                              "Node Type": "Nested Loop",
                              "Parent Relationship": "Outer",
                              "Parallel Aware": false,
                              "Async Capable": false,
                              "Join Type": "Inner",
                              "Startup Cost": 1.53,
                              "Total Cost": 101.60,
                              "Plan Rows": 1,
                              "Plan Width": 136,
                              "Actual Startup Time": 4.162,
                              "Actual Total Time": 521.056,
                              "Actual Rows": 1000,
                              "Actual Loops": 1,
                              "Inner Unique": true,
                              "Join Filter": "((qs.id = m.submission_id) AND (qs.frozen_digest = rd.frozen_digest))",
                              "Rows Removed by Join Filter": 0,
                              "Shared Hit Blocks": 449430,
                              "Shared Read Blocks": 1,
                              "Shared Dirtied Blocks": 0,
                              "Shared Written Blocks": 0,
                              "Local Hit Blocks": 0,
                              "Local Read Blocks": 0,
                              "Local Dirtied Blocks": 0,
                              "Local Written Blocks": 0,
                              "Temp Read Blocks": 0,
                              "Temp Written Blocks": 0,
                              "Plans": [
                                {
                                  "Node Type": "Nested Loop",
                                  "Parent Relationship": "Outer",
                                  "Parallel Aware": false,
                                  "Async Capable": false,
                                  "Join Type": "Inner",
                                  "Startup Cost": 1.38,
                                  "Total Cost": 100.99,
                                  "Plan Rows": 1,
                                  "Plan Width": 216,
                                  "Actual Startup Time": 4.159,
                                  "Actual Total Time": 519.907,
                                  "Actual Rows": 1000,
                                  "Actual Loops": 1,
                                  "Inner Unique": true,
                                  "Join Filter": "((m.review_id = rd.id) AND (rd.submission_id = m.submission_id))",
                                  "Rows Removed by Join Filter": 0,
                                  "Shared Hit Blocks": 447429,
                                  "Shared Read Blocks": 0,
                                  "Shared Dirtied Blocks": 0,
                                  "Shared Written Blocks": 0,
                                  "Local Hit Blocks": 0,
                                  "Local Read Blocks": 0,
                                  "Local Dirtied Blocks": 0,
                                  "Local Written Blocks": 0,
                                  "Temp Read Blocks": 0,
                                  "Temp Written Blocks": 0,
                                  "Plans": [
                                    {
                                      "Node Type": "Nested Loop",
                                      "Parent Relationship": "Outer",
                                      "Parallel Aware": false,
                                      "Async Capable": false,
                                      "Join Type": "Inner",
                                      "Startup Cost": 1.23,
                                      "Total Cost": 100.39,
                                      "Plan Rows": 1,
                                      "Plan Width": 184,
                                      "Actual Startup Time": 4.158,
                                      "Actual Total Time": 519.286,
                                      "Actual Rows": 1000,
                                      "Actual Loops": 1,
                                      "Inner Unique": true,
                                      "Shared Hit Blocks": 445429,
                                      "Shared Read Blocks": 0,
                                      "Shared Dirtied Blocks": 0,
                                      "Shared Written Blocks": 0,
                                      "Local Hit Blocks": 0,
                                      "Local Read Blocks": 0,
                                      "Local Dirtied Blocks": 0,
                                      "Local Written Blocks": 0,
                                      "Temp Read Blocks": 0,
                                      "Temp Written Blocks": 0,
                                      "Plans": [
                                        {
                                          "Node Type": "Nested Loop",
                                          "Parent Relationship": "Outer",
                                          "Parallel Aware": false,
                                          "Async Capable": false,
                                          "Join Type": "Inner",
                                          "Startup Cost": 0.82,
                                          "Total Cost": 91.94,
                                          "Plan Rows": 1,
                                          "Plan Width": 236,
                                          "Actual Startup Time": 4.153,
                                          "Actual Total Time": 517.260,
                                          "Actual Rows": 1000,
                                          "Actual Loops": 1,
                                          "Inner Unique": true,
                                          "Join Filter": "((i.id = m.id) AND (i.version = m.version) AND (i.sha256 = m.sha256))",
                                          "Rows Removed by Join Filter": 4907655,
                                          "Shared Hit Blocks": 441427,
                                          "Shared Read Blocks": 0,
                                          "Shared Dirtied Blocks": 0,
                                          "Shared Written Blocks": 0,
                                          "Local Hit Blocks": 0,
                                          "Local Read Blocks": 0,
                                          "Local Dirtied Blocks": 0,
                                          "Local Written Blocks": 0,
                                          "Temp Read Blocks": 0,
                                          "Temp Written Blocks": 0,
                                          "Plans": [
                                            {
                                              "Node Type": "Index Scan",
                                              "Parent Relationship": "Outer",
                                              "Parallel Aware": false,
                                              "Async Capable": false,
                                              "Scan Direction": "Forward",
                                              "Index Name": "learning_candidate_knowledge",
                                              "Relation Name": "question_instances",
                                              "Alias": "i",
                                              "Startup Cost": 0.41,
                                              "Total Cost": 83.49,
                                              "Plan Rows": 1,
                                              "Plan Width": 136,
                                              "Actual Startup Time": 4.146,
                                              "Actual Total Time": 14.909,
                                              "Actual Rows": 1000,
                                              "Actual Loops": 1,
                                              "Index Cond": "((knowledge_id = 'capacity-k-0000'::text) AND (knowledge_version = 1))",
                                              "Rows Removed by Index Recheck": 0,
                                              "Filter": "(sealed AND (NOT EXISTS(SubPlan 13)) AND ((template_id IS NULL) OR (ANY ((template_id = (hashed SubPlan 9).col1) AND (template_version = (hashed SubPlan 9).col2) AND (template_sha256 = (hashed SubPlan 9).col3)))) AND EXISTS(SubPlan 7) AND (NOT EXISTS(SubPlan 11)))",
                                              "Rows Removed by Filter": 0,
                                              "Shared Hit Blocks": 13516,
                                              "Shared Read Blocks": 0,
                                              "Shared Dirtied Blocks": 0,
                                              "Shared Written Blocks": 0,
                                              "Local Hit Blocks": 0,
                                              "Local Read Blocks": 0,
                                              "Local Dirtied Blocks": 0,
                                              "Local Written Blocks": 0,
                                              "Temp Read Blocks": 0,
                                              "Temp Written Blocks": 0,
                                              "Plans": [
                                                {
                                                  "Node Type": "Function Scan",
                                                  "Parent Relationship": "SubPlan",
                                                  "Subplan Name": "SubPlan 13",
                                                  "Parallel Aware": false,
                                                  "Async Capable": false,
                                                  "Function Name": "jsonb_array_elements",
                                                  "Alias": "a",
                                                  "Startup Cost": 0.12,
                                                  "Total Cost": 2.12,
                                                  "Plan Rows": 50,
                                                  "Plan Width": 0,
                                                  "Actual Startup Time": 0.005,
                                                  "Actual Total Time": 0.005,
                                                  "Actual Rows": 0,
                                                  "Actual Loops": 1000,
                                                  "Filter": "((ANY (((value ->> 'id'::text) = (hashed SubPlan 12).col1) AND ((value ->> 'sha256'::text) = (hashed SubPlan 12).col2))) IS NOT TRUE)",
                                                  "Rows Removed by Filter": 1,
                                                  "Shared Hit Blocks": 5336,
                                                  "Shared Read Blocks": 0,
                                                  "Shared Dirtied Blocks": 0,
                                                  "Shared Written Blocks": 0,
                                                  "Local Hit Blocks": 0,
                                                  "Local Read Blocks": 0,
                                                  "Local Dirtied Blocks": 0,
                                                  "Local Written Blocks": 0,
                                                  "Temp Read Blocks": 0,
                                                  "Temp Written Blocks": 0,
                                                  "Plans": [
                                                    {
                                                      "Node Type": "CTE Scan",
                                                      "Parent Relationship": "SubPlan",
                                                      "Subplan Name": "SubPlan 12",
                                                      "Parallel Aware": false,
                                                      "Async Capable": false,
                                                      "CTE Name": "available_assets",
                                                      "Alias": "available_assets",
                                                      "Startup Cost": 0.00,
                                                      "Total Cost": 0.10,
                                                      "Plan Rows": 5,
                                                      "Plan Width": 64,
                                                      "Actual Startup Time": 0.327,
                                                      "Actual Total Time": 0.802,
                                                      "Actual Rows": 1000,
                                                      "Actual Loops": 1,
                                                      "Shared Hit Blocks": 2134,
                                                      "Shared Read Blocks": 0,
                                                      "Shared Dirtied Blocks": 0,
                                                      "Shared Written Blocks": 0,
                                                      "Local Hit Blocks": 0,
                                                      "Local Read Blocks": 0,
                                                      "Local Dirtied Blocks": 0,
                                                      "Local Written Blocks": 0,
                                                      "Temp Read Blocks": 0,
                                                      "Temp Written Blocks": 0
                                                    }
                                                  ]
                                                },
                                                {
                                                  "Node Type": "Index Scan",
                                                  "Parent Relationship": "SubPlan",
                                                  "Subplan Name": "SubPlan 9",
                                                  "Parallel Aware": false,
                                                  "Async Capable": false,
                                                  "Scan Direction": "Forward",
                                                  "Index Name": "question_publication_members_pkey",
                                                  "Relation Name": "question_publication_members",
                                                  "Alias": "tm",
                                                  "Startup Cost": 0.41,
                                                  "Total Cost": 8.43,
                                                  "Plan Rows": 1,
                                                  "Plan Width": 68,
                                                  "Actual Startup Time": 0.004,
                                                  "Actual Total Time": 0.024,
                                                  "Actual Rows": 200,
                                                  "Actual Loops": 1,
                                                  "Index Cond": "((publication_id = 'c4da9e12-cabc-4029-9f2e-e96728915215'::uuid) AND (kind = 'template'::text))",
                                                  "Rows Removed by Index Recheck": 0,
                                                  "Shared Hit Blocks": 17,
                                                  "Shared Read Blocks": 0,
                                                  "Shared Dirtied Blocks": 0,
                                                  "Shared Written Blocks": 0,
                                                  "Local Hit Blocks": 0,
                                                  "Local Read Blocks": 0,
                                                  "Local Dirtied Blocks": 0,
                                                  "Local Written Blocks": 0,
                                                  "Temp Read Blocks": 0,
                                                  "Temp Written Blocks": 0
                                                },
                                                {
                                                  "Node Type": "Index Scan",
                                                  "Parent Relationship": "SubPlan",
                                                  "Subplan Name": "SubPlan 7",
                                                  "Parallel Aware": false,
                                                  "Async Capable": false,
                                                  "Scan Direction": "Forward",
                                                  "Index Name": "question_blueprint_sources_pkey",
                                                  "Relation Name": "question_blueprint_sources",
                                                  "Alias": "bs",
                                                  "Startup Cost": 0.41,
                                                  "Total Cost": 8.45,
                                                  "Plan Rows": 1,
                                                  "Plan Width": 0,
                                                  "Actual Startup Time": 0.003,
                                                  "Actual Total Time": 0.003,
                                                  "Actual Rows": 1,
                                                  "Actual Loops": 1000,
                                                  "Index Cond": "((blueprint_id = 'lc-blueprint-0-0'::text) AND (blueprint_version = 1))",
                                                  "Rows Removed by Index Recheck": 0,
                                                  "Filter": "(((kind = 'instance'::text) AND (id = i.id) AND (version = i.version)) OR ((kind = 'template'::text) AND (id = i.template_id) AND (version = i.template_version)))",
                                                  "Rows Removed by Filter": 10,
                                                  "Shared Hit Blocks": 4001,
                                                  "Shared Read Blocks": 0,
                                                  "Shared Dirtied Blocks": 0,
                                                  "Shared Written Blocks": 0,
                                                  "Local Hit Blocks": 0,
                                                  "Local Read Blocks": 0,
                                                  "Local Dirtied Blocks": 0,
                                                  "Local Written Blocks": 0,
                                                  "Temp Read Blocks": 0,
                                                  "Temp Written Blocks": 0
                                                },
                                                {
                                                  "Node Type": "Function Scan",
                                                  "Parent Relationship": "SubPlan",
                                                  "Subplan Name": "SubPlan 11",
                                                  "Parallel Aware": false,
                                                  "Async Capable": false,
                                                  "Function Name": "jsonb_array_elements",
                                                  "Alias": "u",
                                                  "Startup Cost": 57.97,
                                                  "Total Cost": 60.47,
                                                  "Plan Rows": 50,
                                                  "Plan Width": 0,
                                                  "Actual Startup Time": 0.005,
                                                  "Actual Total Time": 0.005,
                                                  "Actual Rows": 0,
                                                  "Actual Loops": 1000,
                                                  "Filter": "((ANY (((value ->> 'id'::text) = (hashed SubPlan 10).col1) AND (((value ->> 'version'::text))::integer = (hashed SubPlan 10).col2))) IS NOT TRUE)",
                                                  "Rows Removed by Filter": 1,
                                                  "Shared Hit Blocks": 3735,
                                                  "Shared Read Blocks": 0,
                                                  "Shared Dirtied Blocks": 0,
                                                  "Shared Written Blocks": 0,
                                                  "Local Hit Blocks": 0,
                                                  "Local Read Blocks": 0,
                                                  "Local Dirtied Blocks": 0,
                                                  "Local Written Blocks": 0,
                                                  "Temp Read Blocks": 0,
                                                  "Temp Written Blocks": 0,
                                                  "Plans": [
                                                    {
                                                      "Node Type": "CTE Scan",
                                                      "Parent Relationship": "SubPlan",
                                                      "Subplan Name": "SubPlan 10",
                                                      "Parallel Aware": false,
                                                      "Async Capable": false,
                                                      "CTE Name": "available_units",
                                                      "Alias": "available_units",
                                                      "Startup Cost": 0.00,
                                                      "Total Cost": 51.52,
                                                      "Plan Rows": 2576,
                                                      "Plan Width": 36,
                                                      "Actual Startup Time": 1.466,
                                                      "Actual Total Time": 2.790,
                                                      "Actual Rows": 4000,
                                                      "Actual Loops": 1,
                                                      "Shared Hit Blocks": 705,
                                                      "Shared Read Blocks": 0,
                                                      "Shared Dirtied Blocks": 0,
                                                      "Shared Written Blocks": 0,
                                                      "Local Hit Blocks": 0,
                                                      "Local Read Blocks": 0,
                                                      "Local Dirtied Blocks": 0,
                                                      "Local Written Blocks": 0,
                                                      "Temp Read Blocks": 0,
                                                      "Temp Written Blocks": 0
                                                    }
                                                  ]
                                                }
                                              ]
                                            },
                                            {
                                              "Node Type": "Index Scan",
                                              "Parent Relationship": "Inner",
                                              "Parallel Aware": false,
                                              "Async Capable": false,
                                              "Scan Direction": "Forward",
                                              "Index Name": "question_publication_members_pkey",
                                              "Relation Name": "question_publication_members",
                                              "Alias": "m",
                                              "Startup Cost": 0.41,
                                              "Total Cost": 8.43,
                                              "Plan Rows": 1,
                                              "Plan Width": 100,
                                              "Actual Startup Time": 0.002,
                                              "Actual Total Time": 0.306,
                                              "Actual Rows": 4909,
                                              "Actual Loops": 1000,
                                              "Index Cond": "((publication_id = 'c4da9e12-cabc-4029-9f2e-e96728915215'::uuid) AND (kind = 'instance'::text))",
                                              "Rows Removed by Index Recheck": 0,
                                              "Shared Hit Blocks": 427911,
                                              "Shared Read Blocks": 0,
                                              "Shared Dirtied Blocks": 0,
                                              "Shared Written Blocks": 0,
                                              "Local Hit Blocks": 0,
                                              "Local Read Blocks": 0,
                                              "Local Dirtied Blocks": 0,
                                              "Local Written Blocks": 0,
                                              "Temp Read Blocks": 0,
                                              "Temp Written Blocks": 0
                                            }
                                          ]
                                        },
                                        {
                                          "Node Type": "Index Scan",
                                          "Parent Relationship": "Inner",
                                          "Parallel Aware": false,
                                          "Async Capable": false,
                                          "Scan Direction": "Forward",
                                          "Index Name": "question_submission_members_pkey",
                                          "Relation Name": "question_submission_members",
                                          "Alias": "sm",
                                          "Startup Cost": 0.41,
                                          "Total Cost": 8.44,
                                          "Plan Rows": 1,
                                          "Plan Width": 84,
                                          "Actual Startup Time": 0.002,
                                          "Actual Total Time": 0.002,
                                          "Actual Rows": 1,
                                          "Actual Loops": 1000,
                                          "Index Cond": "((submission_id = m.submission_id) AND (kind = 'instance'::text) AND (id = m.id))",
                                          "Rows Removed by Index Recheck": 0,
                                          "Filter": "((m.version = version) AND (sha256 = m.sha256))",
                                          "Rows Removed by Filter": 0,
                                          "Shared Hit Blocks": 4002,
                                          "Shared Read Blocks": 0,
                                          "Shared Dirtied Blocks": 0,
                                          "Shared Written Blocks": 0,
                                          "Local Hit Blocks": 0,
                                          "Local Read Blocks": 0,
                                          "Local Dirtied Blocks": 0,
                                          "Local Written Blocks": 0,
                                          "Temp Read Blocks": 0,
                                          "Temp Written Blocks": 0
                                        }
                                      ]
                                    },
                                    {
                                      "Node Type": "Index Scan",
                                      "Parent Relationship": "Inner",
                                      "Parallel Aware": false,
                                      "Async Capable": false,
                                      "Scan Direction": "Forward",
                                      "Index Name": "question_review_decisions_submission_id_key",
                                      "Relation Name": "question_review_decisions",
                                      "Alias": "rd",
                                      "Startup Cost": 0.15,
                                      "Total Cost": 0.59,
                                      "Plan Rows": 1,
                                      "Plan Width": 64,
                                      "Actual Startup Time": 0.000,
                                      "Actual Total Time": 0.000,
                                      "Actual Rows": 1,
                                      "Actual Loops": 1000,
                                      "Index Cond": "(submission_id = sm.submission_id)",
                                      "Rows Removed by Index Recheck": 0,
                                      "Filter": "(decision = 'approve'::text)",
                                      "Rows Removed by Filter": 0,
                                      "Shared Hit Blocks": 2000,
                                      "Shared Read Blocks": 0,
                                      "Shared Dirtied Blocks": 0,
                                      "Shared Written Blocks": 0,
                                      "Local Hit Blocks": 0,
                                      "Local Read Blocks": 0,
                                      "Local Dirtied Blocks": 0,
                                      "Local Written Blocks": 0,
                                      "Temp Read Blocks": 0,
                                      "Temp Written Blocks": 0
                                    }
                                  ]
                                },
                                {
                                  "Node Type": "Index Scan",
                                  "Parent Relationship": "Inner",
                                  "Parallel Aware": false,
                                  "Async Capable": false,
                                  "Scan Direction": "Forward",
                                  "Index Name": "question_submissions_status",
                                  "Relation Name": "question_submissions",
                                  "Alias": "qs",
                                  "Startup Cost": 0.14,
                                  "Total Cost": 0.59,
                                  "Plan Rows": 1,
                                  "Plan Width": 48,
                                  "Actual Startup Time": 0.001,
                                  "Actual Total Time": 0.001,
                                  "Actual Rows": 1,
                                  "Actual Loops": 1000,
                                  "Index Cond": "((status = 'approved'::text) AND (id = sm.submission_id))",
                                  "Rows Removed by Index Recheck": 0,
                                  "Filter": "sealed",
                                  "Rows Removed by Filter": 0,
                                  "Shared Hit Blocks": 2001,
                                  "Shared Read Blocks": 1,
                                  "Shared Dirtied Blocks": 0,
                                  "Shared Written Blocks": 0,
                                  "Local Hit Blocks": 0,
                                  "Local Read Blocks": 0,
                                  "Local Dirtied Blocks": 0,
                                  "Local Written Blocks": 0,
                                  "Temp Read Blocks": 0,
                                  "Temp Written Blocks": 0
                                }
                              ]
                            },
                            {
                              "Node Type": "Index Scan",
                              "Parent Relationship": "Inner",
                              "Parallel Aware": false,
                              "Async Capable": false,
                              "Scan Direction": "Forward",
                              "Index Name": "learner_question_views_pkey",
                              "Relation Name": "learner_question_views",
                              "Alias": "v",
                              "Startup Cost": 0.15,
                              "Total Cost": 8.18,
                              "Plan Rows": 1,
                              "Plan Width": 76,
                              "Actual Startup Time": 0.000,
                              "Actual Total Time": 0.000,
                              "Actual Rows": 0,
                              "Actual Loops": 1000,
                              "Index Cond": "((owner_user_id = '67336ecf-18a2-4769-b67f-3c1b3249b946'::uuid) AND (instance_id = i.id) AND (instance_version = i.version) AND (instance_sha256 = i.sha256))",
                              "Rows Removed by Index Recheck": 0,
                              "Shared Hit Blocks": 1005,
                              "Shared Read Blocks": 0,
                              "Shared Dirtied Blocks": 0,
                              "Shared Written Blocks": 0,
                              "Local Hit Blocks": 0,
                              "Local Read Blocks": 0,
                              "Local Dirtied Blocks": 0,
                              "Local Written Blocks": 0,
                              "Temp Read Blocks": 0,
                              "Temp Written Blocks": 0
                            }
                          ]
                        },
                        {
                          "Node Type": "Aggregate",
                          "Strategy": "Plain",
                          "Partial Mode": "Simple",
                          "Parent Relationship": "Inner",
                          "Parallel Aware": false,
                          "Async Capable": false,
                          "Startup Cost": 12.62,
                          "Total Cost": 12.63,
                          "Plan Rows": 1,
                          "Plan Width": 8,
                          "Actual Startup Time": 0.002,
                          "Actual Total Time": 0.002,
                          "Actual Rows": 1,
                          "Actual Loops": 1000,
                          "Shared Hit Blocks": 4001,
                          "Shared Read Blocks": 0,
                          "Shared Dirtied Blocks": 0,
                          "Shared Written Blocks": 0,
                          "Local Hit Blocks": 0,
                          "Local Read Blocks": 0,
                          "Local Dirtied Blocks": 0,
                          "Local Written Blocks": 0,
                          "Temp Read Blocks": 0,
                          "Temp Written Blocks": 0,
                          "Plans": [
                            {
                              "Node Type": "Bitmap Heap Scan",
                              "Parent Relationship": "Outer",
                              "Parallel Aware": false,
                              "Async Capable": false,
                              "Relation Name": "learner_answer_exposures",
                              "Alias": "e",
                              "Startup Cost": 8.59,
                              "Total Cost": 12.62,
                              "Plan Rows": 1,
                              "Plan Width": 8,
                              "Actual Startup Time": 0.001,
                              "Actual Total Time": 0.001,
                              "Actual Rows": 0,
                              "Actual Loops": 1000,
                              "Recheck Cond": "(((owner_user_id = '67336ecf-18a2-4769-b67f-3c1b3249b946'::uuid) AND (kind = 'instance'::text) AND (id = i.id) AND (version = i.version) AND (sha256 = i.sha256)) OR ((owner_user_id = '67336ecf-18a2-4769-b67f-3c1b3249b946'::uuid) AND (kind = 'template'::text) AND (id = i.template_id) AND (version = i.template_version) AND (sha256 = i.template_sha256)))",
                              "Rows Removed by Index Recheck": 0,
                              "Exact Heap Blocks": 0,
                              "Lossy Heap Blocks": 0,
                              "Shared Hit Blocks": 4001,
                              "Shared Read Blocks": 0,
                              "Shared Dirtied Blocks": 0,
                              "Shared Written Blocks": 0,
                              "Local Hit Blocks": 0,
                              "Local Read Blocks": 0,
                              "Local Dirtied Blocks": 0,
                              "Local Written Blocks": 0,
                              "Temp Read Blocks": 0,
                              "Temp Written Blocks": 0,
                              "Plans": [
                                {
                                  "Node Type": "BitmapOr",
                                  "Parent Relationship": "Outer",
                                  "Parallel Aware": false,
                                  "Async Capable": false,
                                  "Startup Cost": 8.59,
                                  "Total Cost": 8.59,
                                  "Plan Rows": 1,
                                  "Plan Width": 0,
                                  "Actual Startup Time": 0.001,
                                  "Actual Total Time": 0.001,
                                  "Actual Rows": 0,
                                  "Actual Loops": 1000,
                                  "Shared Hit Blocks": 4001,
                                  "Shared Read Blocks": 0,
                                  "Shared Dirtied Blocks": 0,
                                  "Shared Written Blocks": 0,
                                  "Local Hit Blocks": 0,
                                  "Local Read Blocks": 0,
                                  "Local Dirtied Blocks": 0,
                                  "Local Written Blocks": 0,
                                  "Temp Read Blocks": 0,
                                  "Temp Written Blocks": 0,
                                  "Plans": [
                                    {
                                      "Node Type": "Bitmap Index Scan",
                                      "Parent Relationship": "Member",
                                      "Parallel Aware": false,
                                      "Async Capable": false,
                                      "Index Name": "learner_answer_exposures_pkey",
                                      "Startup Cost": 0.00,
                                      "Total Cost": 4.29,
                                      "Plan Rows": 1,
                                      "Plan Width": 0,
                                      "Actual Startup Time": 0.000,
                                      "Actual Total Time": 0.000,
                                      "Actual Rows": 0,
                                      "Actual Loops": 1000,
                                      "Index Cond": "((owner_user_id = '67336ecf-18a2-4769-b67f-3c1b3249b946'::uuid) AND (kind = 'instance'::text) AND (id = i.id) AND (version = i.version) AND (sha256 = i.sha256))",
                                      "Shared Hit Blocks": 2001,
                                      "Shared Read Blocks": 0,
                                      "Shared Dirtied Blocks": 0,
                                      "Shared Written Blocks": 0,
                                      "Local Hit Blocks": 0,
                                      "Local Read Blocks": 0,
                                      "Local Dirtied Blocks": 0,
                                      "Local Written Blocks": 0,
                                      "Temp Read Blocks": 0,
                                      "Temp Written Blocks": 0
                                    },
                                    {
                                      "Node Type": "Bitmap Index Scan",
                                      "Parent Relationship": "Member",
                                      "Parallel Aware": false,
                                      "Async Capable": false,
                                      "Index Name": "learner_answer_exposures_pkey",
                                      "Startup Cost": 0.00,
                                      "Total Cost": 4.29,
                                      "Plan Rows": 1,
                                      "Plan Width": 0,
                                      "Actual Startup Time": 0.000,
                                      "Actual Total Time": 0.000,
                                      "Actual Rows": 0,
                                      "Actual Loops": 1000,
                                      "Index Cond": "((owner_user_id = '67336ecf-18a2-4769-b67f-3c1b3249b946'::uuid) AND (kind = 'template'::text) AND (id = i.template_id) AND (version = i.template_version) AND (sha256 = i.template_sha256))",
                                      "Shared Hit Blocks": 2000,
                                      "Shared Read Blocks": 0,
                                      "Shared Dirtied Blocks": 0,
                                      "Shared Written Blocks": 0,
                                      "Local Hit Blocks": 0,
                                      "Local Read Blocks": 0,
                                      "Local Dirtied Blocks": 0,
                                      "Local Written Blocks": 0,
                                      "Temp Read Blocks": 0,
                                      "Temp Written Blocks": 0
                                    }
                                  ]
                                }
                              ]
                            }
                          ]
                        }
                      ]
                    },
                    {
                      "Node Type": "Bitmap Heap Scan",
                      "Parent Relationship": "Inner",
                      "Parallel Aware": false,
                      "Async Capable": false,
                      "Relation Name": "question_withdrawals",
                      "Alias": "w",
                      "Startup Cost": 8.32,
                      "Total Cost": 12.36,
                      "Plan Rows": 1,
                      "Plan Width": 100,
                      "Actual Startup Time": 0.001,
                      "Actual Total Time": 0.001,
                      "Actual Rows": 0,
                      "Actual Loops": 1000,
                      "Recheck Cond": "(((kind = 'instance'::text) AND (target_id = i.id) AND (target_version = i.version)) OR ((kind = 'template'::text) AND (target_id = i.template_id) AND (target_version = i.template_version)))",
                      "Rows Removed by Index Recheck": 0,
                      "Filter": "(((kind = 'instance'::text) AND (target_id = i.id) AND (target_version = i.version) AND (sha256 = i.sha256)) OR ((kind = 'template'::text) AND (target_id = i.template_id) AND (target_version = i.template_version) AND (sha256 = i.template_sha256)))",
                      "Rows Removed by Filter": 0,
                      "Exact Heap Blocks": 0,
                      "Lossy Heap Blocks": 0,
                      "Shared Hit Blocks": 4000,
                      "Shared Read Blocks": 0,
                      "Shared Dirtied Blocks": 0,
                      "Shared Written Blocks": 0,
                      "Local Hit Blocks": 0,
                      "Local Read Blocks": 0,
                      "Local Dirtied Blocks": 0,
                      "Local Written Blocks": 0,
                      "Temp Read Blocks": 0,
                      "Temp Written Blocks": 0,
                      "Plans": [
                        {
                          "Node Type": "BitmapOr",
                          "Parent Relationship": "Outer",
                          "Parallel Aware": false,
                          "Async Capable": false,
                          "Startup Cost": 8.32,
                          "Total Cost": 8.32,
                          "Plan Rows": 1,
                          "Plan Width": 0,
                          "Actual Startup Time": 0.001,
                          "Actual Total Time": 0.001,
                          "Actual Rows": 0,
                          "Actual Loops": 1000,
                          "Shared Hit Blocks": 4000,
                          "Shared Read Blocks": 0,
                          "Shared Dirtied Blocks": 0,
                          "Shared Written Blocks": 0,
                          "Local Hit Blocks": 0,
                          "Local Read Blocks": 0,
                          "Local Dirtied Blocks": 0,
                          "Local Written Blocks": 0,
                          "Temp Read Blocks": 0,
                          "Temp Written Blocks": 0,
                          "Plans": [
                            {
                              "Node Type": "Bitmap Index Scan",
                              "Parent Relationship": "Member",
                              "Parallel Aware": false,
                              "Async Capable": false,
                              "Index Name": "question_withdrawals_kind_target_id_target_version_key",
                              "Startup Cost": 0.00,
                              "Total Cost": 4.16,
                              "Plan Rows": 1,
                              "Plan Width": 0,
                              "Actual Startup Time": 0.000,
                              "Actual Total Time": 0.000,
                              "Actual Rows": 0,
                              "Actual Loops": 1000,
                              "Index Cond": "((kind = 'instance'::text) AND (target_id = i.id) AND (target_version = i.version))",
                              "Shared Hit Blocks": 2000,
                              "Shared Read Blocks": 0,
                              "Shared Dirtied Blocks": 0,
                              "Shared Written Blocks": 0,
                              "Local Hit Blocks": 0,
                              "Local Read Blocks": 0,
                              "Local Dirtied Blocks": 0,
                              "Local Written Blocks": 0,
                              "Temp Read Blocks": 0,
                              "Temp Written Blocks": 0
                            },
                            {
                              "Node Type": "Bitmap Index Scan",
                              "Parent Relationship": "Member",
                              "Parallel Aware": false,
                              "Async Capable": false,
                              "Index Name": "question_withdrawals_kind_target_id_target_version_key",
                              "Startup Cost": 0.00,
                              "Total Cost": 4.16,
                              "Plan Rows": 1,
                              "Plan Width": 0,
                              "Actual Startup Time": 0.000,
                              "Actual Total Time": 0.000,
                              "Actual Rows": 0,
                              "Actual Loops": 1000,
                              "Index Cond": "((kind = 'template'::text) AND (target_id = i.template_id) AND (target_version = i.template_version))",
                              "Shared Hit Blocks": 2000,
                              "Shared Read Blocks": 0,
                              "Shared Dirtied Blocks": 0,
                              "Shared Written Blocks": 0,
                              "Local Hit Blocks": 0,
                              "Local Read Blocks": 0,
                              "Local Dirtied Blocks": 0,
                              "Local Written Blocks": 0,
                              "Temp Read Blocks": 0,
                              "Temp Written Blocks": 0
                            }
                          ]
                        }
                      ]
                    },
                    {
                      "Node Type": "Aggregate",
                      "Strategy": "Plain",
                      "Partial Mode": "Simple",
                      "Parent Relationship": "SubPlan",
                      "Subplan Name": "SubPlan 4",
                      "Parallel Aware": false,
                      "Async Capable": false,
                      "Startup Cost": 8.44,
                      "Total Cost": 8.45,
                      "Plan Rows": 1,
                      "Plan Width": 32,
                      "Actual Startup Time": 0.003,
                      "Actual Total Time": 0.003,
                      "Actual Rows": 1,
                      "Actual Loops": 1000,
                      "Shared Hit Blocks": 3450,
                      "Shared Read Blocks": 0,
                      "Shared Dirtied Blocks": 0,
                      "Shared Written Blocks": 0,
                      "Local Hit Blocks": 0,
                      "Local Read Blocks": 0,
                      "Local Dirtied Blocks": 0,
                      "Local Written Blocks": 0,
                      "Temp Read Blocks": 0,
                      "Temp Written Blocks": 0,
                      "Plans": [
                        {
                          "Node Type": "Index Only Scan",
                          "Parent Relationship": "Outer",
                          "Parallel Aware": false,
                          "Async Capable": false,
                          "Scan Direction": "Forward",
                          "Index Name": "learning_coverage_knowledge",
                          "Relation Name": "question_instance_coverage",
                          "Alias": "c",
                          "Startup Cost": 0.41,
                          "Total Cost": 8.44,
                          "Plan Rows": 1,
                          "Plan Width": 4,
                          "Actual Startup Time": 0.002,
                          "Actual Total Time": 0.002,
                          "Actual Rows": 1,
                          "Actual Loops": 1000,
                          "Index Cond": "((knowledge_id = 'capacity-k-0000'::text) AND (knowledge_version = 1) AND (instance_id = i.id) AND (instance_version = i.version))",
                          "Rows Removed by Index Recheck": 0,
                          "Heap Fetches": 606,
                          "Shared Hit Blocks": 3450,
                          "Shared Read Blocks": 0,
                          "Shared Dirtied Blocks": 0,
                          "Shared Written Blocks": 0,
                          "Local Hit Blocks": 0,
                          "Local Read Blocks": 0,
                          "Local Dirtied Blocks": 0,
                          "Local Written Blocks": 0,
                          "Temp Read Blocks": 0,
                          "Temp Written Blocks": 0
                        }
                      ]
                    },
                    {
                      "Node Type": "Nested Loop",
                      "Parent Relationship": "SubPlan",
                      "Subplan Name": "SubPlan 6",
                      "Parallel Aware": false,
                      "Async Capable": false,
                      "Join Type": "Inner",
                      "Startup Cost": 4.17,
                      "Total Cost": 11.33,
                      "Plan Rows": 3,
                      "Plan Width": 68,
                      "Actual Startup Time": 0.001,
                      "Actual Total Time": 0.002,
                      "Actual Rows": 0,
                      "Actual Loops": 1,
                      "Inner Unique": false,
                      "Shared Hit Blocks": 2,
                      "Shared Read Blocks": 0,
                      "Shared Dirtied Blocks": 0,
                      "Shared Written Blocks": 0,
                      "Local Hit Blocks": 0,
                      "Local Read Blocks": 0,
                      "Local Dirtied Blocks": 0,
                      "Local Written Blocks": 0,
                      "Temp Read Blocks": 0,
                      "Temp Written Blocks": 0,
                      "Plans": [
                        {
                          "Node Type": "CTE Scan",
                          "Parent Relationship": "Outer",
                          "Parallel Aware": false,
                          "Async Capable": false,
                          "CTE Name": "recent",
                          "Alias": "r",
                          "Startup Cost": 0.00,
                          "Total Cost": 0.02,
                          "Plan Rows": 1,
                          "Plan Width": 16,
                          "Actual Startup Time": 0.001,
                          "Actual Total Time": 0.001,
                          "Actual Rows": 0,
                          "Actual Loops": 1,
                          "Shared Hit Blocks": 2,
                          "Shared Read Blocks": 0,
                          "Shared Dirtied Blocks": 0,
                          "Shared Written Blocks": 0,
                          "Local Hit Blocks": 0,
                          "Local Read Blocks": 0,
                          "Local Dirtied Blocks": 0,
                          "Local Written Blocks": 0,
                          "Temp Read Blocks": 0,
                          "Temp Written Blocks": 0
                        },
                        {
                          "Node Type": "Bitmap Heap Scan",
                          "Parent Relationship": "Inner",
                          "Parallel Aware": false,
                          "Async Capable": false,
                          "Relation Name": "assessment_items",
                          "Alias": "ai",
                          "Startup Cost": 4.17,
                          "Total Cost": 11.28,
                          "Plan Rows": 3,
                          "Plan Width": 84,
                          "Actual Startup Time": 0.000,
                          "Actual Total Time": 0.000,
                          "Actual Rows": 0,
                          "Actual Loops": 0,
                          "Recheck Cond": "(attempt_id = r.id)",
                          "Rows Removed by Index Recheck": 0,
                          "Exact Heap Blocks": 0,
                          "Lossy Heap Blocks": 0,
                          "Shared Hit Blocks": 0,
                          "Shared Read Blocks": 0,
                          "Shared Dirtied Blocks": 0,
                          "Shared Written Blocks": 0,
                          "Local Hit Blocks": 0,
                          "Local Read Blocks": 0,
                          "Local Dirtied Blocks": 0,
                          "Local Written Blocks": 0,
                          "Temp Read Blocks": 0,
                          "Temp Written Blocks": 0,
                          "Plans": [
                            {
                              "Node Type": "Bitmap Index Scan",
                              "Parent Relationship": "Outer",
                              "Parallel Aware": false,
                              "Async Capable": false,
                              "Index Name": "assessment_items_attempt_id_position_instance_id_instance_v_key",
                              "Startup Cost": 0.00,
                              "Total Cost": 4.17,
                              "Plan Rows": 3,
                              "Plan Width": 0,
                              "Actual Startup Time": 0.000,
                              "Actual Total Time": 0.000,
                              "Actual Rows": 0,
                              "Actual Loops": 0,
                              "Index Cond": "(attempt_id = r.id)",
                              "Shared Hit Blocks": 0,
                              "Shared Read Blocks": 0,
                              "Shared Dirtied Blocks": 0,
                              "Shared Written Blocks": 0,
                              "Local Hit Blocks": 0,
                              "Local Read Blocks": 0,
                              "Local Dirtied Blocks": 0,
                              "Local Written Blocks": 0,
                              "Temp Read Blocks": 0,
                              "Temp Written Blocks": 0
                            }
                          ]
                        }
                      ]
                    }
                  ]
                }
              ]
            },
            "Planning": {
              "Shared Hit Blocks": 53,
              "Shared Read Blocks": 0,
              "Shared Dirtied Blocks": 0,
              "Shared Written Blocks": 0,
              "Local Hit Blocks": 0,
              "Local Read Blocks": 0,
              "Local Dirtied Blocks": 0,
              "Local Written Blocks": 0,
              "Temp Read Blocks": 0,
              "Temp Written Blocks": 0
            },
            "Planning Time": 2.267,
            "Triggers": [
            ],
            "Execution Time": 527.879
          }
        ]
    learning_capacity_test.go:501: LEARNING_CAPACITY SQLSUMMARY private-five-bodies actualRows=5 executionMs=5.172000 sharedHits=1198 sharedReads=409
    learning_capacity_test.go:501: LEARNING_CAPACITY SQLPLAN private-five-bodies [
          {
            "Plan": {
              "Node Type": "Sort",
              "Parallel Aware": false,
              "Async Capable": false,
              "Startup Cost": 267.87,
              "Total Cost": 267.88,
              "Plan Rows": 1,
              "Plan Width": 1208,
              "Actual Startup Time": 5.148,
              "Actual Total Time": 5.151,
              "Actual Rows": 5,
              "Actual Loops": 1,
              "Sort Key": ["r.\"position\""],
              "Sort Method": "quicksort",
              "Sort Space Used": 31,
              "Sort Space Type": "Memory",
              "Shared Hit Blocks": 1198,
              "Shared Read Blocks": 409,
              "Shared Dirtied Blocks": 0,
              "Shared Written Blocks": 102,
              "Local Hit Blocks": 0,
              "Local Read Blocks": 0,
              "Local Dirtied Blocks": 0,
              "Local Written Blocks": 0,
              "Temp Read Blocks": 0,
              "Temp Written Blocks": 0,
              "Plans": [
                {
                  "Node Type": "Nested Loop",
                  "Parent Relationship": "Outer",
                  "Parallel Aware": false,
                  "Async Capable": false,
                  "Join Type": "Inner",
                  "Startup Cost": 98.97,
                  "Total Cost": 267.86,
                  "Plan Rows": 1,
                  "Plan Width": 1208,
                  "Actual Startup Time": 3.397,
                  "Actual Total Time": 5.146,
                  "Actual Rows": 5,
                  "Actual Loops": 1,
                  "Inner Unique": false,
                  "Shared Hit Blocks": 1198,
                  "Shared Read Blocks": 409,
                  "Shared Dirtied Blocks": 0,
                  "Shared Written Blocks": 102,
                  "Local Hit Blocks": 0,
                  "Local Read Blocks": 0,
                  "Local Dirtied Blocks": 0,
                  "Local Written Blocks": 0,
                  "Temp Read Blocks": 0,
                  "Temp Written Blocks": 0,
                  "Plans": [
                    {
                      "Node Type": "Nested Loop",
                      "Parent Relationship": "Outer",
                      "Parallel Aware": false,
                      "Async Capable": false,
                      "Join Type": "Inner",
                      "Startup Cost": 98.82,
                      "Total Cost": 259.69,
                      "Plan Rows": 1,
                      "Plan Width": 1224,
                      "Actual Startup Time": 3.394,
                      "Actual Total Time": 5.140,
                      "Actual Rows": 5,
                      "Actual Loops": 1,
                      "Inner Unique": true,
                      "Join Filter": "((i.id = m.id) AND (i.version = m.version) AND (i.sha256 = m.sha256) AND (m.review_id = rd.id) AND (s.id = m.submission_id))",
                      "Rows Removed by Join Filter": 0,
                      "Shared Hit Blocks": 1188,
                      "Shared Read Blocks": 409,
                      "Shared Dirtied Blocks": 0,
                      "Shared Written Blocks": 102,
                      "Local Hit Blocks": 0,
                      "Local Read Blocks": 0,
                      "Local Dirtied Blocks": 0,
                      "Local Written Blocks": 0,
                      "Temp Read Blocks": 0,
                      "Temp Written Blocks": 0,
                      "Plans": [
                        {
                          "Node Type": "Nested Loop",
                          "Parent Relationship": "Outer",
                          "Parallel Aware": false,
                          "Async Capable": false,
                          "Join Type": "Inner",
                          "Startup Cost": 98.41,
                          "Total Cost": 259.03,
                          "Plan Rows": 1,
                          "Plan Width": 1286,
                          "Actual Startup Time": 0.178,
                          "Actual Total Time": 5.045,
                          "Actual Rows": 50,
                          "Actual Loops": 1,
                          "Inner Unique": true,
                          "Shared Hit Blocks": 988,
                          "Shared Read Blocks": 409,
                          "Shared Dirtied Blocks": 0,
                          "Shared Written Blocks": 102,
                          "Local Hit Blocks": 0,
                          "Local Read Blocks": 0,
                          "Local Dirtied Blocks": 0,
                          "Local Written Blocks": 0,
                          "Temp Read Blocks": 0,
                          "Temp Written Blocks": 0,
                          "Plans": [
                            {
                              "Node Type": "Hash Join",
                              "Parent Relationship": "Outer",
                              "Parallel Aware": false,
                              "Async Capable": false,
                              "Join Type": "Inner",
                              "Startup Cost": 98.00,
                              "Total Cost": 257.71,
                              "Plan Rows": 1,
                              "Plan Width": 233,
                              "Actual Startup Time": 0.171,
                              "Actual Total Time": 4.953,
                              "Actual Rows": 50,
                              "Actual Loops": 1,
                              "Inner Unique": false,
                              "Hash Cond": "((sm.id = (r.instance ->> 'id'::text)) AND (sm.version = ((r.instance ->> 'version'::text))::integer) AND (sm.sha256 = (r.instance ->> 'sha256'::text)))",
                              "Shared Hit Blocks": 788,
                              "Shared Read Blocks": 409,
                              "Shared Dirtied Blocks": 0,
                              "Shared Written Blocks": 102,
                              "Local Hit Blocks": 0,
                              "Local Read Blocks": 0,
                              "Local Dirtied Blocks": 0,
                              "Local Written Blocks": 0,
                              "Temp Read Blocks": 0,
                              "Temp Written Blocks": 0,
                              "Plans": [
                                {
                                  "Node Type": "Nested Loop",
                                  "Parent Relationship": "Outer",
                                  "Parallel Aware": false,
                                  "Async Capable": false,
                                  "Join Type": "Inner",
                                  "Startup Cost": 95.25,
                                  "Total Cost": 237.44,
                                  "Plan Rows": 1000,
                                  "Plan Width": 197,
                                  "Actual Startup Time": 0.075,
                                  "Actual Total Time": 3.475,
                                  "Actual Rows": 19000,
                                  "Actual Loops": 1,
                                  "Inner Unique": false,
                                  "Shared Hit Blocks": 788,
                                  "Shared Read Blocks": 409,
                                  "Shared Dirtied Blocks": 0,
                                  "Shared Written Blocks": 102,
                                  "Local Hit Blocks": 0,
                                  "Local Read Blocks": 0,
                                  "Local Dirtied Blocks": 0,
                                  "Local Written Blocks": 0,
                                  "Temp Read Blocks": 0,
                                  "Temp Written Blocks": 0,
                                  "Plans": [
                                    {
                                      "Node Type": "Hash Join",
                                      "Parent Relationship": "Outer",
                                      "Parallel Aware": false,
                                      "Async Capable": false,
                                      "Join Type": "Inner",
                                      "Startup Cost": 13.64,
                                      "Total Cost": 14.98,
                                      "Plan Rows": 1,
                                      "Plan Width": 48,
                                      "Actual Startup Time": 0.013,
                                      "Actual Total Time": 0.021,
                                      "Actual Rows": 19,
                                      "Actual Loops": 1,
                                      "Inner Unique": true,
                                      "Hash Cond": "((s.id = rd.submission_id) AND (s.frozen_digest = rd.frozen_digest))",
                                      "Shared Hit Blocks": 3,
                                      "Shared Read Blocks": 0,
                                      "Shared Dirtied Blocks": 0,
                                      "Shared Written Blocks": 0,
                                      "Local Hit Blocks": 0,
                                      "Local Read Blocks": 0,
                                      "Local Dirtied Blocks": 0,
                                      "Local Written Blocks": 0,
                                      "Temp Read Blocks": 0,
                                      "Temp Written Blocks": 0,
                                      "Plans": [
                                        {
                                          "Node Type": "Seq Scan",
                                          "Parent Relationship": "Outer",
                                          "Parallel Aware": false,
                                          "Async Capable": false,
                                          "Relation Name": "question_submissions",
                                          "Alias": "s",
                                          "Startup Cost": 0.00,
                                          "Total Cost": 1.24,
                                          "Plan Rows": 19,
                                          "Plan Width": 81,
                                          "Actual Startup Time": 0.003,
                                          "Actual Total Time": 0.007,
                                          "Actual Rows": 19,
                                          "Actual Loops": 1,
                                          "Filter": "(sealed AND (status = 'approved'::text))",
                                          "Rows Removed by Filter": 0,
                                          "Shared Hit Blocks": 1,
                                          "Shared Read Blocks": 0,
                                          "Shared Dirtied Blocks": 0,
                                          "Shared Written Blocks": 0,
                                          "Local Hit Blocks": 0,
                                          "Local Read Blocks": 0,
                                          "Local Dirtied Blocks": 0,
                                          "Local Written Blocks": 0,
                                          "Temp Read Blocks": 0,
                                          "Temp Written Blocks": 0
                                        },
                                        {
                                          "Node Type": "Hash",
                                          "Parent Relationship": "Inner",
                                          "Parallel Aware": false,
                                          "Async Capable": false,
                                          "Startup Cost": 13.62,
                                          "Total Cost": 13.62,
                                          "Plan Rows": 1,
                                          "Plan Width": 64,
                                          "Actual Startup Time": 0.008,
                                          "Actual Total Time": 0.009,
                                          "Actual Rows": 19,
                                          "Actual Loops": 1,
                                          "Hash Buckets": 1024,
                                          "Original Hash Buckets": 1024,
                                          "Hash Batches": 1,
                                          "Original Hash Batches": 1,
                                          "Peak Memory Usage": 11,
                                          "Shared Hit Blocks": 2,
                                          "Shared Read Blocks": 0,
                                          "Shared Dirtied Blocks": 0,
                                          "Shared Written Blocks": 0,
                                          "Local Hit Blocks": 0,
                                          "Local Read Blocks": 0,
                                          "Local Dirtied Blocks": 0,
                                          "Local Written Blocks": 0,
                                          "Temp Read Blocks": 0,
                                          "Temp Written Blocks": 0,
                                          "Plans": [
                                            {
                                              "Node Type": "Seq Scan",
                                              "Parent Relationship": "Outer",
                                              "Parallel Aware": false,
                                              "Async Capable": false,
                                              "Relation Name": "question_review_decisions",
                                              "Alias": "rd",
                                              "Startup Cost": 0.00,
                                              "Total Cost": 13.62,
                                              "Plan Rows": 1,
                                              "Plan Width": 64,
                                              "Actual Startup Time": 0.002,
                                              "Actual Total Time": 0.005,
                                              "Actual Rows": 19,
                                              "Actual Loops": 1,
                                              "Filter": "(decision = 'approve'::text)",
                                              "Rows Removed by Filter": 0,
                                              "Shared Hit Blocks": 2,
                                              "Shared Read Blocks": 0,
                                              "Shared Dirtied Blocks": 0,
                                              "Shared Written Blocks": 0,
                                              "Local Hit Blocks": 0,
                                              "Local Read Blocks": 0,
                                              "Local Dirtied Blocks": 0,
                                              "Local Written Blocks": 0,
                                              "Temp Read Blocks": 0,
                                              "Temp Written Blocks": 0
                                            }
                                          ]
                                        }
                                      ]
                                    },
                                    {
                                      "Node Type": "Bitmap Heap Scan",
                                      "Parent Relationship": "Inner",
                                      "Parallel Aware": false,
                                      "Async Capable": false,
                                      "Relation Name": "question_submission_members",
                                      "Alias": "sm",
                                      "Startup Cost": 81.61,
                                      "Total Cost": 212.47,
                                      "Plan Rows": 1000,
                                      "Plan Width": 149,
                                      "Actual Startup Time": 0.052,
                                      "Actual Total Time": 0.120,
                                      "Actual Rows": 1000,
                                      "Actual Loops": 19,
                                      "Recheck Cond": "((s.id = submission_id) AND (kind = 'instance'::text))",
                                      "Rows Removed by Index Recheck": 0,
                                      "Exact Heap Blocks": 653,
                                      "Lossy Heap Blocks": 0,
                                      "Shared Hit Blocks": 785,
                                      "Shared Read Blocks": 409,
                                      "Shared Dirtied Blocks": 0,
                                      "Shared Written Blocks": 102,
                                      "Local Hit Blocks": 0,
                                      "Local Read Blocks": 0,
                                      "Local Dirtied Blocks": 0,
                                      "Local Written Blocks": 0,
                                      "Temp Read Blocks": 0,
                                      "Temp Written Blocks": 0,
                                      "Plans": [
                                        {
                                          "Node Type": "Bitmap Index Scan",
                                          "Parent Relationship": "Outer",
                                          "Parallel Aware": false,
                                          "Async Capable": false,
                                          "Index Name": "question_submission_members_pkey",
                                          "Startup Cost": 0.00,
                                          "Total Cost": 81.36,
                                          "Plan Rows": 1000,
                                          "Plan Width": 0,
                                          "Actual Startup Time": 0.049,
                                          "Actual Total Time": 0.049,
                                          "Actual Rows": 1000,
                                          "Actual Loops": 19,
                                          "Index Cond": "((submission_id = s.id) AND (kind = 'instance'::text))",
                                          "Shared Hit Blocks": 308,
                                          "Shared Read Blocks": 233,
                                          "Shared Dirtied Blocks": 0,
                                          "Shared Written Blocks": 57,
                                          "Local Hit Blocks": 0,
                                          "Local Read Blocks": 0,
                                          "Local Dirtied Blocks": 0,
                                          "Local Written Blocks": 0,
                                          "Temp Read Blocks": 0,
                                          "Temp Written Blocks": 0
                                        }
                                      ]
                                    }
                                  ]
                                },
                                {
                                  "Node Type": "Hash",
                                  "Parent Relationship": "Inner",
                                  "Parallel Aware": false,
                                  "Async Capable": false,
                                  "Startup Cost": 1.00,
                                  "Total Cost": 1.00,
                                  "Plan Rows": 100,
                                  "Plan Width": 36,
                                  "Actual Startup Time": 0.007,
                                  "Actual Total Time": 0.007,
                                  "Actual Rows": 5,
                                  "Actual Loops": 1,
                                  "Hash Buckets": 1024,
                                  "Original Hash Buckets": 1024,
                                  "Hash Batches": 1,
                                  "Original Hash Batches": 1,
                                  "Peak Memory Usage": 10,
                                  "Shared Hit Blocks": 0,
                                  "Shared Read Blocks": 0,
                                  "Shared Dirtied Blocks": 0,
                                  "Shared Written Blocks": 0,
                                  "Local Hit Blocks": 0,
                                  "Local Read Blocks": 0,
                                  "Local Dirtied Blocks": 0,
                                  "Local Written Blocks": 0,
                                  "Temp Read Blocks": 0,
                                  "Temp Written Blocks": 0,
                                  "Plans": [
                                    {
                                      "Node Type": "Function Scan",
                                      "Parent Relationship": "Outer",
                                      "Parallel Aware": false,
                                      "Async Capable": false,
                                      "Function Name": "jsonb_to_recordset",
                                      "Alias": "r",
                                      "Startup Cost": 0.00,
                                      "Total Cost": 1.00,
                                      "Plan Rows": 100,
                                      "Plan Width": 36,
                                      "Actual Startup Time": 0.004,
                                      "Actual Total Time": 0.004,
                                      "Actual Rows": 5,
                                      "Actual Loops": 1,
                                      "Shared Hit Blocks": 0,
                                      "Shared Read Blocks": 0,
                                      "Shared Dirtied Blocks": 0,
                                      "Shared Written Blocks": 0,
                                      "Local Hit Blocks": 0,
                                      "Local Read Blocks": 0,
                                      "Local Dirtied Blocks": 0,
                                      "Local Written Blocks": 0,
                                      "Temp Read Blocks": 0,
                                      "Temp Written Blocks": 0
                                    }
                                  ]
                                }
                              ]
                            },
                            {
                              "Node Type": "Index Scan",
                              "Parent Relationship": "Inner",
                              "Parallel Aware": false,
                              "Async Capable": false,
                              "Scan Direction": "Forward",
                              "Index Name": "question_instances_pkey",
                              "Relation Name": "question_instances",
                              "Alias": "i",
                              "Startup Cost": 0.41,
                              "Total Cost": 1.31,
                              "Plan Rows": 1,
                              "Plan Width": 1053,
                              "Actual Startup Time": 0.002,
                              "Actual Total Time": 0.002,
                              "Actual Rows": 1,
                              "Actual Loops": 50,
                              "Index Cond": "((id = sm.id) AND (version = sm.version))",
                              "Rows Removed by Index Recheck": 0,
                              "Filter": "(sealed AND (sha256 = sm.sha256))",
                              "Rows Removed by Filter": 0,
                              "Shared Hit Blocks": 200,
                              "Shared Read Blocks": 0,
                              "Shared Dirtied Blocks": 0,
                              "Shared Written Blocks": 0,
                              "Local Hit Blocks": 0,
                              "Local Read Blocks": 0,
                              "Local Dirtied Blocks": 0,
                              "Local Written Blocks": 0,
                              "Temp Read Blocks": 0,
                              "Temp Written Blocks": 0
                            }
                          ]
                        },
                        {
                          "Node Type": "Index Scan",
                          "Parent Relationship": "Inner",
                          "Parallel Aware": false,
                          "Async Capable": false,
                          "Scan Direction": "Forward",
                          "Index Name": "question_publication_members_pkey",
                          "Relation Name": "question_publication_members",
                          "Alias": "m",
                          "Startup Cost": 0.41,
                          "Total Cost": 0.64,
                          "Plan Rows": 1,
                          "Plan Width": 402,
                          "Actual Startup Time": 0.002,
                          "Actual Total Time": 0.002,
                          "Actual Rows": 0,
                          "Actual Loops": 50,
                          "Index Cond": "((publication_id = 'c4da9e12-cabc-4029-9f2e-e96728915215'::uuid) AND (kind = 'instance'::text) AND (id = sm.id))",
                          "Rows Removed by Index Recheck": 0,
                          "Filter": "((version = sm.version) AND (sm.sha256 = sha256) AND (sm.submission_id = submission_id))",
                          "Rows Removed by Filter": 1,
                          "Shared Hit Blocks": 200,
                          "Shared Read Blocks": 0,
                          "Shared Dirtied Blocks": 0,
                          "Shared Written Blocks": 0,
                          "Local Hit Blocks": 0,
                          "Local Read Blocks": 0,
                          "Local Dirtied Blocks": 0,
                          "Local Written Blocks": 0,
                          "Temp Read Blocks": 0,
                          "Temp Written Blocks": 0
                        }
                      ]
                    },
                    {
                      "Node Type": "Index Scan",
                      "Parent Relationship": "Inner",
                      "Parallel Aware": false,
                      "Async Capable": false,
                      "Scan Direction": "Forward",
                      "Index Name": "question_publications_pkey",
                      "Relation Name": "question_publications",
                      "Alias": "p",
                      "Startup Cost": 0.14,
                      "Total Cost": 8.16,
                      "Plan Rows": 1,
                      "Plan Width": 16,
                      "Actual Startup Time": 0.001,
                      "Actual Total Time": 0.001,
                      "Actual Rows": 1,
                      "Actual Loops": 5,
                      "Index Cond": "(id = 'c4da9e12-cabc-4029-9f2e-e96728915215'::uuid)",
                      "Rows Removed by Index Recheck": 0,
                      "Filter": "(sealed AND (status = 'published'::text))",
                      "Rows Removed by Filter": 0,
                      "Shared Hit Blocks": 10,
                      "Shared Read Blocks": 0,
                      "Shared Dirtied Blocks": 0,
                      "Shared Written Blocks": 0,
                      "Local Hit Blocks": 0,
                      "Local Read Blocks": 0,
                      "Local Dirtied Blocks": 0,
                      "Local Written Blocks": 0,
                      "Temp Read Blocks": 0,
                      "Temp Written Blocks": 0
                    }
                  ]
                }
              ]
            },
            "Planning": {
              "Shared Hit Blocks": 166,
              "Shared Read Blocks": 2,
              "Shared Dirtied Blocks": 0,
              "Shared Written Blocks": 0,
              "Local Hit Blocks": 0,
              "Local Read Blocks": 0,
              "Local Dirtied Blocks": 0,
              "Local Written Blocks": 0,
              "Temp Read Blocks": 0,
              "Temp Written Blocks": 0
            },
            "Planning Time": 3.127,
            "Triggers": [
            ],
            "Execution Time": 5.172
          }
        ]
=== RUN   TestLearningCapacitySourceVolume/submit-999-successors
    learning_capacity_test.go:504: LEARNING_CAPACITY node-pass-and-999-successors elapsed=2.110360292s allocs=32850 bytes=4594456 heap=6258496 maxRSS=321781760 unit=bytes GOOS=darwin err=<nil>
=== RUN   TestLearningCapacitySourceVolume/overview-after-node-pass
    learning_capacity_test.go:513: LEARNING_CAPACITY overview-1000-with-actual-pass elapsed=460.409208ms allocs=69272 bytes=4221848 heap=5439912 maxRSS=321781760 unit=bytes GOOS=darwin err=<nil>
=== NAME  TestLearningCapacitySourceVolume
    learning_capacity_test.go:522: LEARNING_CAPACITY maximum-template-exposure-20-families elapsed=26.558291ms allocs=121069 bytes=27496720 heap=19240712 maxRSS=321781760 unit=bytes GOOS=darwin err=<nil>
    learning_capacity_test.go:542: LEARNING_CAPACITY maximum-alternative-pass-antijoin elapsed=290.198875ms allocs=94126 bytes=14505472 heap=22791600 maxRSS=321929216 unit=bytes GOOS=darwin err=<nil>
    learning_capacity_test.go:549: LEARNING_CAPACITY maximum-owned-historical-svg elapsed=13.532917ms allocs=1430 bytes=380936 heap=17804296 maxRSS=321929216 unit=bytes GOOS=darwin err=<nil>
    learning_capacity_test.go:566: LEARNING_CAPACITY maximum-owned-history-101-offset-0 elapsed=13.351834ms allocs=2999 bytes=297728 heap=17762760 maxRSS=322191360 unit=bytes GOOS=darwin err=<nil>
    learning_capacity_test.go:566: LEARNING_CAPACITY maximum-owned-history-101-offset-100 elapsed=11.590917ms allocs=1006 bytes=197416 heap=17666312 maxRSS=322191360 unit=bytes GOOS=darwin err=<nil>
=== RUN   TestLearningCapacitySourceVolume/maximum-shared-two-slots-and-exclusive-lock
    learning_capacity_test.go:436: LEARNING_CAPACITY twoRealHeavyCreations=true differentUsers=true twoSharedSlots=true elapsed=267.5315ms
    learning_capacity_test.go:450: LEARNING_CAPACITY exclusiveLockWait=1.014104875s no-writing-read=true
--- PASS: TestLearningCapacitySourceVolume (91.55s)
    --- PASS: TestLearningCapacitySourceVolume/safe-options (0.31s)
    --- PASS: TestLearningCapacitySourceVolume/overview-empty (0.42s)
    --- PASS: TestLearningCapacitySourceVolume/submit-999-successors (2.11s)
    --- PASS: TestLearningCapacitySourceVolume/overview-after-node-pass (0.46s)
    --- PASS: TestLearningCapacitySourceVolume/maximum-shared-two-slots-and-exclusive-lock (1.28s)
PASS
ok  	github.com/yyl1212/math_master/backend/internal/store	91.831s
