=== RUN   TestLearningCapacityMaxPool
    learning_capacity_test.go:229: LEARNING_CAPACITY actual published knowledge=1000 units=4000 paths=200 assets=1000 templates=200 instances=10000 blueprints=1000 rootCandidates=1000 core=8 directSuccessors=999 actualMaxPathNodes=100
    learning_capacity_test.go:229: LEARNING_CAPACITY approvalProofDifferential=1000 allEqual=true allApproved=true
    learning_capacity_test.go:237: LEARNING_CAPACITY optionsWireBytes=211777
    learning_capacity_test.go:231: LEARNING_CAPACITY 1000-safe-blueprint-options elapsed=310.421958ms allocs=94588 bytes=15679032 heap=39222560 maxRSS=329564160 unit=bytes GOOS=darwin err=<nil>
    learning_capacity_test.go:247: LEARNING_CAPACITY approval100Plan=[
          {
            "Plan": {
              "Node Type": "Nested Loop",
              "Parallel Aware": false,
              "Async Capable": false,
              "Join Type": "Inner",
              "Startup Cost": 0.56,
              "Total Cost": 10.69,
              "Plan Rows": 1,
              "Plan Width": 1,
              "Actual Startup Time": 3.175,
              "Actual Total Time": 202.789,
              "Actual Rows": 100,
              "Actual Loops": 1,
              "Inner Unique": true,
              "Shared Hit Blocks": 10217,
              "Shared Read Blocks": 5,
              "Shared Dirtied Blocks": 0,
              "Shared Written Blocks": 0,
              "Local Hit Blocks": 0,
              "Local Read Blocks": 0,
              "Local Dirtied Blocks": 0,
              "Local Written Blocks": 0,
              "Temp Read Blocks": 0,
              "Temp Written Blocks": 0,
              "Plans": [
                {
                  "Node Type": "Index Scan",
                  "Parent Relationship": "Outer",
                  "Parallel Aware": false,
                  "Async Capable": false,
                  "Scan Direction": "Forward",
                  "Index Name": "path_nodes_path_id_path_version_knowledge_id_key",
                  "Relation Name": "path_nodes",
                  "Alias": "pn",
                  "Startup Cost": 0.28,
                  "Total Cost": 6.14,
                  "Plan Rows": 1,
                  "Plan Width": 20,
                  "Actual Startup Time": 0.016,
                  "Actual Total Time": 0.060,
                  "Actual Rows": 100,
                  "Actual Loops": 1,
                  "Index Cond": "((path_id = 'capacity-p-000'::text) AND (path_version = 2))",
                  "Rows Removed by Index Recheck": 0,
                  "Shared Hit Blocks": 0,
                  "Shared Read Blocks": 5,
                  "Shared Dirtied Blocks": 0,
                  "Shared Written Blocks": 0,
                  "Local Hit Blocks": 0,
                  "Local Read Blocks": 0,
                  "Local Dirtied Blocks": 0,
                  "Local Written Blocks": 0,
                  "Temp Read Blocks": 0,
                  "Temp Written Blocks": 0
                },
                {
                  "Node Type": "Index Only Scan",
                  "Parent Relationship": "Inner",
                  "Parallel Aware": false,
                  "Async Capable": false,
                  "Scan Direction": "Forward",
                  "Index Name": "learning_knowledge_identity_sha",
                  "Relation Name": "knowledge_versions",
                  "Alias": "k",
                  "Startup Cost": 0.28,
                  "Total Cost": 4.29,
                  "Plan Rows": 1,
                  "Plan Width": 85,
                  "Actual Startup Time": 0.002,
                  "Actual Total Time": 0.002,
                  "Actual Rows": 1,
                  "Actual Loops": 100,
                  "Index Cond": "((id = pn.knowledge_id) AND (version = pn.knowledge_version))",
                  "Rows Removed by Index Recheck": 0,
                  "Heap Fetches": 0,
                  "Shared Hit Blocks": 201,
                  "Shared Read Blocks": 0,
                  "Shared Dirtied Blocks": 0,
                  "Shared Written Blocks": 0,
                  "Local Hit Blocks": 0,
                  "Local Read Blocks": 0,
                  "Local Dirtied Blocks": 0,
                  "Local Written Blocks": 0,
                  "Temp Read Blocks": 0,
                  "Temp Written Blocks": 0
                }
              ]
            },
            "Planning": {
              "Shared Hit Blocks": 15,
              "Shared Read Blocks": 0,
              "Shared Dirtied Blocks": 0,
              "Shared Written Blocks": 0,
              "Local Hit Blocks": 0,
              "Local Read Blocks": 0,
              "Local Dirtied Blocks": 0,
              "Local Written Blocks": 0,
              "Temp Read Blocks": 0,
              "Temp Written Blocks": 0
            },
            "Planning Time": 0.140,
            "Triggers": [
            ],
            "Execution Time": 202.802
          }
        ]
    learning_capacity_test.go:251: LEARNING_CAPACITY enroll-route-0 elapsed=764.100333ms allocs=33898 bytes=8375336 heap=32209448 maxRSS=329596928 unit=bytes GOOS=darwin err=<nil>
    learning_capacity_test.go:251: LEARNING_CAPACITY enroll-route-1 elapsed=737.969458ms allocs=33678 bytes=8394520 heap=32008760 maxRSS=329613312 unit=bytes GOOS=darwin err=<nil>
    learning_capacity_test.go:251: LEARNING_CAPACITY enroll-route-2 elapsed=737.451084ms allocs=33695 bytes=8396136 heap=32020536 maxRSS=329613312 unit=bytes GOOS=darwin err=<nil>
    learning_capacity_test.go:251: LEARNING_CAPACITY enroll-route-3 elapsed=738.8235ms allocs=33679 bytes=8394728 heap=32019832 maxRSS=329613312 unit=bytes GOOS=darwin err=<nil>
    learning_capacity_test.go:251: LEARNING_CAPACITY enroll-route-4 elapsed=744.082875ms allocs=33680 bytes=8395048 heap=32020296 maxRSS=329613312 unit=bytes GOOS=darwin err=<nil>
    learning_capacity_test.go:251: LEARNING_CAPACITY enroll-route-5 elapsed=737.602875ms allocs=33685 bytes=8395416 heap=32020808 maxRSS=329613312 unit=bytes GOOS=darwin err=<nil>
    learning_capacity_test.go:251: LEARNING_CAPACITY enroll-route-6 elapsed=733.80825ms allocs=33691 bytes=8396104 heap=32021544 maxRSS=329613312 unit=bytes GOOS=darwin err=<nil>
    learning_capacity_test.go:251: LEARNING_CAPACITY enroll-route-7 elapsed=736.057375ms allocs=33671 bytes=8393272 heap=32019320 maxRSS=329613312 unit=bytes GOOS=darwin err=<nil>
    learning_capacity_test.go:251: LEARNING_CAPACITY enroll-route-8 elapsed=739.257416ms allocs=33685 bytes=8395144 heap=32020776 maxRSS=329613312 unit=bytes GOOS=darwin err=<nil>
    learning_capacity_test.go:251: LEARNING_CAPACITY enroll-route-9 elapsed=738.427625ms allocs=33673 bytes=8347264 heap=31972848 maxRSS=329613312 unit=bytes GOOS=darwin err=<nil>
    learning_capacity_test.go:251: LEARNING_CAPACITY enroll-route-10 elapsed=739.952625ms allocs=33646 bytes=8341712 heap=31968992 maxRSS=329613312 unit=bytes GOOS=darwin err=<nil>
    learning_capacity_test.go:251: LEARNING_CAPACITY enroll-route-11 elapsed=739.060833ms allocs=33651 bytes=8389144 heap=32016952 maxRSS=329613312 unit=bytes GOOS=darwin err=<nil>
    learning_capacity_test.go:251: LEARNING_CAPACITY enroll-route-12 elapsed=741.067959ms allocs=33664 bytes=8348408 heap=31987528 maxRSS=329613312 unit=bytes GOOS=darwin err=<nil>
    learning_capacity_test.go:251: LEARNING_CAPACITY enroll-route-13 elapsed=737.404208ms allocs=33691 bytes=8395992 heap=32035096 maxRSS=329613312 unit=bytes GOOS=darwin err=<nil>
    learning_capacity_test.go:251: LEARNING_CAPACITY enroll-route-14 elapsed=738.096917ms allocs=33670 bytes=8393976 heap=32021096 maxRSS=329613312 unit=bytes GOOS=darwin err=<nil>
    learning_capacity_test.go:251: LEARNING_CAPACITY enroll-route-15 elapsed=738.951166ms allocs=33664 bytes=8346464 heap=31973088 maxRSS=329613312 unit=bytes GOOS=darwin err=<nil>
    learning_capacity_test.go:251: LEARNING_CAPACITY enroll-route-16 elapsed=742.141459ms allocs=33691 bytes=8396424 heap=32023160 maxRSS=329613312 unit=bytes GOOS=darwin err=<nil>
    learning_capacity_test.go:251: LEARNING_CAPACITY enroll-route-17 elapsed=736.727334ms allocs=33696 bytes=8397848 heap=32025784 maxRSS=329613312 unit=bytes GOOS=darwin err=<nil>
    learning_capacity_test.go:251: LEARNING_CAPACITY enroll-route-18 elapsed=741.681375ms allocs=33686 bytes=8395304 heap=32024328 maxRSS=329613312 unit=bytes GOOS=darwin err=<nil>
    learning_capacity_test.go:251: LEARNING_CAPACITY enroll-route-19 elapsed=736.415417ms allocs=33674 bytes=8394392 heap=32021496 maxRSS=329629696 unit=bytes GOOS=darwin err=<nil>
    learning_capacity_test.go:251: LEARNING_CAPACITY enroll-route-20 elapsed=137.982458ms allocs=6451 bytes=1522880 heap=25149904 maxRSS=329629696 unit=bytes GOOS=darwin err=<nil>
    learning_capacity_test.go:251: LEARNING_CAPACITY enroll-route-21 elapsed=138.204625ms allocs=6400 bytes=1468056 heap=25095832 maxRSS=329629696 unit=bytes GOOS=darwin err=<nil>
    learning_capacity_test.go:251: LEARNING_CAPACITY enroll-route-22 elapsed=140.36625ms allocs=6425 bytes=1519776 heap=25147616 maxRSS=329629696 unit=bytes GOOS=darwin err=<nil>
    learning_capacity_test.go:251: LEARNING_CAPACITY enroll-route-23 elapsed=137.961625ms allocs=6422 bytes=1517504 heap=25146064 maxRSS=329629696 unit=bytes GOOS=darwin err=<nil>
    learning_capacity_test.go:251: LEARNING_CAPACITY enroll-route-24 elapsed=139.478167ms allocs=6423 bytes=1517488 heap=25145280 maxRSS=329629696 unit=bytes GOOS=darwin err=<nil>
    learning_capacity_test.go:251: LEARNING_CAPACITY enroll-route-25 elapsed=137.338084ms allocs=6428 bytes=1473752 heap=25101592 maxRSS=329629696 unit=bytes GOOS=darwin err=<nil>
    learning_capacity_test.go:251: LEARNING_CAPACITY enroll-route-26 elapsed=138.656125ms allocs=6439 bytes=1521792 heap=25149888 maxRSS=329629696 unit=bytes GOOS=darwin err=<nil>
    learning_capacity_test.go:251: LEARNING_CAPACITY enroll-route-27 elapsed=137.665083ms allocs=6437 bytes=1521680 heap=25136944 maxRSS=329629696 unit=bytes GOOS=darwin err=<nil>
    learning_capacity_test.go:251: LEARNING_CAPACITY enroll-route-28 elapsed=146.403042ms allocs=6427 bytes=1517904 heap=25133216 maxRSS=329629696 unit=bytes GOOS=darwin err=<nil>
    learning_capacity_test.go:251: LEARNING_CAPACITY enroll-route-29 elapsed=138.398083ms allocs=6426 bytes=1473320 heap=25102152 maxRSS=329629696 unit=bytes GOOS=darwin err=<nil>
    learning_capacity_test.go:251: LEARNING_CAPACITY enroll-route-30 elapsed=138.075541ms allocs=6440 bytes=1521344 heap=25149616 maxRSS=329629696 unit=bytes GOOS=darwin err=<nil>
    learning_capacity_test.go:251: LEARNING_CAPACITY enroll-route-31 elapsed=138.942042ms allocs=6437 bytes=1521536 heap=25150304 maxRSS=329629696 unit=bytes GOOS=darwin err=<nil>
    learning_capacity_test.go:251: LEARNING_CAPACITY enroll-route-32 elapsed=139.374459ms allocs=6420 bytes=1516376 heap=25131880 maxRSS=329629696 unit=bytes GOOS=darwin err=<nil>
    learning_capacity_test.go:251: LEARNING_CAPACITY enroll-route-33 elapsed=138.794833ms allocs=6435 bytes=1520816 heap=25150032 maxRSS=329629696 unit=bytes GOOS=darwin err=<nil>
    learning_capacity_test.go:251: LEARNING_CAPACITY enroll-route-34 elapsed=138.030584ms allocs=6426 bytes=1517936 heap=25147264 maxRSS=329629696 unit=bytes GOOS=darwin err=<nil>
    learning_capacity_test.go:251: LEARNING_CAPACITY enroll-route-35 elapsed=136.216292ms allocs=6438 bytes=1521920 heap=25151568 maxRSS=329629696 unit=bytes GOOS=darwin err=<nil>
    learning_capacity_test.go:251: LEARNING_CAPACITY enroll-route-36 elapsed=139.1915ms allocs=6430 bytes=1518208 heap=25148480 maxRSS=329629696 unit=bytes GOOS=darwin err=<nil>
    learning_capacity_test.go:251: LEARNING_CAPACITY enroll-route-37 elapsed=137.956125ms allocs=6410 bytes=1516016 heap=25145872 maxRSS=329629696 unit=bytes GOOS=darwin err=<nil>
    learning_capacity_test.go:251: LEARNING_CAPACITY enroll-route-38 elapsed=137.66875ms allocs=6454 bytes=1523152 heap=25152608 maxRSS=329629696 unit=bytes GOOS=darwin err=<nil>
    learning_capacity_test.go:251: LEARNING_CAPACITY enroll-route-39 elapsed=136.783125ms allocs=6415 bytes=1472616 heap=25102552 maxRSS=329629696 unit=bytes GOOS=darwin err=<nil>
    learning_capacity_test.go:251: LEARNING_CAPACITY enroll-route-40 elapsed=138.197542ms allocs=6423 bytes=1473576 heap=25103080 maxRSS=329629696 unit=bytes GOOS=darwin err=<nil>
    learning_capacity_test.go:251: LEARNING_CAPACITY enroll-route-41 elapsed=136.644292ms allocs=6443 bytes=1522416 heap=25151872 maxRSS=329629696 unit=bytes GOOS=darwin err=<nil>
    learning_capacity_test.go:251: LEARNING_CAPACITY enroll-route-42 elapsed=139.431125ms allocs=6441 bytes=1522384 heap=25151984 maxRSS=329629696 unit=bytes GOOS=darwin err=<nil>
    learning_capacity_test.go:251: LEARNING_CAPACITY enroll-route-43 elapsed=142.9155ms allocs=6439 bytes=1521488 heap=25151024 maxRSS=329629696 unit=bytes GOOS=darwin err=<nil>
    learning_capacity_test.go:251: LEARNING_CAPACITY enroll-route-44 elapsed=140.516166ms allocs=6412 bytes=1516192 heap=25146384 maxRSS=329629696 unit=bytes GOOS=darwin err=<nil>
    learning_capacity_test.go:251: LEARNING_CAPACITY enroll-route-45 elapsed=137.965416ms allocs=6392 bytes=1467416 heap=25109848 maxRSS=329629696 unit=bytes GOOS=darwin err=<nil>
    learning_capacity_test.go:251: LEARNING_CAPACITY enroll-route-46 elapsed=137.435833ms allocs=6411 bytes=1469208 heap=25098776 maxRSS=329629696 unit=bytes GOOS=darwin err=<nil>
    learning_capacity_test.go:251: LEARNING_CAPACITY enroll-route-47 elapsed=139.71275ms allocs=6441 bytes=1522400 heap=25152736 maxRSS=329629696 unit=bytes GOOS=darwin err=<nil>
    learning_capacity_test.go:251: LEARNING_CAPACITY enroll-route-48 elapsed=137.467208ms allocs=6428 bytes=1519152 heap=25148928 maxRSS=329629696 unit=bytes GOOS=darwin err=<nil>
    learning_capacity_test.go:251: LEARNING_CAPACITY enroll-route-49 elapsed=142.924375ms allocs=6407 bytes=1468568 heap=25098424 maxRSS=329629696 unit=bytes GOOS=darwin err=<nil>
    learning_capacity_test.go:251: LEARNING_CAPACITY enroll-route-50 elapsed=138.468917ms allocs=6427 bytes=1517952 heap=25147808 maxRSS=329629696 unit=bytes GOOS=darwin err=<nil>
    learning_capacity_test.go:251: LEARNING_CAPACITY enroll-route-51 elapsed=138.114375ms allocs=6416 bytes=1517728 heap=25148240 maxRSS=329629696 unit=bytes GOOS=darwin err=<nil>
    learning_capacity_test.go:251: LEARNING_CAPACITY enroll-route-52 elapsed=137.576375ms allocs=6411 bytes=1471352 heap=25114328 maxRSS=329629696 unit=bytes GOOS=darwin err=<nil>
    learning_capacity_test.go:251: LEARNING_CAPACITY enroll-route-53 elapsed=137.864458ms allocs=6420 bytes=1517040 heap=25147744 maxRSS=329629696 unit=bytes GOOS=darwin err=<nil>
    learning_capacity_test.go:251: LEARNING_CAPACITY enroll-route-54 elapsed=137.462958ms allocs=6427 bytes=1519184 heap=25150032 maxRSS=329629696 unit=bytes GOOS=darwin err=<nil>
    learning_capacity_test.go:251: LEARNING_CAPACITY enroll-route-55 elapsed=139.354209ms allocs=6401 bytes=1468024 heap=25100072 maxRSS=329629696 unit=bytes GOOS=darwin err=<nil>
    learning_capacity_test.go:251: LEARNING_CAPACITY enroll-route-56 elapsed=138.213416ms allocs=6422 bytes=1473240 heap=25104680 maxRSS=329629696 unit=bytes GOOS=darwin err=<nil>
    learning_capacity_test.go:251: LEARNING_CAPACITY enroll-route-57 elapsed=139.826375ms allocs=6421 bytes=1471976 heap=25103304 maxRSS=329629696 unit=bytes GOOS=darwin err=<nil>
    learning_capacity_test.go:251: LEARNING_CAPACITY enroll-route-58 elapsed=140.496584ms allocs=6452 bytes=1523360 heap=25154800 maxRSS=329629696 unit=bytes GOOS=darwin err=<nil>
    learning_capacity_test.go:251: LEARNING_CAPACITY enroll-route-59 elapsed=136.564208ms allocs=6429 bytes=1520192 heap=25152432 maxRSS=329629696 unit=bytes GOOS=darwin err=<nil>
    learning_capacity_test.go:251: LEARNING_CAPACITY enroll-route-60 elapsed=137.881167ms allocs=6419 bytes=1519504 heap=25151184 maxRSS=329629696 unit=bytes GOOS=darwin err=<nil>
    learning_capacity_test.go:251: LEARNING_CAPACITY enroll-route-61 elapsed=136.550083ms allocs=6415 bytes=1516496 heap=25148240 maxRSS=329629696 unit=bytes GOOS=darwin err=<nil>
    learning_capacity_test.go:251: LEARNING_CAPACITY enroll-route-62 elapsed=139.137791ms allocs=6439 bytes=1520200 heap=25139128 maxRSS=329629696 unit=bytes GOOS=darwin err=<nil>
    learning_capacity_test.go:251: LEARNING_CAPACITY enroll-route-63 elapsed=138.278542ms allocs=6439 bytes=1521776 heap=25153776 maxRSS=329629696 unit=bytes GOOS=darwin err=<nil>
    learning_capacity_test.go:251: LEARNING_CAPACITY enroll-route-64 elapsed=137.108625ms allocs=6444 bytes=1522512 heap=25141536 maxRSS=329629696 unit=bytes GOOS=darwin err=<nil>
    learning_capacity_test.go:251: LEARNING_CAPACITY enroll-route-65 elapsed=137.987834ms allocs=6414 bytes=1471608 heap=25103672 maxRSS=329629696 unit=bytes GOOS=darwin err=<nil>
    learning_capacity_test.go:251: LEARNING_CAPACITY enroll-route-66 elapsed=138.038666ms allocs=6451 bytes=1523168 heap=25155760 maxRSS=329629696 unit=bytes GOOS=darwin err=<nil>
    learning_capacity_test.go:251: LEARNING_CAPACITY enroll-route-67 elapsed=136.704959ms allocs=6393 bytes=1467560 heap=25100184 maxRSS=329629696 unit=bytes GOOS=darwin err=<nil>
    learning_capacity_test.go:251: LEARNING_CAPACITY enroll-route-68 elapsed=138.906459ms allocs=6438 bytes=1521104 heap=25153312 maxRSS=329629696 unit=bytes GOOS=darwin err=<nil>
    learning_capacity_test.go:251: LEARNING_CAPACITY enroll-route-69 elapsed=153.850917ms allocs=6428 bytes=1473848 heap=25106568 maxRSS=329629696 unit=bytes GOOS=darwin err=<nil>
    learning_capacity_test.go:251: LEARNING_CAPACITY enroll-route-70 elapsed=136.556875ms allocs=6431 bytes=1521312 heap=25153856 maxRSS=329629696 unit=bytes GOOS=darwin err=<nil>
    learning_capacity_test.go:251: LEARNING_CAPACITY enroll-route-71 elapsed=138.537ms allocs=6428 bytes=1521376 heap=25140736 maxRSS=329629696 unit=bytes GOOS=darwin err=<nil>
    learning_capacity_test.go:251: LEARNING_CAPACITY enroll-route-72 elapsed=139.057375ms allocs=6407 bytes=1515920 heap=25149232 maxRSS=329629696 unit=bytes GOOS=darwin err=<nil>
    learning_capacity_test.go:251: LEARNING_CAPACITY enroll-route-73 elapsed=142.264167ms allocs=6419 bytes=1517168 heap=25162800 maxRSS=329629696 unit=bytes GOOS=darwin err=<nil>
    learning_capacity_test.go:251: LEARNING_CAPACITY enroll-route-74 elapsed=138.913334ms allocs=6451 bytes=1523232 heap=25156736 maxRSS=329629696 unit=bytes GOOS=darwin err=<nil>
    learning_capacity_test.go:251: LEARNING_CAPACITY enroll-route-75 elapsed=139.585167ms allocs=6430 bytes=1520624 heap=25154768 maxRSS=329629696 unit=bytes GOOS=darwin err=<nil>
    learning_capacity_test.go:251: LEARNING_CAPACITY enroll-route-76 elapsed=137.773334ms allocs=6448 bytes=1522736 heap=25156784 maxRSS=329629696 unit=bytes GOOS=darwin err=<nil>
    learning_capacity_test.go:251: LEARNING_CAPACITY enroll-route-77 elapsed=137.912958ms allocs=6437 bytes=1520992 heap=25155776 maxRSS=329629696 unit=bytes GOOS=darwin err=<nil>
    learning_capacity_test.go:251: LEARNING_CAPACITY enroll-route-78 elapsed=137.546416ms allocs=6427 bytes=1473528 heap=25108712 maxRSS=329629696 unit=bytes GOOS=darwin err=<nil>
    learning_capacity_test.go:251: LEARNING_CAPACITY enroll-route-79 elapsed=138.208375ms allocs=6426 bytes=1473352 heap=25108472 maxRSS=329629696 unit=bytes GOOS=darwin err=<nil>
    learning_capacity_test.go:251: LEARNING_CAPACITY enroll-route-80 elapsed=139.65725ms allocs=6446 bytes=1522656 heap=25158032 maxRSS=329629696 unit=bytes GOOS=darwin err=<nil>
    learning_capacity_test.go:251: LEARNING_CAPACITY enroll-route-81 elapsed=139.419625ms allocs=6430 bytes=1519264 heap=25155152 maxRSS=329629696 unit=bytes GOOS=darwin err=<nil>
    learning_capacity_test.go:251: LEARNING_CAPACITY enroll-route-82 elapsed=136.297666ms allocs=6394 bytes=1467736 heap=25104600 maxRSS=329629696 unit=bytes GOOS=darwin err=<nil>
    learning_capacity_test.go:251: LEARNING_CAPACITY enroll-route-83 elapsed=140.999375ms allocs=6422 bytes=1517168 heap=25140496 maxRSS=329629696 unit=bytes GOOS=darwin err=<nil>
    learning_capacity_test.go:251: LEARNING_CAPACITY enroll-route-84 elapsed=137.364208ms allocs=6446 bytes=1523136 heap=25159280 maxRSS=329629696 unit=bytes GOOS=darwin err=<nil>
    learning_capacity_test.go:251: LEARNING_CAPACITY enroll-route-85 elapsed=137.40975ms allocs=6455 bytes=1523440 heap=25160352 maxRSS=329629696 unit=bytes GOOS=darwin err=<nil>
    learning_capacity_test.go:251: LEARNING_CAPACITY enroll-route-86 elapsed=142.537667ms allocs=6417 bytes=1517808 heap=25155472 maxRSS=329629696 unit=bytes GOOS=darwin err=<nil>
    learning_capacity_test.go:251: LEARNING_CAPACITY enroll-route-87 elapsed=138.556291ms allocs=6453 bytes=1523152 heap=25159936 maxRSS=329629696 unit=bytes GOOS=darwin err=<nil>
    learning_capacity_test.go:251: LEARNING_CAPACITY enroll-route-88 elapsed=137.189875ms allocs=6428 bytes=1519952 heap=25157584 maxRSS=329629696 unit=bytes GOOS=darwin err=<nil>
    learning_capacity_test.go:251: LEARNING_CAPACITY enroll-route-89 elapsed=137.626583ms allocs=6444 bytes=1522464 heap=25159568 maxRSS=329629696 unit=bytes GOOS=darwin err=<nil>
    learning_capacity_test.go:251: LEARNING_CAPACITY enroll-route-90 elapsed=137.782791ms allocs=6443 bytes=1521552 heap=25158704 maxRSS=329629696 unit=bytes GOOS=darwin err=<nil>
    learning_capacity_test.go:251: LEARNING_CAPACITY enroll-route-91 elapsed=135.77875ms allocs=6417 bytes=1516736 heap=25154608 maxRSS=329629696 unit=bytes GOOS=darwin err=<nil>
    learning_capacity_test.go:251: LEARNING_CAPACITY enroll-route-92 elapsed=137.99025ms allocs=6439 bytes=1519984 heap=25157504 maxRSS=329629696 unit=bytes GOOS=darwin err=<nil>
    learning_capacity_test.go:251: LEARNING_CAPACITY enroll-route-93 elapsed=137.978417ms allocs=6446 bytes=1522400 heap=25160720 maxRSS=329629696 unit=bytes GOOS=darwin err=<nil>
    learning_capacity_test.go:251: LEARNING_CAPACITY enroll-route-94 elapsed=137.428625ms allocs=6441 bytes=1522128 heap=25159808 maxRSS=329629696 unit=bytes GOOS=darwin err=<nil>
    learning_capacity_test.go:251: LEARNING_CAPACITY enroll-route-95 elapsed=141.602166ms allocs=6434 bytes=1519760 heap=25157872 maxRSS=329629696 unit=bytes GOOS=darwin err=<nil>
    learning_capacity_test.go:251: LEARNING_CAPACITY enroll-route-96 elapsed=139.641958ms allocs=6460 bytes=1523968 heap=25162544 maxRSS=329629696 unit=bytes GOOS=darwin err=<nil>
    learning_capacity_test.go:251: LEARNING_CAPACITY enroll-route-97 elapsed=140.368208ms allocs=6411 bytes=1471448 heap=25111096 maxRSS=329629696 unit=bytes GOOS=darwin err=<nil>
    learning_capacity_test.go:251: LEARNING_CAPACITY enroll-route-98 elapsed=137.445708ms allocs=6427 bytes=1518064 heap=25158800 maxRSS=329629696 unit=bytes GOOS=darwin err=<nil>
    learning_capacity_test.go:251: LEARNING_CAPACITY enroll-route-99 elapsed=138.208709ms allocs=6408 bytes=1469784 heap=25109384 maxRSS=329629696 unit=bytes GOOS=darwin err=<nil>
    learning_capacity_test.go:266: LEARNING_CAPACITY page-100-routes-3280-fixed-nodes elapsed=565.863083ms allocs=82005 bytes=15616384 heap=39255680 maxRSS=329629696 unit=bytes GOOS=darwin err=<nil>
    learning_capacity_test.go:295: LEARNING_CAPACITY create-five-only-sparse-1000-eight-core elapsed=194.691334ms allocs=27076 bytes=2848800 heap=26495168 maxRSS=329662464 unit=bytes GOOS=darwin err=<nil>
    learning_capacity_test.go:305: LEARNING_CAPACITY submit-and-999-direct-successors elapsed=2.096309958s allocs=32927 bytes=5177648 heap=7010248 maxRSS=329711616 unit=bytes GOOS=darwin err=<nil>
    learning_capacity_test.go:313: LEARNING_CAPACITY overview-1000-current elapsed=455.799417ms allocs=69831 bytes=4302120 heap=5340056 maxRSS=329744384 unit=bytes GOOS=darwin err=<nil>
    learning_capacity_test.go:320: LEARNING_CAPACITY 100-node-page elapsed=203.977834ms allocs=31690 bytes=6222712 heap=7040728 maxRSS=329760768 unit=bytes GOOS=darwin err=<nil>
    learning_capacity_test.go:340: LEARNING_CAPACITY alternative-pass-antijoin elapsed=286.318917ms allocs=94061 bytes=14438472 heap=38890400 maxRSS=329940992 unit=bytes GOOS=darwin err=<nil>
    learning_capacity_test.go:347: LEARNING_CAPACITY historical-approved-svg elapsed=13.539458ms allocs=1409 bytes=371144 heap=18090616 maxRSS=329940992 unit=bytes GOOS=darwin err=<nil>
    learning_capacity_test.go:364: LEARNING_CAPACITY owned-history-101-offset-0 elapsed=13.178791ms allocs=2994 bytes=297440 heap=18029664 maxRSS=330252288 unit=bytes GOOS=darwin err=<nil>
    learning_capacity_test.go:364: LEARNING_CAPACITY owned-history-101-offset-100 elapsed=12.840459ms allocs=1005 bytes=197272 heap=17939520 maxRSS=330252288 unit=bytes GOOS=darwin err=<nil>
    learning_capacity_test.go:376: LEARNING_CAPACITY batch-template-exposure elapsed=32.051084ms allocs=121077 bytes=27500104 heap=35395856 maxRSS=330268672 unit=bytes GOOS=darwin err=<nil>
    learning_capacity_test.go:387: LEARNING_CAPACITY SQLSUMMARY metadata-1000 actualRows=999 executionMs=52.097000 sharedHits=108276 sharedReads=0
    learning_capacity_test.go:387: LEARNING_CAPACITY SQLPLAN metadata-1000 [
          {
            "Plan": {
              "Node Type": "Limit",
              "Parallel Aware": false,
              "Async Capable": false,
              "Startup Cost": 2326.99,
              "Total Cost": 2351.85,
              "Plan Rows": 1,
              "Plan Width": 271,
              "Actual Startup Time": 46.331,
              "Actual Total Time": 51.985,
              "Actual Rows": 999,
              "Actual Loops": 1,
              "Shared Hit Blocks": 108276,
              "Shared Read Blocks": 0,
              "Shared Dirtied Blocks": 0,
              "Shared Written Blocks": 0,
              "Local Hit Blocks": 0,
              "Local Read Blocks": 0,
              "Local Dirtied Blocks": 0,
              "Local Written Blocks": 0,
              "Temp Read Blocks": 0,
              "Temp Written Blocks": 0,
              "Plans": [
                {
                  "Node Type": "Limit",
                  "Parent Relationship": "InitPlan",
                  "Subplan Name": "CTE recent",
                  "Parallel Aware": false,
                  "Async Capable": false,
                  "Startup Cost": 0.14,
                  "Total Cost": 8.16,
                  "Plan Rows": 1,
                  "Plan Width": 24,
                  "Actual Startup Time": 0.002,
                  "Actual Total Time": 0.003,
                  "Actual Rows": 1,
                  "Actual Loops": 1,
                  "Shared Hit Blocks": 2,
                  "Shared Read Blocks": 0,
                  "Shared Dirtied Blocks": 0,
                  "Shared Written Blocks": 0,
                  "Local Hit Blocks": 0,
                  "Local Read Blocks": 0,
                  "Local Dirtied Blocks": 0,
                  "Local Written Blocks": 0,
                  "Temp Read Blocks": 0,
                  "Temp Written Blocks": 0,
                  "Plans": [
                    {
                      "Node Type": "Index Only Scan",
                      "Parent Relationship": "Outer",
                      "Parallel Aware": false,
                      "Async Capable": false,
                      "Scan Direction": "Forward",
                      "Index Name": "learning_recent_submission",
                      "Relation Name": "assessment_attempts",
                      "Alias": "assessment_attempts",
                      "Startup Cost": 0.14,
                      "Total Cost": 8.16,
                      "Plan Rows": 1,
                      "Plan Width": 24,
                      "Actual Startup Time": 0.002,
                      "Actual Total Time": 0.002,
                      "Actual Rows": 1,
                      "Actual Loops": 1,
                      "Index Cond": "(owner_user_id = '9fc267be-1e8b-4b2f-a547-0c1da4486d37'::uuid)",
                      "Rows Removed by Index Recheck": 0,
                      "Heap Fetches": 1,
                      "Shared Hit Blocks": 2,
                      "Shared Read Blocks": 0,
                      "Shared Dirtied Blocks": 0,
                      "Shared Written Blocks": 0,
                      "Local Hit Blocks": 0,
                      "Local Read Blocks": 0,
                      "Local Dirtied Blocks": 0,
                      "Local Written Blocks": 0,
                      "Temp Read Blocks": 0,
                      "Temp Written Blocks": 0
                    }
                  ]
                },
                {
                  "Node Type": "Hash Join",
                  "Parent Relationship": "InitPlan",
                  "Subplan Name": "CTE available_units",
                  "Parallel Aware": false,
                  "Async Capable": false,
                  "Join Type": "Inner",
                  "Startup Cost": 986.43,
                  "Total Cost": 1394.04,
                  "Plan Rows": 2608,
                  "Plan Width": 22,
                  "Actual Startup Time": 0.641,
                  "Actual Total Time": 1.487,
                  "Actual Rows": 4000,
                  "Actual Loops": 1,
                  "Inner Unique": true,
                  "Hash Cond": "((uv.id = m_1.id) AND (uv.version = m_1.version))",
                  "Shared Hit Blocks": 219,
                  "Shared Read Blocks": 0,
                  "Shared Dirtied Blocks": 0,
                  "Shared Written Blocks": 0,
                  "Local Hit Blocks": 0,
                  "Local Read Blocks": 0,
                  "Local Dirtied Blocks": 0,
                  "Local Written Blocks": 0,
                  "Temp Read Blocks": 0,
                  "Temp Written Blocks": 0,
                  "Plans": [
                    {
                      "Node Type": "Merge Join",
                      "Parent Relationship": "Outer",
                      "Parallel Aware": false,
                      "Async Capable": false,
                      "Join Type": "Anti",
                      "Startup Cost": 0.41,
                      "Total Cost": 386.52,
                      "Plan Rows": 4092,
                      "Plan Width": 22,
                      "Actual Startup Time": 0.003,
                      "Actual Total Time": 0.451,
                      "Actual Rows": 4100,
                      "Actual Loops": 1,
                      "Inner Unique": false,
                      "Merge Cond": "((uv.id = w_1.target_id) AND (uv.version = w_1.target_version))",
                      "Join Filter": "(w_1.sha256 = uv.sha256)",
                      "Rows Removed by Join Filter": 0,
                      "Shared Hit Blocks": 79,
                      "Shared Read Blocks": 0,
                      "Shared Dirtied Blocks": 0,
                      "Shared Written Blocks": 0,
                      "Local Hit Blocks": 0,
                      "Local Read Blocks": 0,
                      "Local Dirtied Blocks": 0,
                      "Local Written Blocks": 0,
                      "Temp Read Blocks": 0,
                      "Temp Written Blocks": 0,
                      "Plans": [
                        {
                          "Node Type": "Index Only Scan",
                          "Parent Relationship": "Outer",
                          "Parallel Aware": false,
                          "Async Capable": false,
                          "Scan Direction": "Forward",
                          "Index Name": "learning_unit_identity_sha",
                          "Relation Name": "unit_versions",
                          "Alias": "uv",
                          "Startup Cost": 0.28,
                          "Total Cost": 353.88,
                          "Plan Rows": 4092,
                          "Plan Width": 87,
                          "Actual Startup Time": 0.002,
                          "Actual Total Time": 0.241,
                          "Actual Rows": 4100,
                          "Actual Loops": 1,
                          "Heap Fetches": 110,
                          "Shared Hit Blocks": 77,
                          "Shared Read Blocks": 0,
                          "Shared Dirtied Blocks": 0,
                          "Shared Written Blocks": 0,
                          "Local Hit Blocks": 0,
                          "Local Read Blocks": 0,
                          "Local Dirtied Blocks": 0,
                          "Local Written Blocks": 0,
                          "Temp Read Blocks": 0,
                          "Temp Written Blocks": 0
                        },
                        {
                          "Node Type": "Index Scan",
                          "Parent Relationship": "Inner",
                          "Parallel Aware": false,
                          "Async Capable": false,
                          "Scan Direction": "Forward",
                          "Index Name": "content_withdrawal_version",
                          "Relation Name": "content_withdrawals",
                          "Alias": "w_1",
                          "Startup Cost": 0.12,
                          "Total Cost": 12.15,
                          "Plan Rows": 2,
                          "Plan Width": 68,
                          "Actual Startup Time": 0.001,
                          "Actual Total Time": 0.001,
                          "Actual Rows": 0,
                          "Actual Loops": 1,
                          "Index Cond": "(kind = 'unit'::text)",
                          "Rows Removed by Index Recheck": 0,
                          "Shared Hit Blocks": 2,
                          "Shared Read Blocks": 0,
                          "Shared Dirtied Blocks": 0,
                          "Shared Written Blocks": 0,
                          "Local Hit Blocks": 0,
                          "Local Read Blocks": 0,
                          "Local Dirtied Blocks": 0,
                          "Local Written Blocks": 0,
                          "Temp Read Blocks": 0,
                          "Temp Written Blocks": 0
                        }
                      ]
                    },
                    {
                      "Node Type": "Hash",
                      "Parent Relationship": "Inner",
                      "Parallel Aware": false,
                      "Async Capable": false,
                      "Startup Cost": 926.16,
                      "Total Cost": 926.16,
                      "Plan Rows": 3991,
                      "Plan Width": 21,
                      "Actual Startup Time": 0.637,
                      "Actual Total Time": 0.637,
                      "Actual Rows": 4000,
                      "Actual Loops": 1,
                      "Hash Buckets": 4096,
                      "Original Hash Buckets": 4096,
                      "Hash Batches": 1,
                      "Original Hash Batches": 1,
                      "Peak Memory Usage": 251,
                      "Shared Hit Blocks": 140,
                      "Shared Read Blocks": 0,
                      "Shared Dirtied Blocks": 0,
                      "Shared Written Blocks": 0,
                      "Local Hit Blocks": 0,
                      "Local Read Blocks": 0,
                      "Local Dirtied Blocks": 0,
                      "Local Written Blocks": 0,
                      "Temp Read Blocks": 0,
                      "Temp Written Blocks": 0,
                      "Plans": [
                        {
                          "Node Type": "Bitmap Heap Scan",
                          "Parent Relationship": "Outer",
                          "Parallel Aware": false,
                          "Async Capable": false,
                          "Relation Name": "publication_members",
                          "Alias": "m_1",
                          "Startup Cost": 361.32,
                          "Total Cost": 926.16,
                          "Plan Rows": 3991,
                          "Plan Width": 21,
                          "Actual Startup Time": 0.093,
                          "Actual Total Time": 0.403,
                          "Actual Rows": 4000,
                          "Actual Loops": 1,
                          "Recheck Cond": "((snapshot_id = '7d2ea487-41a3-4a97-8e20-3affdbc2357a'::text) AND (kind = 'unit'::text))",
                          "Rows Removed by Index Recheck": 0,
                          "Filter": "(availability = 'active'::text)",
                          "Rows Removed by Filter": 0,
                          "Exact Heap Blocks": 62,
                          "Lossy Heap Blocks": 0,
                          "Shared Hit Blocks": 140,
                          "Shared Read Blocks": 0,
                          "Shared Dirtied Blocks": 0,
                          "Shared Written Blocks": 0,
                          "Local Hit Blocks": 0,
                          "Local Read Blocks": 0,
                          "Local Dirtied Blocks": 0,
                          "Local Written Blocks": 0,
                          "Temp Read Blocks": 0,
                          "Temp Written Blocks": 0,
                          "Plans": [
                            {
                              "Node Type": "Bitmap Index Scan",
                              "Parent Relationship": "Outer",
                              "Parallel Aware": false,
                              "Async Capable": false,
                              "Index Name": "publication_members_pkey",
                              "Startup Cost": 0.00,
                              "Total Cost": 360.32,
                              "Plan Rows": 3991,
                              "Plan Width": 0,
                              "Actual Startup Time": 0.088,
                              "Actual Total Time": 0.088,
                              "Actual Rows": 4000,
                              "Actual Loops": 1,
                              "Index Cond": "((snapshot_id = '7d2ea487-41a3-4a97-8e20-3affdbc2357a'::text) AND (kind = 'unit'::text))",
                              "Shared Hit Blocks": 78,
                              "Shared Read Blocks": 0,
                              "Shared Dirtied Blocks": 0,
                              "Shared Written Blocks": 0,
                              "Local Hit Blocks": 0,
                              "Local Read Blocks": 0,
                              "Local Dirtied Blocks": 0,
                              "Local Written Blocks": 0,
                              "Temp Read Blocks": 0,
                              "Temp Written Blocks": 0
                            }
                          ]
                        }
                      ]
                    }
                  ]
                },
                {
                  "Node Type": "Nested Loop",
                  "Parent Relationship": "InitPlan",
                  "Subplan Name": "CTE available_assets",
                  "Parallel Aware": false,
                  "Async Capable": false,
                  "Join Type": "Anti",
                  "Startup Cost": 293.21,
                  "Total Cost": 814.25,
                  "Plan Rows": 5,
                  "Plan Width": 82,
                  "Actual Startup Time": 0.380,
                  "Actual Total Time": 0.825,
                  "Actual Rows": 1000,
                  "Actual Loops": 1,
                  "Inner Unique": false,
                  "Shared Hit Blocks": 2140,
                  "Shared Read Blocks": 0,
                  "Shared Dirtied Blocks": 0,
                  "Shared Written Blocks": 0,
                  "Local Hit Blocks": 0,
                  "Local Read Blocks": 0,
                  "Local Dirtied Blocks": 0,
                  "Local Written Blocks": 0,
                  "Temp Read Blocks": 0,
                  "Temp Written Blocks": 0,
                  "Plans": [
                    {
                      "Node Type": "Hash Join",
                      "Parent Relationship": "Outer",
                      "Parallel Aware": false,
                      "Async Capable": false,
                      "Join Type": "Inner",
                      "Startup Cost": 293.08,
                      "Total Cost": 813.28,
                      "Plan Rows": 5,
                      "Plan Width": 82,
                      "Actual Startup Time": 0.378,
                      "Actual Total Time": 0.585,
                      "Actual Rows": 1000,
                      "Actual Loops": 1,
                      "Inner Unique": true,
                      "Hash Cond": "((m_2.package_id = pm.package_id) AND (m_2.package_version = pm.package_version) AND (m_2.id = pm.id))",
                      "Shared Hit Blocks": 140,
                      "Shared Read Blocks": 0,
                      "Shared Dirtied Blocks": 0,
                      "Shared Written Blocks": 0,
                      "Local Hit Blocks": 0,
                      "Local Read Blocks": 0,
                      "Local Dirtied Blocks": 0,
                      "Local Written Blocks": 0,
                      "Temp Read Blocks": 0,
                      "Temp Written Blocks": 0,
                      "Plans": [
                        {
                          "Node Type": "Bitmap Heap Scan",
                          "Parent Relationship": "Outer",
                          "Parallel Aware": false,
                          "Async Capable": false,
                          "Relation Name": "publication_members",
                          "Alias": "m_2",
                          "Startup Cost": 90.59,
                          "Total Cost": 602.97,
                          "Plan Rows": 993,
                          "Plan Width": 36,
                          "Actual Startup Time": 0.033,
                          "Actual Total Time": 0.120,
                          "Actual Rows": 1000,
                          "Actual Loops": 1,
                          "Recheck Cond": "((snapshot_id = '7d2ea487-41a3-4a97-8e20-3affdbc2357a'::text) AND (kind = 'asset'::text))",
                          "Rows Removed by Index Recheck": 0,
                          "Filter": "(availability = 'active'::text)",
                          "Rows Removed by Filter": 0,
                          "Exact Heap Blocks": 20,
                          "Lossy Heap Blocks": 0,
                          "Shared Hit Blocks": 42,
                          "Shared Read Blocks": 0,
                          "Shared Dirtied Blocks": 0,
                          "Shared Written Blocks": 0,
                          "Local Hit Blocks": 0,
                          "Local Read Blocks": 0,
                          "Local Dirtied Blocks": 0,
                          "Local Written Blocks": 0,
                          "Temp Read Blocks": 0,
                          "Temp Written Blocks": 0,
                          "Plans": [
                            {
                              "Node Type": "Bitmap Index Scan",
                              "Parent Relationship": "Outer",
                              "Parallel Aware": false,
                              "Async Capable": false,
                              "Index Name": "publication_members_pkey",
                              "Startup Cost": 0.00,
                              "Total Cost": 90.34,
                              "Plan Rows": 993,
                              "Plan Width": 0,
                              "Actual Startup Time": 0.029,
                              "Actual Total Time": 0.029,
                              "Actual Rows": 1000,
                              "Actual Loops": 1,
                              "Index Cond": "((snapshot_id = '7d2ea487-41a3-4a97-8e20-3affdbc2357a'::text) AND (kind = 'asset'::text))",
                              "Shared Hit Blocks": 22,
                              "Shared Read Blocks": 0,
                              "Shared Dirtied Blocks": 0,
                              "Shared Written Blocks": 0,
                              "Local Hit Blocks": 0,
                              "Local Read Blocks": 0,
                              "Local Dirtied Blocks": 0,
                              "Local Written Blocks": 0,
                              "Temp Read Blocks": 0,
                              "Temp Written Blocks": 0
                            }
                          ]
                        },
                        {
                          "Node Type": "Hash",
                          "Parent Relationship": "Inner",
                          "Parallel Aware": false,
                          "Async Capable": false,
                          "Startup Cost": 183.23,
                          "Total Cost": 183.23,
                          "Plan Rows": 1101,
                          "Plan Width": 101,
                          "Actual Startup Time": 0.343,
                          "Actual Total Time": 0.343,
                          "Actual Rows": 1068,
                          "Actual Loops": 1,
                          "Hash Buckets": 2048,
                          "Original Hash Buckets": 2048,
                          "Hash Batches": 1,
                          "Original Hash Batches": 1,
                          "Peak Memory Usage": 154,
                          "Shared Hit Blocks": 98,
                          "Shared Read Blocks": 0,
                          "Shared Dirtied Blocks": 0,
                          "Shared Written Blocks": 0,
                          "Local Hit Blocks": 0,
                          "Local Read Blocks": 0,
                          "Local Dirtied Blocks": 0,
                          "Local Written Blocks": 0,
                          "Temp Read Blocks": 0,
                          "Temp Written Blocks": 0,
                          "Plans": [
                            {
                              "Node Type": "Seq Scan",
                              "Parent Relationship": "Outer",
                              "Parallel Aware": false,
                              "Async Capable": false,
                              "Relation Name": "package_members",
                              "Alias": "pm",
                              "Startup Cost": 0.00,
                              "Total Cost": 183.23,
                              "Plan Rows": 1101,
                              "Plan Width": 101,
                              "Actual Startup Time": 0.003,
                              "Actual Total Time": 0.258,
                              "Actual Rows": 1068,
                              "Actual Loops": 1,
                              "Filter": "(kind = 'asset'::text)",
                              "Rows Removed by Filter": 5762,
                              "Shared Hit Blocks": 98,
                              "Shared Read Blocks": 0,
                              "Shared Dirtied Blocks": 0,
                              "Shared Written Blocks": 0,
                              "Local Hit Blocks": 0,
                              "Local Read Blocks": 0,
                              "Local Dirtied Blocks": 0,
                              "Local Written Blocks": 0,
                              "Temp Read Blocks": 0,
                              "Temp Written Blocks": 0
                            }
                          ]
                        }
                      ]
                    },
                    {
                      "Node Type": "Index Only Scan",
                      "Parent Relationship": "Inner",
                      "Parallel Aware": false,
                      "Async Capable": false,
                      "Scan Direction": "Forward",
                      "Index Name": "content_withdrawal_asset",
                      "Relation Name": "content_withdrawals",
                      "Alias": "w_2",
                      "Startup Cost": 0.12,
                      "Total Cost": 0.18,
                      "Plan Rows": 1,
                      "Plan Width": 32,
                      "Actual Startup Time": 0.000,
                      "Actual Total Time": 0.000,
                      "Actual Rows": 0,
                      "Actual Loops": 1000,
                      "Index Cond": "(sha256 = pm.asset_sha256)",
                      "Rows Removed by Index Recheck": 0,
                      "Heap Fetches": 0,
                      "Shared Hit Blocks": 2000,
                      "Shared Read Blocks": 0,
                      "Shared Dirtied Blocks": 0,
                      "Shared Written Blocks": 0,
                      "Local Hit Blocks": 0,
                      "Local Read Blocks": 0,
                      "Local Dirtied Blocks": 0,
                      "Local Written Blocks": 0,
                      "Temp Read Blocks": 0,
                      "Temp Written Blocks": 0
                    }
                  ]
                },
                {
                  "Node Type": "Nested Loop",
                  "Parent Relationship": "Outer",
                  "Parallel Aware": false,
                  "Async Capable": false,
                  "Join Type": "Anti",
                  "Startup Cost": 110.54,
                  "Total Cost": 135.40,
                  "Plan Rows": 1,
                  "Plan Width": 271,
                  "Actual Startup Time": 46.330,
                  "Actual Total Time": 51.941,
                  "Actual Rows": 999,
                  "Actual Loops": 1,
                  "Inner Unique": false,
                  "Shared Hit Blocks": 108276,
                  "Shared Read Blocks": 0,
                  "Shared Dirtied Blocks": 0,
                  "Shared Written Blocks": 0,
                  "Local Hit Blocks": 0,
                  "Local Read Blocks": 0,
                  "Local Dirtied Blocks": 0,
                  "Local Written Blocks": 0,
                  "Temp Read Blocks": 0,
                  "Temp Written Blocks": 0,
                  "Plans": [
                    {
                      "Node Type": "Nested Loop",
                      "Parent Relationship": "Outer",
                      "Parallel Aware": false,
                      "Async Capable": false,
                      "Join Type": "Left",
                      "Startup Cost": 109.97,
                      "Total Cost": 110.11,
                      "Plan Rows": 1,
                      "Plan Width": 238,
                      "Actual Startup Time": 46.297,
                      "Actual Total Time": 48.800,
                      "Actual Rows": 999,
                      "Actual Loops": 1,
                      "Inner Unique": false,
                      "Shared Hit Blocks": 103275,
                      "Shared Read Blocks": 0,
                      "Shared Dirtied Blocks": 0,
                      "Shared Written Blocks": 0,
                      "Local Hit Blocks": 0,
                      "Local Read Blocks": 0,
                      "Local Dirtied Blocks": 0,
                      "Local Written Blocks": 0,
                      "Temp Read Blocks": 0,
                      "Temp Written Blocks": 0,
                      "Plans": [
                        {
                          "Node Type": "Nested Loop",
                          "Parent Relationship": "Outer",
                          "Parallel Aware": false,
                          "Async Capable": false,
                          "Join Type": "Inner",
                          "Startup Cost": 105.66,
                          "Total Cost": 105.78,
                          "Plan Rows": 1,
                          "Plan Width": 230,
                          "Actual Startup Time": 46.289,
                          "Actual Total Time": 47.276,
                          "Actual Rows": 999,
                          "Actual Loops": 1,
                          "Inner Unique": true,
                          "Join Filter": "((qs.id = m.submission_id) AND (qs.frozen_digest = rd.frozen_digest))",
                          "Rows Removed by Join Filter": 0,
                          "Shared Hit Blocks": 100277,
                          "Shared Read Blocks": 0,
                          "Shared Dirtied Blocks": 0,
                          "Shared Written Blocks": 0,
                          "Local Hit Blocks": 0,
                          "Local Read Blocks": 0,
                          "Local Dirtied Blocks": 0,
                          "Local Written Blocks": 0,
                          "Temp Read Blocks": 0,
                          "Temp Written Blocks": 0,
                          "Plans": [
                            {
                              "Node Type": "Nested Loop",
                              "Parent Relationship": "Outer",
                              "Parallel Aware": false,
                              "Async Capable": false,
                              "Join Type": "Inner",
                              "Startup Cost": 105.52,
                              "Total Cost": 105.61,
                              "Plan Rows": 1,
                              "Plan Width": 310,
                              "Actual Startup Time": 46.286,
                              "Actual Total Time": 46.874,
                              "Actual Rows": 999,
                              "Actual Loops": 1,
                              "Inner Unique": true,
                              "Join Filter": "((m.review_id = rd.id) AND (rd.submission_id = m.submission_id))",
                              "Rows Removed by Join Filter": 0,
                              "Shared Hit Blocks": 98279,
                              "Shared Read Blocks": 0,
                              "Shared Dirtied Blocks": 0,
                              "Shared Written Blocks": 0,
                              "Local Hit Blocks": 0,
                              "Local Read Blocks": 0,
                              "Local Dirtied Blocks": 0,
                              "Local Written Blocks": 0,
                              "Temp Read Blocks": 0,
                              "Temp Written Blocks": 0,
                              "Plans": [
                                {
                                  "Node Type": "Merge Join",
                                  "Parent Relationship": "Outer",
                                  "Parallel Aware": false,
                                  "Async Capable": false,
                                  "Join Type": "Left",
                                  "Startup Cost": 105.37,
                                  "Total Cost": 105.42,
                                  "Plan Rows": 1,
                                  "Plan Width": 278,
                                  "Actual Startup Time": 46.281,
                                  "Actual Total Time": 46.456,
                                  "Actual Rows": 999,
                                  "Actual Loops": 1,
                                  "Inner Unique": true,
                                  "Merge Cond": "((i.id = v.instance_id) AND (i.version = v.instance_version) AND (i.sha256 = v.instance_sha256))",
                                  "Shared Hit Blocks": 96281,
                                  "Shared Read Blocks": 0,
                                  "Shared Dirtied Blocks": 0,
                                  "Shared Written Blocks": 0,
                                  "Local Hit Blocks": 0,
                                  "Local Read Blocks": 0,
                                  "Local Dirtied Blocks": 0,
                                  "Local Written Blocks": 0,
                                  "Temp Read Blocks": 0,
                                  "Temp Written Blocks": 0,
                                  "Plans": [
                                    {
                                      "Node Type": "Sort",
                                      "Parent Relationship": "Outer",
                                      "Parallel Aware": false,
                                      "Async Capable": false,
                                      "Startup Cost": 93.94,
                                      "Total Cost": 93.95,
                                      "Plan Rows": 1,
                                      "Plan Width": 270,
                                      "Actual Startup Time": 46.265,
                                      "Actual Total Time": 46.298,
                                      "Actual Rows": 999,
                                      "Actual Loops": 1,
                                      "Sort Key": ["i.id", "i.version", "i.sha256"],
                                      "Sort Method": "quicksort",
                                      "Sort Space Used": 313,
                                      "Sort Space Type": "Memory",
                                      "Shared Hit Blocks": 96278,
                                      "Shared Read Blocks": 0,
                                      "Shared Dirtied Blocks": 0,
                                      "Shared Written Blocks": 0,
                                      "Local Hit Blocks": 0,
                                      "Local Read Blocks": 0,
                                      "Local Dirtied Blocks": 0,
                                      "Local Written Blocks": 0,
                                      "Temp Read Blocks": 0,
                                      "Temp Written Blocks": 0,
                                      "Plans": [
                                        {
                                          "Node Type": "Nested Loop",
                                          "Parent Relationship": "Outer",
                                          "Parallel Aware": false,
                                          "Async Capable": false,
                                          "Join Type": "Inner",
                                          "Startup Cost": 1.23,
                                          "Total Cost": 93.93,
                                          "Plan Rows": 1,
                                          "Plan Width": 270,
                                          "Actual Startup Time": 3.409,
                                          "Actual Total Time": 46.084,
                                          "Actual Rows": 999,
                                          "Actual Loops": 1,
                                          "Inner Unique": true,
                                          "Join Filter": "((i.id = m.id) AND (i.version = m.version) AND (i.sha256 = m.sha256))",
                                          "Rows Removed by Join Filter": 0,
                                          "Shared Hit Blocks": 96278,
                                          "Shared Read Blocks": 0,
                                          "Shared Dirtied Blocks": 0,
                                          "Shared Written Blocks": 0,
                                          "Local Hit Blocks": 0,
                                          "Local Read Blocks": 0,
                                          "Local Dirtied Blocks": 0,
                                          "Local Written Blocks": 0,
                                          "Temp Read Blocks": 0,
                                          "Temp Written Blocks": 0,
                                          "Plans": [
                                            {
                                              "Node Type": "Nested Loop",
                                              "Parent Relationship": "Outer",
                                              "Parallel Aware": false,
                                              "Async Capable": false,
                                              "Join Type": "Inner",
                                              "Startup Cost": 0.82,
                                              "Total Cost": 14.63,
                                              "Plan Rows": 1,
                                              "Plan Width": 312,
                                              "Actual Startup Time": 0.014,
                                              "Actual Total Time": 15.886,
                                              "Actual Rows": 9999,
                                              "Actual Loops": 1,
                                              "Inner Unique": true,
                                              "Shared Hit Blocks": 40918,
                                              "Shared Read Blocks": 0,
                                              "Shared Dirtied Blocks": 0,
                                              "Shared Written Blocks": 0,
                                              "Local Hit Blocks": 0,
                                              "Local Read Blocks": 0,
                                              "Local Dirtied Blocks": 0,
                                              "Local Written Blocks": 0,
                                              "Temp Read Blocks": 0,
                                              "Temp Written Blocks": 0,
                                              "Plans": [
                                                {
                                                  "Node Type": "Index Scan",
                                                  "Parent Relationship": "Outer",
                                                  "Parallel Aware": false,
                                                  "Async Capable": false,
                                                  "Scan Direction": "Forward",
                                                  "Index Name": "question_publication_members_pkey",
                                                  "Relation Name": "question_publication_members",
                                                  "Alias": "m",
                                                  "Startup Cost": 0.41,
                                                  "Total Cost": 6.18,
                                                  "Plan Rows": 1,
                                                  "Plan Width": 163,
                                                  "Actual Startup Time": 0.007,
                                                  "Actual Total Time": 1.254,
                                                  "Actual Rows": 9999,
                                                  "Actual Loops": 1,
                                                  "Index Cond": "((publication_id = 'f56b9ff8-8cb2-4894-b5a0-51a82e6463e6'::uuid) AND (kind = 'instance'::text))",
                                                  "Rows Removed by Index Recheck": 0,
                                                  "Shared Hit Blocks": 922,
                                                  "Shared Read Blocks": 0,
                                                  "Shared Dirtied Blocks": 0,
                                                  "Shared Written Blocks": 0,
                                                  "Local Hit Blocks": 0,
                                                  "Local Read Blocks": 0,
                                                  "Local Dirtied Blocks": 0,
                                                  "Local Written Blocks": 0,
                                                  "Temp Read Blocks": 0,
                                                  "Temp Written Blocks": 0
                                                },
                                                {
                                                  "Node Type": "Index Scan",
                                                  "Parent Relationship": "Inner",
                                                  "Parallel Aware": false,
                                                  "Async Capable": false,
                                                  "Scan Direction": "Forward",
                                                  "Index Name": "question_submission_members_pkey",
                                                  "Relation Name": "question_submission_members",
                                                  "Alias": "sm",
                                                  "Startup Cost": 0.41,
                                                  "Total Cost": 8.44,
                                                  "Plan Rows": 1,
                                                  "Plan Width": 149,
                                                  "Actual Startup Time": 0.001,
                                                  "Actual Total Time": 0.001,
                                                  "Actual Rows": 1,
                                                  "Actual Loops": 9999,
                                                  "Index Cond": "((submission_id = m.submission_id) AND (kind = 'instance'::text) AND (id = m.id))",
                                                  "Rows Removed by Index Recheck": 0,
                                                  "Filter": "((m.version = version) AND (sha256 = m.sha256))",
                                                  "Rows Removed by Filter": 0,
                                                  "Shared Hit Blocks": 39996,
                                                  "Shared Read Blocks": 0,
                                                  "Shared Dirtied Blocks": 0,
                                                  "Shared Written Blocks": 0,
                                                  "Local Hit Blocks": 0,
                                                  "Local Read Blocks": 0,
                                                  "Local Dirtied Blocks": 0,
                                                  "Local Written Blocks": 0,
                                                  "Temp Read Blocks": 0,
                                                  "Temp Written Blocks": 0
                                                }
                                              ]
                                            },
                                            {
                                              "Node Type": "Index Scan",
                                              "Parent Relationship": "Inner",
                                              "Parallel Aware": false,
                                              "Async Capable": false,
                                              "Scan Direction": "Forward",
                                              "Index Name": "question_instances_pkey",
                                              "Relation Name": "question_instances",
                                              "Alias": "i",
                                              "Startup Cost": 0.41,
                                              "Total Cost": 79.28,
                                              "Plan Rows": 1,
                                              "Plan Width": 222,
                                              "Actual Startup Time": 0.003,
                                              "Actual Total Time": 0.003,
                                              "Actual Rows": 0,
                                              "Actual Loops": 9999,
                                              "Index Cond": "((id = sm.id) AND (version = sm.version))",
                                              "Rows Removed by Index Recheck": 0,
                                              "Filter": "(sealed AND (knowledge_id = 'capacity-k-0000'::text) AND (knowledge_version = 1) AND (sha256 = sm.sha256) AND (NOT EXISTS(SubPlan 13)) AND ((template_id IS NULL) OR (ANY ((template_id = (hashed SubPlan 9).col1) AND (template_version = (hashed SubPlan 9).col2) AND (template_sha256 = (hashed SubPlan 9).col3)))) AND EXISTS(SubPlan 7) AND (NOT EXISTS(SubPlan 11)))",
                                              "Rows Removed by Filter": 1,
                                              "Shared Hit Blocks": 55360,
                                              "Shared Read Blocks": 0,
                                              "Shared Dirtied Blocks": 0,
                                              "Shared Written Blocks": 0,
                                              "Local Hit Blocks": 0,
                                              "Local Read Blocks": 0,
                                              "Local Dirtied Blocks": 0,
                                              "Local Written Blocks": 0,
                                              "Temp Read Blocks": 0,
                                              "Temp Written Blocks": 0,
                                              "Plans": [
                                                {
                                                  "Node Type": "Function Scan",
                                                  "Parent Relationship": "SubPlan",
                                                  "Subplan Name": "SubPlan 13",
                                                  "Parallel Aware": false,
                                                  "Async Capable": false,
                                                  "Function Name": "jsonb_array_elements",
                                                  "Alias": "a",
                                                  "Startup Cost": 0.12,
                                                  "Total Cost": 2.12,
                                                  "Plan Rows": 50,
                                                  "Plan Width": 0,
                                                  "Actual Startup Time": 0.004,
                                                  "Actual Total Time": 0.004,
                                                  "Actual Rows": 0,
                                                  "Actual Loops": 999,
                                                  "Filter": "((ANY (((value ->> 'id'::text) = (hashed SubPlan 12).col1) AND ((value ->> 'sha256'::text) = (hashed SubPlan 12).col2))) IS NOT TRUE)",
                                                  "Rows Removed by Filter": 1,
                                                  "Shared Hit Blocks": 5137,
                                                  "Shared Read Blocks": 0,
                                                  "Shared Dirtied Blocks": 0,
                                                  "Shared Written Blocks": 0,
                                                  "Local Hit Blocks": 0,
                                                  "Local Read Blocks": 0,
                                                  "Local Dirtied Blocks": 0,
                                                  "Local Written Blocks": 0,
                                                  "Temp Read Blocks": 0,
                                                  "Temp Written Blocks": 0,
                                                  "Plans": [
                                                    {
                                                      "Node Type": "CTE Scan",
                                                      "Parent Relationship": "SubPlan",
                                                      "Subplan Name": "SubPlan 12",
                                                      "Parallel Aware": false,
                                                      "Async Capable": false,
                                                      "CTE Name": "available_assets",
                                                      "Alias": "available_assets",
                                                      "Startup Cost": 0.00,
                                                      "Total Cost": 0.10,
                                                      "Plan Rows": 5,
                                                      "Plan Width": 64,
                                                      "Actual Startup Time": 0.380,
                                                      "Actual Total Time": 0.911,
                                                      "Actual Rows": 1000,
                                                      "Actual Loops": 1,
                                                      "Shared Hit Blocks": 2140,
                                                      "Shared Read Blocks": 0,
                                                      "Shared Dirtied Blocks": 0,
                                                      "Shared Written Blocks": 0,
                                                      "Local Hit Blocks": 0,
                                                      "Local Read Blocks": 0,
                                                      "Local Dirtied Blocks": 0,
                                                      "Local Written Blocks": 0,
                                                      "Temp Read Blocks": 0,
                                                      "Temp Written Blocks": 0
                                                    }
                                                  ]
                                                },
                                                {
                                                  "Node Type": "Index Scan",
                                                  "Parent Relationship": "SubPlan",
                                                  "Subplan Name": "SubPlan 9",
                                                  "Parallel Aware": false,
                                                  "Async Capable": false,
                                                  "Scan Direction": "Forward",
                                                  "Index Name": "question_publication_members_pkey",
                                                  "Relation Name": "question_publication_members",
                                                  "Alias": "tm",
                                                  "Startup Cost": 0.41,
                                                  "Total Cost": 6.18,
                                                  "Plan Rows": 1,
                                                  "Plan Width": 131,
                                                  "Actual Startup Time": 0.005,
                                                  "Actual Total Time": 0.029,
                                                  "Actual Rows": 200,
                                                  "Actual Loops": 1,
                                                  "Index Cond": "((publication_id = 'f56b9ff8-8cb2-4894-b5a0-51a82e6463e6'::uuid) AND (kind = 'template'::text))",
                                                  "Rows Removed by Index Recheck": 0,
                                                  "Shared Hit Blocks": 18,
                                                  "Shared Read Blocks": 0,
                                                  "Shared Dirtied Blocks": 0,
                                                  "Shared Written Blocks": 0,
                                                  "Local Hit Blocks": 0,
                                                  "Local Read Blocks": 0,
                                                  "Local Dirtied Blocks": 0,
                                                  "Local Written Blocks": 0,
                                                  "Temp Read Blocks": 0,
                                                  "Temp Written Blocks": 0
                                                },
                                                {
                                                  "Node Type": "Bitmap Heap Scan",
                                                  "Parent Relationship": "SubPlan",
                                                  "Subplan Name": "SubPlan 7",
                                                  "Parallel Aware": false,
                                                  "Async Capable": false,
                                                  "Relation Name": "question_blueprint_sources",
                                                  "Alias": "bs",
                                                  "Startup Cost": 8.86,
                                                  "Total Cost": 12.89,
                                                  "Plan Rows": 1,
                                                  "Plan Width": 0,
                                                  "Actual Startup Time": 0.004,
                                                  "Actual Total Time": 0.004,
                                                  "Actual Rows": 1,
                                                  "Actual Loops": 999,
                                                  "Recheck Cond": "(((blueprint_id = 'lc-blueprint-0-0'::text) AND (blueprint_version = 1) AND (kind = 'instance'::text) AND (id = i.id)) OR ((blueprint_id = 'lc-blueprint-0-0'::text) AND (blueprint_version = 1) AND (kind = 'template'::text) AND (id = i.template_id)))",
                                                  "Rows Removed by Index Recheck": 0,
                                                  "Filter": "(((kind = 'instance'::text) AND (id = i.id) AND (version = i.version)) OR ((kind = 'template'::text) AND (id = i.template_id) AND (version = i.template_version)))",
                                                  "Rows Removed by Filter": 0,
                                                  "Exact Heap Blocks": 999,
                                                  "Lossy Heap Blocks": 0,
                                                  "Shared Hit Blocks": 6993,
                                                  "Shared Read Blocks": 0,
                                                  "Shared Dirtied Blocks": 0,
                                                  "Shared Written Blocks": 0,
                                                  "Local Hit Blocks": 0,
                                                  "Local Read Blocks": 0,
                                                  "Local Dirtied Blocks": 0,
                                                  "Local Written Blocks": 0,
                                                  "Temp Read Blocks": 0,
                                                  "Temp Written Blocks": 0,
                                                  "Plans": [
                                                    {
                                                      "Node Type": "BitmapOr",
                                                      "Parent Relationship": "Outer",
                                                      "Parallel Aware": false,
                                                      "Async Capable": false,
                                                      "Startup Cost": 8.86,
                                                      "Total Cost": 8.86,
                                                      "Plan Rows": 1,
                                                      "Plan Width": 0,
                                                      "Actual Startup Time": 0.004,
                                                      "Actual Total Time": 0.004,
                                                      "Actual Rows": 0,
                                                      "Actual Loops": 999,
                                                      "Shared Hit Blocks": 5994,
                                                      "Shared Read Blocks": 0,
                                                      "Shared Dirtied Blocks": 0,
                                                      "Shared Written Blocks": 0,
                                                      "Local Hit Blocks": 0,
                                                      "Local Read Blocks": 0,
                                                      "Local Dirtied Blocks": 0,
                                                      "Local Written Blocks": 0,
                                                      "Temp Read Blocks": 0,
                                                      "Temp Written Blocks": 0,
                                                      "Plans": [
                                                        {
                                                          "Node Type": "Bitmap Index Scan",
                                                          "Parent Relationship": "Member",
                                                          "Parallel Aware": false,
                                                          "Async Capable": false,
                                                          "Index Name": "question_blueprint_sources_pkey",
                                                          "Startup Cost": 0.00,
                                                          "Total Cost": 4.43,
                                                          "Plan Rows": 1,
                                                          "Plan Width": 0,
                                                          "Actual Startup Time": 0.002,
                                                          "Actual Total Time": 0.002,
                                                          "Actual Rows": 0,
                                                          "Actual Loops": 999,
                                                          "Index Cond": "((blueprint_id = 'lc-blueprint-0-0'::text) AND (blueprint_version = 1) AND (kind = 'instance'::text) AND (id = i.id))",
                                                          "Shared Hit Blocks": 2997,
                                                          "Shared Read Blocks": 0,
                                                          "Shared Dirtied Blocks": 0,
                                                          "Shared Written Blocks": 0,
                                                          "Local Hit Blocks": 0,
                                                          "Local Read Blocks": 0,
                                                          "Local Dirtied Blocks": 0,
                                                          "Local Written Blocks": 0,
                                                          "Temp Read Blocks": 0,
                                                          "Temp Written Blocks": 0
                                                        },
                                                        {
                                                          "Node Type": "Bitmap Index Scan",
                                                          "Parent Relationship": "Member",
                                                          "Parallel Aware": false,
                                                          "Async Capable": false,
                                                          "Index Name": "question_blueprint_sources_pkey",
                                                          "Startup Cost": 0.00,
                                                          "Total Cost": 4.43,
                                                          "Plan Rows": 1,
                                                          "Plan Width": 0,
                                                          "Actual Startup Time": 0.002,
                                                          "Actual Total Time": 0.002,
                                                          "Actual Rows": 1,
                                                          "Actual Loops": 999,
                                                          "Index Cond": "((blueprint_id = 'lc-blueprint-0-0'::text) AND (blueprint_version = 1) AND (kind = 'template'::text) AND (id = i.template_id))",
                                                          "Shared Hit Blocks": 2997,
                                                          "Shared Read Blocks": 0,
                                                          "Shared Dirtied Blocks": 0,
                                                          "Shared Written Blocks": 0,
                                                          "Local Hit Blocks": 0,
                                                          "Local Read Blocks": 0,
                                                          "Local Dirtied Blocks": 0,
                                                          "Local Written Blocks": 0,
                                                          "Temp Read Blocks": 0,
                                                          "Temp Written Blocks": 0
                                                        }
                                                      ]
                                                    }
                                                  ]
                                                },
                                                {
                                                  "Node Type": "Function Scan",
                                                  "Parent Relationship": "SubPlan",
                                                  "Subplan Name": "SubPlan 11",
                                                  "Parallel Aware": false,
                                                  "Async Capable": false,
                                                  "Function Name": "jsonb_array_elements",
                                                  "Alias": "u",
                                                  "Startup Cost": 58.69,
                                                  "Total Cost": 61.19,
                                                  "Plan Rows": 50,
                                                  "Plan Width": 0,
                                                  "Actual Startup Time": 0.004,
                                                  "Actual Total Time": 0.004,
                                                  "Actual Rows": 0,
                                                  "Actual Loops": 999,
                                                  "Filter": "((ANY (((value ->> 'id'::text) = (hashed SubPlan 10).col1) AND (((value ->> 'version'::text))::integer = (hashed SubPlan 10).col2))) IS NOT TRUE)",
                                                  "Rows Removed by Filter": 1,
                                                  "Shared Hit Blocks": 3216,
                                                  "Shared Read Blocks": 0,
                                                  "Shared Dirtied Blocks": 0,
                                                  "Shared Written Blocks": 0,
                                                  "Local Hit Blocks": 0,
                                                  "Local Read Blocks": 0,
                                                  "Local Dirtied Blocks": 0,
                                                  "Local Written Blocks": 0,
                                                  "Temp Read Blocks": 0,
                                                  "Temp Written Blocks": 0,
                                                  "Plans": [
                                                    {
                                                      "Node Type": "CTE Scan",
                                                      "Parent Relationship": "SubPlan",
                                                      "Subplan Name": "SubPlan 10",
                                                      "Parallel Aware": false,
                                                      "Async Capable": false,
                                                      "CTE Name": "available_units",
                                                      "Alias": "available_units",
                                                      "Startup Cost": 0.00,
                                                      "Total Cost": 52.16,
                                                      "Plan Rows": 2608,
                                                      "Plan Width": 36,
                                                      "Actual Startup Time": 0.642,
                                                      "Actual Total Time": 1.811,
                                                      "Actual Rows": 4000,
                                                      "Actual Loops": 1,
                                                      "Shared Hit Blocks": 219,
                                                      "Shared Read Blocks": 0,
                                                      "Shared Dirtied Blocks": 0,
                                                      "Shared Written Blocks": 0,
                                                      "Local Hit Blocks": 0,
                                                      "Local Read Blocks": 0,
                                                      "Local Dirtied Blocks": 0,
                                                      "Local Written Blocks": 0,
                                                      "Temp Read Blocks": 0,
                                                      "Temp Written Blocks": 0
                                                    }
                                                  ]
                                                }
                                              ]
                                            }
                                          ]
                                        }
                                      ]
                                    },
                                    {
                                      "Node Type": "Sort",
                                      "Parent Relationship": "Inner",
                                      "Parallel Aware": false,
                                      "Async Capable": false,
                                      "Startup Cost": 11.43,
                                      "Total Cost": 11.44,
                                      "Plan Rows": 3,
                                      "Plan Width": 76,
                                      "Actual Startup Time": 0.013,
                                      "Actual Total Time": 0.014,
                                      "Actual Rows": 10,
                                      "Actual Loops": 1,
                                      "Sort Key": ["v.instance_id", "v.instance_version", "v.instance_sha256"],
                                      "Sort Method": "quicksort",
                                      "Sort Space Used": 26,
                                      "Sort Space Type": "Memory",
                                      "Shared Hit Blocks": 3,
                                      "Shared Read Blocks": 0,
                                      "Shared Dirtied Blocks": 0,
                                      "Shared Written Blocks": 0,
                                      "Local Hit Blocks": 0,
                                      "Local Read Blocks": 0,
                                      "Local Dirtied Blocks": 0,
                                      "Local Written Blocks": 0,
                                      "Temp Read Blocks": 0,
                                      "Temp Written Blocks": 0,
                                      "Plans": [
                                        {
                                          "Node Type": "Bitmap Heap Scan",
                                          "Parent Relationship": "Outer",
                                          "Parallel Aware": false,
                                          "Async Capable": false,
                                          "Relation Name": "learner_question_views",
                                          "Alias": "v",
                                          "Startup Cost": 4.30,
                                          "Total Cost": 11.41,
                                          "Plan Rows": 3,
                                          "Plan Width": 76,
                                          "Actual Startup Time": 0.006,
                                          "Actual Total Time": 0.006,
                                          "Actual Rows": 10,
                                          "Actual Loops": 1,
                                          "Recheck Cond": "(owner_user_id = '9fc267be-1e8b-4b2f-a547-0c1da4486d37'::uuid)",
                                          "Rows Removed by Index Recheck": 0,
                                          "Exact Heap Blocks": 1,
                                          "Lossy Heap Blocks": 0,
                                          "Shared Hit Blocks": 3,
                                          "Shared Read Blocks": 0,
                                          "Shared Dirtied Blocks": 0,
                                          "Shared Written Blocks": 0,
                                          "Local Hit Blocks": 0,
                                          "Local Read Blocks": 0,
                                          "Local Dirtied Blocks": 0,
                                          "Local Written Blocks": 0,
                                          "Temp Read Blocks": 0,
                                          "Temp Written Blocks": 0,
                                          "Plans": [
                                            {
                                              "Node Type": "Bitmap Index Scan",
                                              "Parent Relationship": "Outer",
                                              "Parallel Aware": false,
                                              "Async Capable": false,
                                              "Index Name": "learner_question_views_pkey",
                                              "Startup Cost": 0.00,
                                              "Total Cost": 4.30,
                                              "Plan Rows": 3,
                                              "Plan Width": 0,
                                              "Actual Startup Time": 0.003,
                                              "Actual Total Time": 0.003,
                                              "Actual Rows": 10,
                                              "Actual Loops": 1,
                                              "Index Cond": "(owner_user_id = '9fc267be-1e8b-4b2f-a547-0c1da4486d37'::uuid)",
                                              "Shared Hit Blocks": 2,
                                              "Shared Read Blocks": 0,
                                              "Shared Dirtied Blocks": 0,
                                              "Shared Written Blocks": 0,
                                              "Local Hit Blocks": 0,
                                              "Local Read Blocks": 0,
                                              "Local Dirtied Blocks": 0,
                                              "Local Written Blocks": 0,
                                              "Temp Read Blocks": 0,
                                              "Temp Written Blocks": 0
                                            }
                                          ]
                                        }
                                      ]
                                    }
                                  ]
                                },
                                {
                                  "Node Type": "Index Scan",
                                  "Parent Relationship": "Inner",
                                  "Parallel Aware": false,
                                  "Async Capable": false,
                                  "Scan Direction": "Forward",
                                  "Index Name": "question_review_decisions_submission_id_key",
                                  "Relation Name": "question_review_decisions",
                                  "Alias": "rd",
                                  "Startup Cost": 0.15,
                                  "Total Cost": 0.17,
                                  "Plan Rows": 1,
                                  "Plan Width": 64,
                                  "Actual Startup Time": 0.000,
                                  "Actual Total Time": 0.000,
                                  "Actual Rows": 1,
                                  "Actual Loops": 999,
                                  "Index Cond": "(submission_id = sm.submission_id)",
                                  "Rows Removed by Index Recheck": 0,
                                  "Filter": "(decision = 'approve'::text)",
                                  "Rows Removed by Filter": 0,
                                  "Shared Hit Blocks": 1998,
                                  "Shared Read Blocks": 0,
                                  "Shared Dirtied Blocks": 0,
                                  "Shared Written Blocks": 0,
                                  "Local Hit Blocks": 0,
                                  "Local Read Blocks": 0,
                                  "Local Dirtied Blocks": 0,
                                  "Local Written Blocks": 0,
                                  "Temp Read Blocks": 0,
                                  "Temp Written Blocks": 0
                                }
                              ]
                            },
                            {
                              "Node Type": "Index Scan",
                              "Parent Relationship": "Inner",
                              "Parallel Aware": false,
                              "Async Capable": false,
                              "Scan Direction": "Forward",
                              "Index Name": "question_submissions_pkey",
                              "Relation Name": "question_submissions",
                              "Alias": "qs",
                              "Startup Cost": 0.14,
                              "Total Cost": 0.16,
                              "Plan Rows": 1,
                              "Plan Width": 81,
                              "Actual Startup Time": 0.000,
                              "Actual Total Time": 0.000,
                              "Actual Rows": 1,
                              "Actual Loops": 999,
                              "Index Cond": "(id = sm.submission_id)",
                              "Rows Removed by Index Recheck": 0,
                              "Filter": "(sealed AND (status = 'approved'::text))",
                              "Rows Removed by Filter": 0,
                              "Shared Hit Blocks": 1998,
                              "Shared Read Blocks": 0,
                              "Shared Dirtied Blocks": 0,
                              "Shared Written Blocks": 0,
                              "Local Hit Blocks": 0,
                              "Local Read Blocks": 0,
                              "Local Dirtied Blocks": 0,
                              "Local Written Blocks": 0,
                              "Temp Read Blocks": 0,
                              "Temp Written Blocks": 0
                            }
                          ]
                        },
                        {
                          "Node Type": "Result",
                          "Parent Relationship": "Inner",
                          "Parallel Aware": false,
                          "Async Capable": false,
                          "Startup Cost": 4.31,
                          "Total Cost": 4.32,
                          "Plan Rows": 1,
                          "Plan Width": 8,
                          "Actual Startup Time": 0.001,
                          "Actual Total Time": 0.001,
                          "Actual Rows": 1,
                          "Actual Loops": 999,
                          "Shared Hit Blocks": 2998,
                          "Shared Read Blocks": 0,
                          "Shared Dirtied Blocks": 0,
                          "Shared Written Blocks": 0,
                          "Local Hit Blocks": 0,
                          "Local Read Blocks": 0,
                          "Local Dirtied Blocks": 0,
                          "Local Written Blocks": 0,
                          "Temp Read Blocks": 0,
                          "Temp Written Blocks": 0,
                          "Plans": [
                            {
                              "Node Type": "Limit",
                              "Parent Relationship": "InitPlan",
                              "Subplan Name": "InitPlan 14",
                              "Parallel Aware": false,
                              "Async Capable": false,
                              "Startup Cost": 0.27,
                              "Total Cost": 4.31,
                              "Plan Rows": 1,
                              "Plan Width": 8,
                              "Actual Startup Time": 0.001,
                              "Actual Total Time": 0.001,
                              "Actual Rows": 0,
                              "Actual Loops": 999,
                              "Shared Hit Blocks": 2998,
                              "Shared Read Blocks": 0,
                              "Shared Dirtied Blocks": 0,
                              "Shared Written Blocks": 0,
                              "Local Hit Blocks": 0,
                              "Local Read Blocks": 0,
                              "Local Dirtied Blocks": 0,
                              "Local Written Blocks": 0,
                              "Temp Read Blocks": 0,
                              "Temp Written Blocks": 0,
                              "Plans": [
                                {
                                  "Node Type": "Index Only Scan",
                                  "Parent Relationship": "Outer",
                                  "Parallel Aware": false,
                                  "Async Capable": false,
                                  "Scan Direction": "Backward",
                                  "Index Name": "learning_exposure_reverse",
                                  "Relation Name": "learner_answer_exposures",
                                  "Alias": "e",
                                  "Startup Cost": 0.27,
                                  "Total Cost": 4.31,
                                  "Plan Rows": 1,
                                  "Plan Width": 8,
                                  "Actual Startup Time": 0.001,
                                  "Actual Total Time": 0.001,
                                  "Actual Rows": 0,
                                  "Actual Loops": 999,
                                  "Index Cond": "(owner_user_id = '9fc267be-1e8b-4b2f-a547-0c1da4486d37'::uuid)",
                                  "Rows Removed by Index Recheck": 0,
                                  "Filter": "(((kind = 'instance'::text) AND (id = i.id) AND (version = i.version) AND (sha256 = i.sha256)) OR ((kind = 'template'::text) AND (id = i.template_id) AND (version = i.template_version) AND (sha256 = i.template_sha256)))",
                                  "Rows Removed by Filter": 10,
                                  "Heap Fetches": 9946,
                                  "Shared Hit Blocks": 2998,
                                  "Shared Read Blocks": 0,
                                  "Shared Dirtied Blocks": 0,
                                  "Shared Written Blocks": 0,
                                  "Local Hit Blocks": 0,
                                  "Local Read Blocks": 0,
                                  "Local Dirtied Blocks": 0,
                                  "Local Written Blocks": 0,
                                  "Temp Read Blocks": 0,
                                  "Temp Written Blocks": 0
                                }
                              ]
                            }
                          ]
                        }
                      ]
                    },
                    {
                      "Node Type": "Bitmap Heap Scan",
                      "Parent Relationship": "Inner",
                      "Parallel Aware": false,
                      "Async Capable": false,
                      "Relation Name": "question_withdrawals",
                      "Alias": "w",
                      "Startup Cost": 0.57,
                      "Total Cost": 4.61,
                      "Plan Rows": 1,
                      "Plan Width": 100,
                      "Actual Startup Time": 0.001,
                      "Actual Total Time": 0.001,
                      "Actual Rows": 0,
                      "Actual Loops": 999,
                      "Recheck Cond": "(((kind = 'instance'::text) AND (target_id = i.id) AND (target_version = i.version)) OR ((kind = 'template'::text) AND (target_id = i.template_id) AND (target_version = i.template_version)))",
                      "Rows Removed by Index Recheck": 0,
                      "Filter": "(((kind = 'instance'::text) AND (target_id = i.id) AND (target_version = i.version) AND (sha256 = i.sha256)) OR ((kind = 'template'::text) AND (target_id = i.template_id) AND (target_version = i.template_version) AND (sha256 = i.template_sha256)))",
                      "Rows Removed by Filter": 0,
                      "Exact Heap Blocks": 0,
                      "Lossy Heap Blocks": 0,
                      "Shared Hit Blocks": 1998,
                      "Shared Read Blocks": 0,
                      "Shared Dirtied Blocks": 0,
                      "Shared Written Blocks": 0,
                      "Local Hit Blocks": 0,
                      "Local Read Blocks": 0,
                      "Local Dirtied Blocks": 0,
                      "Local Written Blocks": 0,
                      "Temp Read Blocks": 0,
                      "Temp Written Blocks": 0,
                      "Plans": [
                        {
                          "Node Type": "BitmapOr",
                          "Parent Relationship": "Outer",
                          "Parallel Aware": false,
                          "Async Capable": false,
                          "Startup Cost": 0.57,
                          "Total Cost": 0.57,
                          "Plan Rows": 1,
                          "Plan Width": 0,
                          "Actual Startup Time": 0.001,
                          "Actual Total Time": 0.001,
                          "Actual Rows": 0,
                          "Actual Loops": 999,
                          "Shared Hit Blocks": 1998,
                          "Shared Read Blocks": 0,
                          "Shared Dirtied Blocks": 0,
                          "Shared Written Blocks": 0,
                          "Local Hit Blocks": 0,
                          "Local Read Blocks": 0,
                          "Local Dirtied Blocks": 0,
                          "Local Written Blocks": 0,
                          "Temp Read Blocks": 0,
                          "Temp Written Blocks": 0,
                          "Plans": [
                            {
                              "Node Type": "Bitmap Index Scan",
                              "Parent Relationship": "Member",
                              "Parallel Aware": false,
                              "Async Capable": false,
                              "Index Name": "question_withdrawals_kind_target_id_target_version_key",
                              "Startup Cost": 0.00,
                              "Total Cost": 0.29,
                              "Plan Rows": 1,
                              "Plan Width": 0,
                              "Actual Startup Time": 0.000,
                              "Actual Total Time": 0.000,
                              "Actual Rows": 0,
                              "Actual Loops": 999,
                              "Index Cond": "((kind = 'instance'::text) AND (target_id = i.id) AND (target_version = i.version))",
                              "Shared Hit Blocks": 999,
                              "Shared Read Blocks": 0,
                              "Shared Dirtied Blocks": 0,
                              "Shared Written Blocks": 0,
                              "Local Hit Blocks": 0,
                              "Local Read Blocks": 0,
                              "Local Dirtied Blocks": 0,
                              "Local Written Blocks": 0,
                              "Temp Read Blocks": 0,
                              "Temp Written Blocks": 0
                            },
                            {
                              "Node Type": "Bitmap Index Scan",
                              "Parent Relationship": "Member",
                              "Parallel Aware": false,
                              "Async Capable": false,
                              "Index Name": "question_withdrawals_kind_target_id_target_version_key",
                              "Startup Cost": 0.00,
                              "Total Cost": 0.29,
                              "Plan Rows": 1,
                              "Plan Width": 0,
                              "Actual Startup Time": 0.000,
                              "Actual Total Time": 0.000,
                              "Actual Rows": 0,
                              "Actual Loops": 999,
                              "Index Cond": "((kind = 'template'::text) AND (target_id = i.template_id) AND (target_version = i.template_version))",
                              "Shared Hit Blocks": 999,
                              "Shared Read Blocks": 0,
                              "Shared Dirtied Blocks": 0,
                              "Shared Written Blocks": 0,
                              "Local Hit Blocks": 0,
                              "Local Read Blocks": 0,
                              "Local Dirtied Blocks": 0,
                              "Local Written Blocks": 0,
                              "Temp Read Blocks": 0,
                              "Temp Written Blocks": 0
                            }
                          ]
                        }
                      ]
                    },
                    {
                      "Node Type": "Aggregate",
                      "Strategy": "Plain",
                      "Partial Mode": "Simple",
                      "Parent Relationship": "SubPlan",
                      "Subplan Name": "SubPlan 4",
                      "Parallel Aware": false,
                      "Async Capable": false,
                      "Startup Cost": 4.44,
                      "Total Cost": 4.45,
                      "Plan Rows": 1,
                      "Plan Width": 32,
                      "Actual Startup Time": 0.002,
                      "Actual Total Time": 0.002,
                      "Actual Rows": 1,
                      "Actual Loops": 999,
                      "Shared Hit Blocks": 2998,
                      "Shared Read Blocks": 0,
                      "Shared Dirtied Blocks": 0,
                      "Shared Written Blocks": 0,
                      "Local Hit Blocks": 0,
                      "Local Read Blocks": 0,
                      "Local Dirtied Blocks": 0,
                      "Local Written Blocks": 0,
                      "Temp Read Blocks": 0,
                      "Temp Written Blocks": 0,
                      "Plans": [
                        {
                          "Node Type": "Index Only Scan",
                          "Parent Relationship": "Outer",
                          "Parallel Aware": false,
                          "Async Capable": false,
                          "Scan Direction": "Forward",
                          "Index Name": "learning_coverage_knowledge",
                          "Relation Name": "question_instance_coverage",
                          "Alias": "c",
                          "Startup Cost": 0.41,
                          "Total Cost": 4.43,
                          "Plan Rows": 1,
                          "Plan Width": 4,
                          "Actual Startup Time": 0.001,
                          "Actual Total Time": 0.001,
                          "Actual Rows": 1,
                          "Actual Loops": 999,
                          "Index Cond": "((knowledge_id = 'capacity-k-0000'::text) AND (knowledge_version = 1) AND (instance_id = i.id) AND (instance_version = i.version))",
                          "Rows Removed by Index Recheck": 0,
                          "Heap Fetches": 0,
                          "Shared Hit Blocks": 2998,
                          "Shared Read Blocks": 0,
                          "Shared Dirtied Blocks": 0,
                          "Shared Written Blocks": 0,
                          "Local Hit Blocks": 0,
                          "Local Read Blocks": 0,
                          "Local Dirtied Blocks": 0,
                          "Local Written Blocks": 0,
                          "Temp Read Blocks": 0,
                          "Temp Written Blocks": 0
                        }
                      ]
                    },
                    {
                      "Node Type": "Nested Loop",
                      "Parent Relationship": "SubPlan",
                      "Subplan Name": "SubPlan 6",
                      "Parallel Aware": false,
                      "Async Capable": false,
                      "Join Type": "Inner",
                      "Startup Cost": 4.17,
                      "Total Cost": 11.33,
                      "Plan Rows": 3,
                      "Plan Width": 68,
                      "Actual Startup Time": 0.008,
                      "Actual Total Time": 0.010,
                      "Actual Rows": 5,
                      "Actual Loops": 1,
                      "Inner Unique": false,
                      "Shared Hit Blocks": 5,
                      "Shared Read Blocks": 0,
                      "Shared Dirtied Blocks": 0,
                      "Shared Written Blocks": 0,
                      "Local Hit Blocks": 0,
                      "Local Read Blocks": 0,
                      "Local Dirtied Blocks": 0,
                      "Local Written Blocks": 0,
                      "Temp Read Blocks": 0,
                      "Temp Written Blocks": 0,
                      "Plans": [
                        {
                          "Node Type": "CTE Scan",
                          "Parent Relationship": "Outer",
                          "Parallel Aware": false,
                          "Async Capable": false,
                          "CTE Name": "recent",
                          "Alias": "r",
                          "Startup Cost": 0.00,
                          "Total Cost": 0.02,
                          "Plan Rows": 1,
                          "Plan Width": 16,
                          "Actual Startup Time": 0.003,
                          "Actual Total Time": 0.004,
                          "Actual Rows": 1,
                          "Actual Loops": 1,
                          "Shared Hit Blocks": 2,
                          "Shared Read Blocks": 0,
                          "Shared Dirtied Blocks": 0,
                          "Shared Written Blocks": 0,
                          "Local Hit Blocks": 0,
                          "Local Read Blocks": 0,
                          "Local Dirtied Blocks": 0,
                          "Local Written Blocks": 0,
                          "Temp Read Blocks": 0,
                          "Temp Written Blocks": 0
                        },
                        {
                          "Node Type": "Bitmap Heap Scan",
                          "Parent Relationship": "Inner",
                          "Parallel Aware": false,
                          "Async Capable": false,
                          "Relation Name": "assessment_items",
                          "Alias": "ai",
                          "Startup Cost": 4.17,
                          "Total Cost": 11.28,
                          "Plan Rows": 3,
                          "Plan Width": 84,
                          "Actual Startup Time": 0.004,
                          "Actual Total Time": 0.005,
                          "Actual Rows": 5,
                          "Actual Loops": 1,
                          "Recheck Cond": "(attempt_id = r.id)",
                          "Rows Removed by Index Recheck": 0,
                          "Exact Heap Blocks": 2,
                          "Lossy Heap Blocks": 0,
                          "Shared Hit Blocks": 3,
                          "Shared Read Blocks": 0,
                          "Shared Dirtied Blocks": 0,
                          "Shared Written Blocks": 0,
                          "Local Hit Blocks": 0,
                          "Local Read Blocks": 0,
                          "Local Dirtied Blocks": 0,
                          "Local Written Blocks": 0,
                          "Temp Read Blocks": 0,
                          "Temp Written Blocks": 0,
                          "Plans": [
                            {
                              "Node Type": "Bitmap Index Scan",
                              "Parent Relationship": "Outer",
                              "Parallel Aware": false,
                              "Async Capable": false,
                              "Index Name": "assessment_items_attempt_id_position_instance_id_instance_v_key",
                              "Startup Cost": 0.00,
                              "Total Cost": 4.17,
                              "Plan Rows": 3,
                              "Plan Width": 0,
                              "Actual Startup Time": 0.002,
                              "Actual Total Time": 0.002,
                              "Actual Rows": 5,
                              "Actual Loops": 1,
                              "Index Cond": "(attempt_id = r.id)",
                              "Shared Hit Blocks": 1,
                              "Shared Read Blocks": 0,
                              "Shared Dirtied Blocks": 0,
                              "Shared Written Blocks": 0,
                              "Local Hit Blocks": 0,
                              "Local Read Blocks": 0,
                              "Local Dirtied Blocks": 0,
                              "Local Written Blocks": 0,
                              "Temp Read Blocks": 0,
                              "Temp Written Blocks": 0
                            }
                          ]
                        }
                      ]
                    }
                  ]
                }
              ]
            },
            "Planning": {
              "Shared Hit Blocks": 36,
              "Shared Read Blocks": 0,
              "Shared Dirtied Blocks": 0,
              "Shared Written Blocks": 0,
              "Local Hit Blocks": 0,
              "Local Read Blocks": 0,
              "Local Dirtied Blocks": 0,
              "Local Written Blocks": 0,
              "Temp Read Blocks": 0,
              "Temp Written Blocks": 0
            },
            "Planning Time": 2.919,
            "Triggers": [
            ],
            "Execution Time": 52.097
          }
        ]
    learning_capacity_test.go:387: LEARNING_CAPACITY SQLSUMMARY private-five-bodies actualRows=5 executionMs=4.443000 sharedHits=1429 sharedReads=0
    learning_capacity_test.go:387: LEARNING_CAPACITY SQLPLAN private-five-bodies [
          {
            "Plan": {
              "Node Type": "Sort",
              "Parallel Aware": false,
              "Async Capable": false,
              "Startup Cost": 268.01,
              "Total Cost": 268.01,
              "Plan Rows": 1,
              "Plan Width": 1208,
              "Actual Startup Time": 4.422,
              "Actual Total Time": 4.423,
              "Actual Rows": 5,
              "Actual Loops": 1,
              "Sort Key": ["r.\"position\""],
              "Sort Method": "quicksort",
              "Sort Space Used": 31,
              "Sort Space Type": "Memory",
              "Shared Hit Blocks": 1429,
              "Shared Read Blocks": 0,
              "Shared Dirtied Blocks": 0,
              "Shared Written Blocks": 0,
              "Local Hit Blocks": 0,
              "Local Read Blocks": 0,
              "Local Dirtied Blocks": 0,
              "Local Written Blocks": 0,
              "Temp Read Blocks": 0,
              "Temp Written Blocks": 0,
              "Plans": [
                {
                  "Node Type": "Nested Loop",
                  "Parent Relationship": "Outer",
                  "Parallel Aware": false,
                  "Async Capable": false,
                  "Join Type": "Inner",
                  "Startup Cost": 98.97,
                  "Total Cost": 268.00,
                  "Plan Rows": 1,
                  "Plan Width": 1208,
                  "Actual Startup Time": 2.614,
                  "Actual Total Time": 4.420,
                  "Actual Rows": 5,
                  "Actual Loops": 1,
                  "Inner Unique": false,
                  "Shared Hit Blocks": 1429,
                  "Shared Read Blocks": 0,
                  "Shared Dirtied Blocks": 0,
                  "Shared Written Blocks": 0,
                  "Local Hit Blocks": 0,
                  "Local Read Blocks": 0,
                  "Local Dirtied Blocks": 0,
                  "Local Written Blocks": 0,
                  "Temp Read Blocks": 0,
                  "Temp Written Blocks": 0,
                  "Plans": [
                    {
                      "Node Type": "Nested Loop",
                      "Parent Relationship": "Outer",
                      "Parallel Aware": false,
                      "Async Capable": false,
                      "Join Type": "Inner",
                      "Startup Cost": 98.82,
                      "Total Cost": 259.82,
                      "Plan Rows": 1,
                      "Plan Width": 1224,
                      "Actual Startup Time": 2.612,
                      "Actual Total Time": 4.415,
                      "Actual Rows": 5,
                      "Actual Loops": 1,
                      "Inner Unique": true,
                      "Shared Hit Blocks": 1419,
                      "Shared Read Blocks": 0,
                      "Shared Dirtied Blocks": 0,
                      "Shared Written Blocks": 0,
                      "Local Hit Blocks": 0,
                      "Local Read Blocks": 0,
                      "Local Dirtied Blocks": 0,
                      "Local Written Blocks": 0,
                      "Temp Read Blocks": 0,
                      "Temp Written Blocks": 0,
                      "Plans": [
                        {
                          "Node Type": "Nested Loop",
                          "Parent Relationship": "Outer",
                          "Parallel Aware": false,
                          "Async Capable": false,
                          "Join Type": "Inner",
                          "Startup Cost": 98.41,
                          "Total Cost": 258.58,
                          "Plan Rows": 1,
                          "Plan Width": 539,
                          "Actual Startup Time": 2.606,
                          "Actual Total Time": 4.395,
                          "Actual Rows": 5,
                          "Actual Loops": 1,
                          "Inner Unique": true,
                          "Join Filter": "((m.review_id = rd.id) AND (s.id = m.submission_id))",
                          "Rows Removed by Join Filter": 0,
                          "Shared Hit Blocks": 1399,
                          "Shared Read Blocks": 0,
                          "Shared Dirtied Blocks": 0,
                          "Shared Written Blocks": 0,
                          "Local Hit Blocks": 0,
                          "Local Read Blocks": 0,
                          "Local Dirtied Blocks": 0,
                          "Local Written Blocks": 0,
                          "Temp Read Blocks": 0,
                          "Temp Written Blocks": 0,
                          "Plans": [
                            {
                              "Node Type": "Hash Join",
                              "Parent Relationship": "Outer",
                              "Parallel Aware": false,
                              "Async Capable": false,
                              "Join Type": "Inner",
                              "Startup Cost": 98.00,
                              "Total Cost": 257.71,
                              "Plan Rows": 1,
                              "Plan Width": 233,
                              "Actual Startup Time": 0.056,
                              "Actual Total Time": 4.299,
                              "Actual Rows": 50,
                              "Actual Loops": 1,
                              "Inner Unique": false,
                              "Hash Cond": "((sm.id = (r.instance ->> 'id'::text)) AND (sm.version = ((r.instance ->> 'version'::text))::integer) AND (sm.sha256 = (r.instance ->> 'sha256'::text)))",
                              "Shared Hit Blocks": 1199,
                              "Shared Read Blocks": 0,
                              "Shared Dirtied Blocks": 0,
                              "Shared Written Blocks": 0,
                              "Local Hit Blocks": 0,
                              "Local Read Blocks": 0,
                              "Local Dirtied Blocks": 0,
                              "Local Written Blocks": 0,
                              "Temp Read Blocks": 0,
                              "Temp Written Blocks": 0,
                              "Plans": [
                                {
                                  "Node Type": "Nested Loop",
                                  "Parent Relationship": "Outer",
                                  "Parallel Aware": false,
                                  "Async Capable": false,
                                  "Join Type": "Inner",
                                  "Startup Cost": 95.25,
                                  "Total Cost": 237.44,
                                  "Plan Rows": 1000,
                                  "Plan Width": 197,
                                  "Actual Startup Time": 0.043,
                                  "Actual Total Time": 2.820,
                                  "Actual Rows": 19000,
                                  "Actual Loops": 1,
                                  "Inner Unique": false,
                                  "Shared Hit Blocks": 1199,
                                  "Shared Read Blocks": 0,
                                  "Shared Dirtied Blocks": 0,
                                  "Shared Written Blocks": 0,
                                  "Local Hit Blocks": 0,
                                  "Local Read Blocks": 0,
                                  "Local Dirtied Blocks": 0,
                                  "Local Written Blocks": 0,
                                  "Temp Read Blocks": 0,
                                  "Temp Written Blocks": 0,
                                  "Plans": [
                                    {
                                      "Node Type": "Hash Join",
                                      "Parent Relationship": "Outer",
                                      "Parallel Aware": false,
                                      "Async Capable": false,
                                      "Join Type": "Inner",
                                      "Startup Cost": 13.64,
                                      "Total Cost": 14.98,
                                      "Plan Rows": 1,
                                      "Plan Width": 48,
                                      "Actual Startup Time": 0.010,
                                      "Actual Total Time": 0.018,
                                      "Actual Rows": 19,
                                      "Actual Loops": 1,
                                      "Inner Unique": true,
                                      "Hash Cond": "((s.id = rd.submission_id) AND (s.frozen_digest = rd.frozen_digest))",
                                      "Shared Hit Blocks": 3,
                                      "Shared Read Blocks": 0,
                                      "Shared Dirtied Blocks": 0,
                                      "Shared Written Blocks": 0,
                                      "Local Hit Blocks": 0,
                                      "Local Read Blocks": 0,
                                      "Local Dirtied Blocks": 0,
                                      "Local Written Blocks": 0,
                                      "Temp Read Blocks": 0,
                                      "Temp Written Blocks": 0,
                                      "Plans": [
                                        {
                                          "Node Type": "Seq Scan",
                                          "Parent Relationship": "Outer",
                                          "Parallel Aware": false,
                                          "Async Capable": false,
                                          "Relation Name": "question_submissions",
                                          "Alias": "s",
                                          "Startup Cost": 0.00,
                                          "Total Cost": 1.24,
                                          "Plan Rows": 19,
                                          "Plan Width": 81,
                                          "Actual Startup Time": 0.002,
                                          "Actual Total Time": 0.007,
                                          "Actual Rows": 19,
                                          "Actual Loops": 1,
                                          "Filter": "(sealed AND (status = 'approved'::text))",
                                          "Rows Removed by Filter": 0,
                                          "Shared Hit Blocks": 1,
                                          "Shared Read Blocks": 0,
                                          "Shared Dirtied Blocks": 0,
                                          "Shared Written Blocks": 0,
                                          "Local Hit Blocks": 0,
                                          "Local Read Blocks": 0,
                                          "Local Dirtied Blocks": 0,
                                          "Local Written Blocks": 0,
                                          "Temp Read Blocks": 0,
                                          "Temp Written Blocks": 0
                                        },
                                        {
                                          "Node Type": "Hash",
                                          "Parent Relationship": "Inner",
                                          "Parallel Aware": false,
                                          "Async Capable": false,
                                          "Startup Cost": 13.62,
                                          "Total Cost": 13.62,
                                          "Plan Rows": 1,
                                          "Plan Width": 64,
                                          "Actual Startup Time": 0.006,
                                          "Actual Total Time": 0.006,
                                          "Actual Rows": 19,
                                          "Actual Loops": 1,
                                          "Hash Buckets": 1024,
                                          "Original Hash Buckets": 1024,
                                          "Hash Batches": 1,
                                          "Original Hash Batches": 1,
                                          "Peak Memory Usage": 11,
                                          "Shared Hit Blocks": 2,
                                          "Shared Read Blocks": 0,
                                          "Shared Dirtied Blocks": 0,
                                          "Shared Written Blocks": 0,
                                          "Local Hit Blocks": 0,
                                          "Local Read Blocks": 0,
                                          "Local Dirtied Blocks": 0,
                                          "Local Written Blocks": 0,
                                          "Temp Read Blocks": 0,
                                          "Temp Written Blocks": 0,
                                          "Plans": [
                                            {
                                              "Node Type": "Seq Scan",
                                              "Parent Relationship": "Outer",
                                              "Parallel Aware": false,
                                              "Async Capable": false,
                                              "Relation Name": "question_review_decisions",
                                              "Alias": "rd",
                                              "Startup Cost": 0.00,
                                              "Total Cost": 13.62,
                                              "Plan Rows": 1,
                                              "Plan Width": 64,
                                              "Actual Startup Time": 0.002,
                                              "Actual Total Time": 0.004,
                                              "Actual Rows": 19,
                                              "Actual Loops": 1,
                                              "Filter": "(decision = 'approve'::text)",
                                              "Rows Removed by Filter": 0,
                                              "Shared Hit Blocks": 2,
                                              "Shared Read Blocks": 0,
                                              "Shared Dirtied Blocks": 0,
                                              "Shared Written Blocks": 0,
                                              "Local Hit Blocks": 0,
                                              "Local Read Blocks": 0,
                                              "Local Dirtied Blocks": 0,
                                              "Local Written Blocks": 0,
                                              "Temp Read Blocks": 0,
                                              "Temp Written Blocks": 0
                                            }
                                          ]
                                        }
                                      ]
                                    },
                                    {
                                      "Node Type": "Bitmap Heap Scan",
                                      "Parent Relationship": "Inner",
                                      "Parallel Aware": false,
                                      "Async Capable": false,
                                      "Relation Name": "question_submission_members",
                                      "Alias": "sm",
                                      "Startup Cost": 81.61,
                                      "Total Cost": 212.47,
                                      "Plan Rows": 1000,
                                      "Plan Width": 149,
                                      "Actual Startup Time": 0.033,
                                      "Actual Total Time": 0.088,
                                      "Actual Rows": 1000,
                                      "Actual Loops": 19,
                                      "Recheck Cond": "((s.id = submission_id) AND (kind = 'instance'::text))",
                                      "Rows Removed by Index Recheck": 0,
                                      "Exact Heap Blocks": 653,
                                      "Lossy Heap Blocks": 0,
                                      "Shared Hit Blocks": 1196,
                                      "Shared Read Blocks": 0,
                                      "Shared Dirtied Blocks": 0,
                                      "Shared Written Blocks": 0,
                                      "Local Hit Blocks": 0,
                                      "Local Read Blocks": 0,
                                      "Local Dirtied Blocks": 0,
                                      "Local Written Blocks": 0,
                                      "Temp Read Blocks": 0,
                                      "Temp Written Blocks": 0,
                                      "Plans": [
                                        {
                                          "Node Type": "Bitmap Index Scan",
                                          "Parent Relationship": "Outer",
                                          "Parallel Aware": false,
                                          "Async Capable": false,
                                          "Index Name": "question_submission_members_pkey",
                                          "Startup Cost": 0.00,
                                          "Total Cost": 81.36,
                                          "Plan Rows": 1000,
                                          "Plan Width": 0,
                                          "Actual Startup Time": 0.031,
                                          "Actual Total Time": 0.031,
                                          "Actual Rows": 1000,
                                          "Actual Loops": 19,
                                          "Index Cond": "((submission_id = s.id) AND (kind = 'instance'::text))",
                                          "Shared Hit Blocks": 543,
                                          "Shared Read Blocks": 0,
                                          "Shared Dirtied Blocks": 0,
                                          "Shared Written Blocks": 0,
                                          "Local Hit Blocks": 0,
                                          "Local Read Blocks": 0,
                                          "Local Dirtied Blocks": 0,
                                          "Local Written Blocks": 0,
                                          "Temp Read Blocks": 0,
                                          "Temp Written Blocks": 0
                                        }
                                      ]
                                    }
                                  ]
                                },
                                {
                                  "Node Type": "Hash",
                                  "Parent Relationship": "Inner",
                                  "Parallel Aware": false,
                                  "Async Capable": false,
                                  "Startup Cost": 1.00,
                                  "Total Cost": 1.00,
                                  "Plan Rows": 100,
                                  "Plan Width": 36,
                                  "Actual Startup Time": 0.006,
                                  "Actual Total Time": 0.006,
                                  "Actual Rows": 5,
                                  "Actual Loops": 1,
                                  "Hash Buckets": 1024,
                                  "Original Hash Buckets": 1024,
                                  "Hash Batches": 1,
                                  "Original Hash Batches": 1,
                                  "Peak Memory Usage": 10,
                                  "Shared Hit Blocks": 0,
                                  "Shared Read Blocks": 0,
                                  "Shared Dirtied Blocks": 0,
                                  "Shared Written Blocks": 0,
                                  "Local Hit Blocks": 0,
                                  "Local Read Blocks": 0,
                                  "Local Dirtied Blocks": 0,
                                  "Local Written Blocks": 0,
                                  "Temp Read Blocks": 0,
                                  "Temp Written Blocks": 0,
                                  "Plans": [
                                    {
                                      "Node Type": "Function Scan",
                                      "Parent Relationship": "Outer",
                                      "Parallel Aware": false,
                                      "Async Capable": false,
                                      "Function Name": "jsonb_to_recordset",
                                      "Alias": "r",
                                      "Startup Cost": 0.00,
                                      "Total Cost": 1.00,
                                      "Plan Rows": 100,
                                      "Plan Width": 36,
                                      "Actual Startup Time": 0.003,
                                      "Actual Total Time": 0.004,
                                      "Actual Rows": 5,
                                      "Actual Loops": 1,
                                      "Shared Hit Blocks": 0,
                                      "Shared Read Blocks": 0,
                                      "Shared Dirtied Blocks": 0,
                                      "Shared Written Blocks": 0,
                                      "Local Hit Blocks": 0,
                                      "Local Read Blocks": 0,
                                      "Local Dirtied Blocks": 0,
                                      "Local Written Blocks": 0,
                                      "Temp Read Blocks": 0,
                                      "Temp Written Blocks": 0
                                    }
                                  ]
                                }
                              ]
                            },
                            {
                              "Node Type": "Index Scan",
                              "Parent Relationship": "Inner",
                              "Parallel Aware": false,
                              "Async Capable": false,
                              "Scan Direction": "Forward",
                              "Index Name": "question_publication_members_pkey",
                              "Relation Name": "question_publication_members",
                              "Alias": "m",
                              "Startup Cost": 0.41,
                              "Total Cost": 0.85,
                              "Plan Rows": 1,
                              "Plan Width": 402,
                              "Actual Startup Time": 0.002,
                              "Actual Total Time": 0.002,
                              "Actual Rows": 0,
                              "Actual Loops": 50,
                              "Index Cond": "((publication_id = 'e9d50fd6-fcca-4292-955d-6188cb319188'::uuid) AND (kind = 'instance'::text) AND (id = sm.id))",
                              "Rows Removed by Index Recheck": 0,
                              "Filter": "((version = sm.version) AND (sm.sha256 = sha256) AND (sm.submission_id = submission_id))",
                              "Rows Removed by Filter": 1,
                              "Shared Hit Blocks": 200,
                              "Shared Read Blocks": 0,
                              "Shared Dirtied Blocks": 0,
                              "Shared Written Blocks": 0,
                              "Local Hit Blocks": 0,
                              "Local Read Blocks": 0,
                              "Local Dirtied Blocks": 0,
                              "Local Written Blocks": 0,
                              "Temp Read Blocks": 0,
                              "Temp Written Blocks": 0
                            }
                          ]
                        },
                        {
                          "Node Type": "Index Scan",
                          "Parent Relationship": "Inner",
                          "Parallel Aware": false,
                          "Async Capable": false,
                          "Scan Direction": "Forward",
                          "Index Name": "question_instances_pkey",
                          "Relation Name": "question_instances",
                          "Alias": "i",
                          "Startup Cost": 0.41,
                          "Total Cost": 1.23,
                          "Plan Rows": 1,
                          "Plan Width": 1053,
                          "Actual Startup Time": 0.004,
                          "Actual Total Time": 0.004,
                          "Actual Rows": 1,
                          "Actual Loops": 5,
                          "Index Cond": "((id = m.id) AND (version = m.version))",
                          "Rows Removed by Index Recheck": 0,
                          "Filter": "(sealed AND (sha256 = m.sha256))",
                          "Rows Removed by Filter": 0,
                          "Shared Hit Blocks": 20,
                          "Shared Read Blocks": 0,
                          "Shared Dirtied Blocks": 0,
                          "Shared Written Blocks": 0,
                          "Local Hit Blocks": 0,
                          "Local Read Blocks": 0,
                          "Local Dirtied Blocks": 0,
                          "Local Written Blocks": 0,
                          "Temp Read Blocks": 0,
                          "Temp Written Blocks": 0
                        }
                      ]
                    },
                    {
                      "Node Type": "Index Scan",
                      "Parent Relationship": "Inner",
                      "Parallel Aware": false,
                      "Async Capable": false,
                      "Scan Direction": "Forward",
                      "Index Name": "question_publications_pkey",
                      "Relation Name": "question_publications",
                      "Alias": "p",
                      "Startup Cost": 0.14,
                      "Total Cost": 8.16,
                      "Plan Rows": 1,
                      "Plan Width": 16,
                      "Actual Startup Time": 0.001,
                      "Actual Total Time": 0.001,
                      "Actual Rows": 1,
                      "Actual Loops": 5,
                      "Index Cond": "(id = 'e9d50fd6-fcca-4292-955d-6188cb319188'::uuid)",
                      "Rows Removed by Index Recheck": 0,
                      "Filter": "(sealed AND (status = 'published'::text))",
                      "Rows Removed by Filter": 0,
                      "Shared Hit Blocks": 10,
                      "Shared Read Blocks": 0,
                      "Shared Dirtied Blocks": 0,
                      "Shared Written Blocks": 0,
                      "Local Hit Blocks": 0,
                      "Local Read Blocks": 0,
                      "Local Dirtied Blocks": 0,
                      "Local Written Blocks": 0,
                      "Temp Read Blocks": 0,
                      "Temp Written Blocks": 0
                    }
                  ]
                }
              ]
            },
            "Planning": {
              "Shared Hit Blocks": 24,
              "Shared Read Blocks": 0,
              "Shared Dirtied Blocks": 0,
              "Shared Written Blocks": 0,
              "Local Hit Blocks": 0,
              "Local Read Blocks": 0,
              "Local Dirtied Blocks": 0,
              "Local Written Blocks": 0,
              "Temp Read Blocks": 0,
              "Temp Written Blocks": 0
            },
            "Planning Time": 3.372,
            "Triggers": [
            ],
            "Execution Time": 4.443
          }
        ]
=== RUN   TestLearningCapacityMaxPool/maximum-shared-two-slots-and-exclusive-lock
    learning_capacity_test.go:436: LEARNING_CAPACITY twoRealHeavyCreations=true differentUsers=true twoSharedSlots=true elapsed=277.341791ms
    learning_capacity_test.go:450: LEARNING_CAPACITY exclusiveLockWait=1.01350325s no-writing-read=true
--- PASS: TestLearningCapacityMaxPool (122.67s)
    --- PASS: TestLearningCapacityMaxPool/maximum-shared-two-slots-and-exclusive-lock (1.29s)
PASS
ok  	github.com/yyl1212/math_master/backend/internal/store	123.267s
