=== RUN   TestLearningCapacitySourceVolume
    learning_capacity_test.go:455: LEARNING_CAPACITY actual published knowledge=1000 units=4000 paths=200 assets=1000 templates=200 instances=10000 blueprints=1000 rootCandidates=1000 core=8 directSuccessors=999 actualMaxPathNodes=16
    learning_capacity_test.go:455: LEARNING_CAPACITY approvalProofDifferential=1000 allEqual=true allApproved=true
=== RUN   TestLearningCapacitySourceVolume/safe-options
    learning_capacity_test.go:464: LEARNING_CAPACITY optionsWireBytes=211777
    learning_capacity_test.go:458: LEARNING_CAPACITY published-1000-options-1000-candidates elapsed=302.767125ms allocs=94536 bytes=15671920 heap=38994056 maxRSS=307331072 unit=bytes GOOS=darwin err=<nil>
=== RUN   TestLearningCapacitySourceVolume/overview-empty
    learning_capacity_test.go:472: LEARNING_CAPACITY overview-1000-unread elapsed=439.934792ms allocs=69153 bytes=4234320 heap=27840536 maxRSS=307380224 unit=bytes GOOS=darwin err=<nil>
=== NAME  TestLearningCapacitySourceVolume
    learning_capacity_test.go:489: LEARNING_CAPACITY five-body-projection elapsed=172.380167ms allocs=27103 bytes=2852168 heap=26389832 maxRSS=307429376 unit=bytes GOOS=darwin err=<nil>
    learning_capacity_test.go:501: LEARNING_CAPACITY SQLSUMMARY private-five-bodies actualRows=5 executionMs=2.704000 sharedHits=938 sharedReads=0
    learning_capacity_test.go:501: LEARNING_CAPACITY SQLPLAN private-five-bodies [
          {
            "Plan": {
              "Node Type": "Sort",
              "Parallel Aware": false,
              "Async Capable": false,
              "Startup Cost": 28.62,
              "Total Cost": 28.63,
              "Plan Rows": 1,
              "Plan Width": 1017,
              "Actual Startup Time": 2.684,
              "Actual Total Time": 2.685,
              "Actual Rows": 5,
              "Actual Loops": 1,
              "Sort Key": ["r.\"position\""],
              "Sort Method": "quicksort",
              "Sort Space Used": 31,
              "Sort Space Type": "Memory",
              "Shared Hit Blocks": 938,
              "Shared Read Blocks": 0,
              "Shared Dirtied Blocks": 0,
              "Shared Written Blocks": 0,
              "Local Hit Blocks": 0,
              "Local Read Blocks": 0,
              "Local Dirtied Blocks": 0,
              "Local Written Blocks": 0,
              "Temp Read Blocks": 0,
              "Temp Written Blocks": 0,
              "Plans": [
                {
                  "Node Type": "Nested Loop",
                  "Parent Relationship": "Outer",
                  "Parallel Aware": false,
                  "Async Capable": false,
                  "Join Type": "Inner",
                  "Startup Cost": 9.70,
                  "Total Cost": 28.61,
                  "Plan Rows": 1,
                  "Plan Width": 1017,
                  "Actual Startup Time": 2.651,
                  "Actual Total Time": 2.681,
                  "Actual Rows": 5,
                  "Actual Loops": 1,
                  "Inner Unique": true,
                  "Join Filter": "((s.id = m.submission_id) AND (s.frozen_digest = rd.frozen_digest))",
                  "Rows Removed by Join Filter": 0,
                  "Shared Hit Blocks": 938,
                  "Shared Read Blocks": 0,
                  "Shared Dirtied Blocks": 0,
                  "Shared Written Blocks": 0,
                  "Local Hit Blocks": 0,
                  "Local Read Blocks": 0,
                  "Local Dirtied Blocks": 0,
                  "Local Written Blocks": 0,
                  "Temp Read Blocks": 0,
                  "Temp Written Blocks": 0,
                  "Plans": [
                    {
                      "Node Type": "Nested Loop",
                      "Parent Relationship": "Outer",
                      "Parallel Aware": false,
                      "Async Capable": false,
                      "Join Type": "Inner",
                      "Startup Cost": 9.57,
                      "Total Cost": 28.44,
                      "Plan Rows": 1,
                      "Plan Width": 1097,
                      "Actual Startup Time": 2.649,
                      "Actual Total Time": 2.678,
                      "Actual Rows": 5,
                      "Actual Loops": 1,
                      "Inner Unique": true,
                      "Join Filter": "((m.review_id = rd.id) AND (rd.submission_id = m.submission_id))",
                      "Rows Removed by Join Filter": 0,
                      "Shared Hit Blocks": 928,
                      "Shared Read Blocks": 0,
                      "Shared Dirtied Blocks": 0,
                      "Shared Written Blocks": 0,
                      "Local Hit Blocks": 0,
                      "Local Read Blocks": 0,
                      "Local Dirtied Blocks": 0,
                      "Local Written Blocks": 0,
                      "Temp Read Blocks": 0,
                      "Temp Written Blocks": 0,
                      "Plans": [
                        {
                          "Node Type": "Nested Loop",
                          "Parent Relationship": "Outer",
                          "Parallel Aware": false,
                          "Async Capable": false,
                          "Join Type": "Inner",
                          "Startup Cost": 9.42,
                          "Total Cost": 28.25,
                          "Plan Rows": 1,
                          "Plan Width": 1065,
                          "Actual Startup Time": 2.646,
                          "Actual Total Time": 2.673,
                          "Actual Rows": 5,
                          "Actual Loops": 1,
                          "Inner Unique": false,
                          "Shared Hit Blocks": 918,
                          "Shared Read Blocks": 0,
                          "Shared Dirtied Blocks": 0,
                          "Shared Written Blocks": 0,
                          "Local Hit Blocks": 0,
                          "Local Read Blocks": 0,
                          "Local Dirtied Blocks": 0,
                          "Local Written Blocks": 0,
                          "Temp Read Blocks": 0,
                          "Temp Written Blocks": 0,
                          "Plans": [
                            {
                              "Node Type": "Nested Loop",
                              "Parent Relationship": "Outer",
                              "Parallel Aware": false,
                              "Async Capable": false,
                              "Join Type": "Inner",
                              "Startup Cost": 9.27,
                              "Total Cost": 20.08,
                              "Plan Rows": 1,
                              "Plan Width": 1081,
                              "Actual Startup Time": 2.644,
                              "Actual Total Time": 2.669,
                              "Actual Rows": 5,
                              "Actual Loops": 1,
                              "Inner Unique": true,
                              "Join Filter": "((i.id = m.id) AND (i.version = m.version) AND (i.sha256 = m.sha256))",
                              "Rows Removed by Join Filter": 0,
                              "Shared Hit Blocks": 908,
                              "Shared Read Blocks": 0,
                              "Shared Dirtied Blocks": 0,
                              "Shared Written Blocks": 0,
                              "Local Hit Blocks": 0,
                              "Local Read Blocks": 0,
                              "Local Dirtied Blocks": 0,
                              "Local Written Blocks": 0,
                              "Temp Read Blocks": 0,
                              "Temp Written Blocks": 0,
                              "Plans": [
                                {
                                  "Node Type": "Nested Loop",
                                  "Parent Relationship": "Outer",
                                  "Parallel Aware": false,
                                  "Async Capable": false,
                                  "Join Type": "Inner",
                                  "Startup Cost": 8.86,
                                  "Total Cost": 18.75,
                                  "Plan Rows": 1,
                                  "Plan Width": 333,
                                  "Actual Startup Time": 2.640,
                                  "Actual Total Time": 2.652,
                                  "Actual Rows": 5,
                                  "Actual Loops": 1,
                                  "Inner Unique": true,
                                  "Shared Hit Blocks": 888,
                                  "Shared Read Blocks": 0,
                                  "Shared Dirtied Blocks": 0,
                                  "Shared Written Blocks": 0,
                                  "Local Hit Blocks": 0,
                                  "Local Read Blocks": 0,
                                  "Local Dirtied Blocks": 0,
                                  "Local Written Blocks": 0,
                                  "Temp Read Blocks": 0,
                                  "Temp Written Blocks": 0,
                                  "Plans": [
                                    {
                                      "Node Type": "Hash Join",
                                      "Parent Relationship": "Outer",
                                      "Parallel Aware": false,
                                      "Async Capable": false,
                                      "Join Type": "Inner",
                                      "Startup Cost": 8.45,
                                      "Total Cost": 10.30,
                                      "Plan Rows": 1,
                                      "Plan Width": 184,
                                      "Actual Startup Time": 2.634,
                                      "Actual Total Time": 2.637,
                                      "Actual Rows": 5,
                                      "Actual Loops": 1,
                                      "Inner Unique": true,
                                      "Hash Cond": "(((r.instance ->> 'id'::text) = m.id) AND (((r.instance ->> 'version'::text))::integer = m.version) AND ((r.instance ->> 'sha256'::text) = m.sha256))",
                                      "Shared Hit Blocks": 868,
                                      "Shared Read Blocks": 0,
                                      "Shared Dirtied Blocks": 0,
                                      "Shared Written Blocks": 0,
                                      "Local Hit Blocks": 0,
                                      "Local Read Blocks": 0,
                                      "Local Dirtied Blocks": 0,
                                      "Local Written Blocks": 0,
                                      "Temp Read Blocks": 0,
                                      "Temp Written Blocks": 0,
                                      "Plans": [
                                        {
                                          "Node Type": "Function Scan",
                                          "Parent Relationship": "Outer",
                                          "Parallel Aware": false,
                                          "Async Capable": false,
                                          "Function Name": "jsonb_to_recordset",
                                          "Alias": "r",
                                          "Startup Cost": 0.00,
                                          "Total Cost": 1.00,
                                          "Plan Rows": 100,
                                          "Plan Width": 36,
                                          "Actual Startup Time": 0.003,
                                          "Actual Total Time": 0.003,
                                          "Actual Rows": 5,
                                          "Actual Loops": 1,
                                          "Shared Hit Blocks": 0,
                                          "Shared Read Blocks": 0,
                                          "Shared Dirtied Blocks": 0,
                                          "Shared Written Blocks": 0,
                                          "Local Hit Blocks": 0,
                                          "Local Read Blocks": 0,
                                          "Local Dirtied Blocks": 0,
                                          "Local Written Blocks": 0,
                                          "Temp Read Blocks": 0,
                                          "Temp Written Blocks": 0
                                        },
                                        {
                                          "Node Type": "Hash",
                                          "Parent Relationship": "Inner",
                                          "Parallel Aware": false,
                                          "Async Capable": false,
                                          "Startup Cost": 8.43,
                                          "Total Cost": 8.43,
                                          "Plan Rows": 1,
                                          "Plan Width": 148,
                                          "Actual Startup Time": 2.628,
                                          "Actual Total Time": 2.628,
                                          "Actual Rows": 10000,
                                          "Actual Loops": 1,
                                          "Hash Buckets": 16384,
                                          "Original Hash Buckets": 1024,
                                          "Hash Batches": 1,
                                          "Original Hash Batches": 1,
                                          "Peak Memory Usage": 4435,
                                          "Shared Hit Blocks": 868,
                                          "Shared Read Blocks": 0,
                                          "Shared Dirtied Blocks": 0,
                                          "Shared Written Blocks": 0,
                                          "Local Hit Blocks": 0,
                                          "Local Read Blocks": 0,
                                          "Local Dirtied Blocks": 0,
                                          "Local Written Blocks": 0,
                                          "Temp Read Blocks": 0,
                                          "Temp Written Blocks": 0,
                                          "Plans": [
                                            {
                                              "Node Type": "Index Scan",
                                              "Parent Relationship": "Outer",
                                              "Parallel Aware": false,
                                              "Async Capable": false,
                                              "Scan Direction": "Forward",
                                              "Index Name": "question_publication_members_pkey",
                                              "Relation Name": "question_publication_members",
                                              "Alias": "m",
                                              "Startup Cost": 0.41,
                                              "Total Cost": 8.43,
                                              "Plan Rows": 1,
                                              "Plan Width": 148,
                                              "Actual Startup Time": 0.006,
                                              "Actual Total Time": 1.211,
                                              "Actual Rows": 10000,
                                              "Actual Loops": 1,
                                              "Index Cond": "((publication_id = '9a75b4cd-8e1a-4e51-9d1c-cba8d208f699'::uuid) AND (kind = 'instance'::text))",
                                              "Rows Removed by Index Recheck": 0,
                                              "Shared Hit Blocks": 868,
                                              "Shared Read Blocks": 0,
                                              "Shared Dirtied Blocks": 0,
                                              "Shared Written Blocks": 0,
                                              "Local Hit Blocks": 0,
                                              "Local Read Blocks": 0,
                                              "Local Dirtied Blocks": 0,
                                              "Local Written Blocks": 0,
                                              "Temp Read Blocks": 0,
                                              "Temp Written Blocks": 0
                                            }
                                          ]
                                        }
                                      ]
                                    },
                                    {
                                      "Node Type": "Index Scan",
                                      "Parent Relationship": "Inner",
                                      "Parallel Aware": false,
                                      "Async Capable": false,
                                      "Scan Direction": "Forward",
                                      "Index Name": "question_submission_members_pkey",
                                      "Relation Name": "question_submission_members",
                                      "Alias": "sm",
                                      "Startup Cost": 0.41,
                                      "Total Cost": 8.44,
                                      "Plan Rows": 1,
                                      "Plan Width": 149,
                                      "Actual Startup Time": 0.003,
                                      "Actual Total Time": 0.003,
                                      "Actual Rows": 1,
                                      "Actual Loops": 5,
                                      "Index Cond": "((submission_id = m.submission_id) AND (kind = 'instance'::text) AND (id = m.id))",
                                      "Rows Removed by Index Recheck": 0,
                                      "Filter": "((m.version = version) AND (sha256 = m.sha256))",
                                      "Rows Removed by Filter": 0,
                                      "Shared Hit Blocks": 20,
                                      "Shared Read Blocks": 0,
                                      "Shared Dirtied Blocks": 0,
                                      "Shared Written Blocks": 0,
                                      "Local Hit Blocks": 0,
                                      "Local Read Blocks": 0,
                                      "Local Dirtied Blocks": 0,
                                      "Local Written Blocks": 0,
                                      "Temp Read Blocks": 0,
                                      "Temp Written Blocks": 0
                                    }
                                  ]
                                },
                                {
                                  "Node Type": "Index Scan",
                                  "Parent Relationship": "Inner",
                                  "Parallel Aware": false,
                                  "Async Capable": false,
                                  "Scan Direction": "Forward",
                                  "Index Name": "question_instances_pkey",
                                  "Relation Name": "question_instances",
                                  "Alias": "i",
                                  "Startup Cost": 0.41,
                                  "Total Cost": 1.31,
                                  "Plan Rows": 1,
                                  "Plan Width": 1053,
                                  "Actual Startup Time": 0.003,
                                  "Actual Total Time": 0.003,
                                  "Actual Rows": 1,
                                  "Actual Loops": 5,
                                  "Index Cond": "((id = sm.id) AND (version = sm.version))",
                                  "Rows Removed by Index Recheck": 0,
                                  "Filter": "(sealed AND (sha256 = sm.sha256))",
                                  "Rows Removed by Filter": 0,
                                  "Shared Hit Blocks": 20,
                                  "Shared Read Blocks": 0,
                                  "Shared Dirtied Blocks": 0,
                                  "Shared Written Blocks": 0,
                                  "Local Hit Blocks": 0,
                                  "Local Read Blocks": 0,
                                  "Local Dirtied Blocks": 0,
                                  "Local Written Blocks": 0,
                                  "Temp Read Blocks": 0,
                                  "Temp Written Blocks": 0
                                }
                              ]
                            },
                            {
                              "Node Type": "Index Scan",
                              "Parent Relationship": "Inner",
                              "Parallel Aware": false,
                              "Async Capable": false,
                              "Scan Direction": "Forward",
                              "Index Name": "question_publications_pkey",
                              "Relation Name": "question_publications",
                              "Alias": "p",
                              "Startup Cost": 0.14,
                              "Total Cost": 8.16,
                              "Plan Rows": 1,
                              "Plan Width": 16,
                              "Actual Startup Time": 0.001,
                              "Actual Total Time": 0.001,
                              "Actual Rows": 1,
                              "Actual Loops": 5,
                              "Index Cond": "(id = '9a75b4cd-8e1a-4e51-9d1c-cba8d208f699'::uuid)",
                              "Rows Removed by Index Recheck": 0,
                              "Filter": "(sealed AND (status = 'published'::text))",
                              "Rows Removed by Filter": 0,
                              "Shared Hit Blocks": 10,
                              "Shared Read Blocks": 0,
                              "Shared Dirtied Blocks": 0,
                              "Shared Written Blocks": 0,
                              "Local Hit Blocks": 0,
                              "Local Read Blocks": 0,
                              "Local Dirtied Blocks": 0,
                              "Local Written Blocks": 0,
                              "Temp Read Blocks": 0,
                              "Temp Written Blocks": 0
                            }
                          ]
                        },
                        {
                          "Node Type": "Index Scan",
                          "Parent Relationship": "Inner",
                          "Parallel Aware": false,
                          "Async Capable": false,
                          "Scan Direction": "Forward",
                          "Index Name": "question_review_decisions_submission_id_key",
                          "Relation Name": "question_review_decisions",
                          "Alias": "rd",
                          "Startup Cost": 0.15,
                          "Total Cost": 0.17,
                          "Plan Rows": 1,
                          "Plan Width": 64,
                          "Actual Startup Time": 0.001,
                          "Actual Total Time": 0.001,
                          "Actual Rows": 1,
                          "Actual Loops": 5,
                          "Index Cond": "(submission_id = sm.submission_id)",
                          "Rows Removed by Index Recheck": 0,
                          "Filter": "(decision = 'approve'::text)",
                          "Rows Removed by Filter": 0,
                          "Shared Hit Blocks": 10,
                          "Shared Read Blocks": 0,
                          "Shared Dirtied Blocks": 0,
                          "Shared Written Blocks": 0,
                          "Local Hit Blocks": 0,
                          "Local Read Blocks": 0,
                          "Local Dirtied Blocks": 0,
                          "Local Written Blocks": 0,
                          "Temp Read Blocks": 0,
                          "Temp Written Blocks": 0
                        }
                      ]
                    },
                    {
                      "Node Type": "Index Scan",
                      "Parent Relationship": "Inner",
                      "Parallel Aware": false,
                      "Async Capable": false,
                      "Scan Direction": "Forward",
                      "Index Name": "question_submissions_pkey",
                      "Relation Name": "question_submissions",
                      "Alias": "s",
                      "Startup Cost": 0.14,
                      "Total Cost": 0.16,
                      "Plan Rows": 1,
                      "Plan Width": 81,
                      "Actual Startup Time": 0.000,
                      "Actual Total Time": 0.000,
                      "Actual Rows": 1,
                      "Actual Loops": 5,
                      "Index Cond": "(id = sm.submission_id)",
                      "Rows Removed by Index Recheck": 0,
                      "Filter": "(sealed AND (status = 'approved'::text))",
                      "Rows Removed by Filter": 0,
                      "Shared Hit Blocks": 10,
                      "Shared Read Blocks": 0,
                      "Shared Dirtied Blocks": 0,
                      "Shared Written Blocks": 0,
                      "Local Hit Blocks": 0,
                      "Local Read Blocks": 0,
                      "Local Dirtied Blocks": 0,
                      "Local Written Blocks": 0,
                      "Temp Read Blocks": 0,
                      "Temp Written Blocks": 0
                    }
                  ]
                }
              ]
            },
            "Planning": {
              "Shared Hit Blocks": 12,
              "Shared Read Blocks": 0,
              "Shared Dirtied Blocks": 0,
              "Shared Written Blocks": 0,
              "Local Hit Blocks": 0,
              "Local Read Blocks": 0,
              "Local Dirtied Blocks": 0,
              "Local Written Blocks": 0,
              "Temp Read Blocks": 0,
              "Temp Written Blocks": 0
            },
            "Planning Time": 3.110,
            "Triggers": [
            ],
            "Execution Time": 2.704
          }
        ]
    learning_capacity_test.go:501: LEARNING_CAPACITY SQLSUMMARY metadata-1000 actualRows=1000 executionMs=51.387000 sharedHits=110497 sharedReads=0
    learning_capacity_test.go:501: LEARNING_CAPACITY SQLPLAN metadata-1000 [
          {
            "Plan": {
              "Node Type": "Limit",
              "Parallel Aware": false,
              "Async Capable": false,
              "Startup Cost": 1959.13,
              "Total Cost": 2082.53,
              "Plan Rows": 1,
              "Plan Width": 271,
              "Actual Startup Time": 3.762,
              "Actual Total Time": 51.276,
              "Actual Rows": 1000,
              "Actual Loops": 1,
              "Shared Hit Blocks": 110497,
              "Shared Read Blocks": 0,
              "Shared Dirtied Blocks": 0,
              "Shared Written Blocks": 0,
              "Local Hit Blocks": 0,
              "Local Read Blocks": 0,
              "Local Dirtied Blocks": 0,
              "Local Written Blocks": 0,
              "Temp Read Blocks": 0,
              "Temp Written Blocks": 0,
              "Plans": [
                {
                  "Node Type": "Limit",
                  "Parent Relationship": "InitPlan",
                  "Subplan Name": "CTE recent",
                  "Parallel Aware": false,
                  "Async Capable": false,
                  "Startup Cost": 0.12,
                  "Total Cost": 8.14,
                  "Plan Rows": 1,
                  "Plan Width": 24,
                  "Actual Startup Time": 0.001,
                  "Actual Total Time": 0.001,
                  "Actual Rows": 0,
                  "Actual Loops": 1,
                  "Shared Hit Blocks": 2,
                  "Shared Read Blocks": 0,
                  "Shared Dirtied Blocks": 0,
                  "Shared Written Blocks": 0,
                  "Local Hit Blocks": 0,
                  "Local Read Blocks": 0,
                  "Local Dirtied Blocks": 0,
                  "Local Written Blocks": 0,
                  "Temp Read Blocks": 0,
                  "Temp Written Blocks": 0,
                  "Plans": [
                    {
                      "Node Type": "Index Only Scan",
                      "Parent Relationship": "Outer",
                      "Parallel Aware": false,
                      "Async Capable": false,
                      "Scan Direction": "Forward",
                      "Index Name": "learning_recent_submission",
                      "Relation Name": "assessment_attempts",
                      "Alias": "assessment_attempts",
                      "Startup Cost": 0.12,
                      "Total Cost": 8.14,
                      "Plan Rows": 1,
                      "Plan Width": 24,
                      "Actual Startup Time": 0.001,
                      "Actual Total Time": 0.001,
                      "Actual Rows": 0,
                      "Actual Loops": 1,
                      "Index Cond": "(owner_user_id = '4b571fd8-26a3-4e81-af08-300b87c199ed'::uuid)",
                      "Rows Removed by Index Recheck": 0,
                      "Heap Fetches": 0,
                      "Shared Hit Blocks": 2,
                      "Shared Read Blocks": 0,
                      "Shared Dirtied Blocks": 0,
                      "Shared Written Blocks": 0,
                      "Local Hit Blocks": 0,
                      "Local Read Blocks": 0,
                      "Local Dirtied Blocks": 0,
                      "Local Written Blocks": 0,
                      "Temp Read Blocks": 0,
                      "Temp Written Blocks": 0
                    }
                  ]
                },
                {
                  "Node Type": "Hash Join",
                  "Parent Relationship": "InitPlan",
                  "Subplan Name": "CTE available_units",
                  "Parallel Aware": false,
                  "Async Capable": false,
                  "Join Type": "Inner",
                  "Startup Cost": 875.18,
                  "Total Cost": 1236.26,
                  "Plan Rows": 2576,
                  "Plan Width": 22,
                  "Actual Startup Time": 1.282,
                  "Actual Total Time": 2.003,
                  "Actual Rows": 4000,
                  "Actual Loops": 1,
                  "Inner Unique": true,
                  "Hash Cond": "((uv.id = m_1.id) AND (uv.version = m_1.version))",
                  "Shared Hit Blocks": 459,
                  "Shared Read Blocks": 0,
                  "Shared Dirtied Blocks": 0,
                  "Shared Written Blocks": 0,
                  "Local Hit Blocks": 0,
                  "Local Read Blocks": 0,
                  "Local Dirtied Blocks": 0,
                  "Local Written Blocks": 0,
                  "Temp Read Blocks": 0,
                  "Temp Written Blocks": 0,
                  "Plans": [
                    {
                      "Node Type": "Merge Join",
                      "Parent Relationship": "Outer",
                      "Parallel Aware": false,
                      "Async Capable": false,
                      "Join Type": "Anti",
                      "Startup Cost": 0.41,
                      "Total Cost": 340.47,
                      "Plan Rows": 4001,
                      "Plan Width": 22,
                      "Actual Startup Time": 0.003,
                      "Actual Total Time": 0.375,
                      "Actual Rows": 4001,
                      "Actual Loops": 1,
                      "Inner Unique": false,
                      "Merge Cond": "((uv.id = w_1.target_id) AND (uv.version = w_1.target_version))",
                      "Join Filter": "(w_1.sha256 = uv.sha256)",
                      "Rows Removed by Join Filter": 0,
                      "Shared Hit Blocks": 64,
                      "Shared Read Blocks": 0,
                      "Shared Dirtied Blocks": 0,
                      "Shared Written Blocks": 0,
                      "Local Hit Blocks": 0,
                      "Local Read Blocks": 0,
                      "Local Dirtied Blocks": 0,
                      "Local Written Blocks": 0,
                      "Temp Read Blocks": 0,
                      "Temp Written Blocks": 0,
                      "Plans": [
                        {
                          "Node Type": "Index Only Scan",
                          "Parent Relationship": "Outer",
                          "Parallel Aware": false,
                          "Async Capable": false,
                          "Scan Direction": "Forward",
                          "Index Name": "learning_unit_identity_sha",
                          "Relation Name": "unit_versions",
                          "Alias": "uv",
                          "Startup Cost": 0.28,
                          "Total Cost": 308.29,
                          "Plan Rows": 4001,
                          "Plan Width": 87,
                          "Actual Startup Time": 0.002,
                          "Actual Total Time": 0.203,
                          "Actual Rows": 4001,
                          "Actual Loops": 1,
                          "Heap Fetches": 0,
                          "Shared Hit Blocks": 62,
                          "Shared Read Blocks": 0,
                          "Shared Dirtied Blocks": 0,
                          "Shared Written Blocks": 0,
                          "Local Hit Blocks": 0,
                          "Local Read Blocks": 0,
                          "Local Dirtied Blocks": 0,
                          "Local Written Blocks": 0,
                          "Temp Read Blocks": 0,
                          "Temp Written Blocks": 0
                        },
                        {
                          "Node Type": "Index Scan",
                          "Parent Relationship": "Inner",
                          "Parallel Aware": false,
                          "Async Capable": false,
                          "Scan Direction": "Forward",
                          "Index Name": "content_withdrawal_version",
                          "Relation Name": "content_withdrawals",
                          "Alias": "w_1",
                          "Startup Cost": 0.12,
                          "Total Cost": 12.15,
                          "Plan Rows": 2,
                          "Plan Width": 68,
                          "Actual Startup Time": 0.001,
                          "Actual Total Time": 0.001,
                          "Actual Rows": 0,
                          "Actual Loops": 1,
                          "Index Cond": "(kind = 'unit'::text)",
                          "Rows Removed by Index Recheck": 0,
                          "Shared Hit Blocks": 2,
                          "Shared Read Blocks": 0,
                          "Shared Dirtied Blocks": 0,
                          "Shared Written Blocks": 0,
                          "Local Hit Blocks": 0,
                          "Local Read Blocks": 0,
                          "Local Dirtied Blocks": 0,
                          "Local Written Blocks": 0,
                          "Temp Read Blocks": 0,
                          "Temp Written Blocks": 0
                        }
                      ]
                    },
                    {
                      "Node Type": "Hash",
                      "Parent Relationship": "Inner",
                      "Parallel Aware": false,
                      "Async Capable": false,
                      "Startup Cost": 814.77,
                      "Total Cost": 814.77,
                      "Plan Rows": 4000,
                      "Plan Width": 21,
                      "Actual Startup Time": 1.277,
                      "Actual Total Time": 1.277,
                      "Actual Rows": 4000,
                      "Actual Loops": 1,
                      "Hash Buckets": 4096,
                      "Original Hash Buckets": 4096,
                      "Hash Batches": 1,
                      "Original Hash Batches": 1,
                      "Peak Memory Usage": 251,
                      "Shared Hit Blocks": 395,
                      "Shared Read Blocks": 0,
                      "Shared Dirtied Blocks": 0,
                      "Shared Written Blocks": 0,
                      "Local Hit Blocks": 0,
                      "Local Read Blocks": 0,
                      "Local Dirtied Blocks": 0,
                      "Local Written Blocks": 0,
                      "Temp Read Blocks": 0,
                      "Temp Written Blocks": 0,
                      "Plans": [
                        {
                          "Node Type": "Seq Scan",
                          "Parent Relationship": "Outer",
                          "Parallel Aware": false,
                          "Async Capable": false,
                          "Relation Name": "publication_members",
                          "Alias": "m_1",
                          "Startup Cost": 0.00,
                          "Total Cost": 814.77,
                          "Plan Rows": 4000,
                          "Plan Width": 21,
                          "Actual Startup Time": 0.761,
                          "Actual Total Time": 1.071,
                          "Actual Rows": 4000,
                          "Actual Loops": 1,
                          "Filter": "((snapshot_id = '45c81d90-af6e-4822-90e9-004aa11ded78'::text) AND (kind = 'unit'::text) AND (availability = 'active'::text))",
                          "Rows Removed by Filter": 19987,
                          "Shared Hit Blocks": 395,
                          "Shared Read Blocks": 0,
                          "Shared Dirtied Blocks": 0,
                          "Shared Written Blocks": 0,
                          "Local Hit Blocks": 0,
                          "Local Read Blocks": 0,
                          "Local Dirtied Blocks": 0,
                          "Local Written Blocks": 0,
                          "Temp Read Blocks": 0,
                          "Temp Written Blocks": 0
                        }
                      ]
                    }
                  ]
                },
                {
                  "Node Type": "Nested Loop",
                  "Parent Relationship": "InitPlan",
                  "Subplan Name": "CTE available_assets",
                  "Parallel Aware": false,
                  "Async Capable": false,
                  "Join Type": "Anti",
                  "Startup Cost": 287.07,
                  "Total Cost": 708.30,
                  "Plan Rows": 5,
                  "Plan Width": 82,
                  "Actual Startup Time": 0.348,
                  "Actual Total Time": 0.755,
                  "Actual Rows": 1000,
                  "Actual Loops": 1,
                  "Inner Unique": false,
                  "Shared Hit Blocks": 2133,
                  "Shared Read Blocks": 0,
                  "Shared Dirtied Blocks": 0,
                  "Shared Written Blocks": 0,
                  "Local Hit Blocks": 0,
                  "Local Read Blocks": 0,
                  "Local Dirtied Blocks": 0,
                  "Local Written Blocks": 0,
                  "Temp Read Blocks": 0,
                  "Temp Written Blocks": 0,
                  "Plans": [
                    {
                      "Node Type": "Hash Join",
                      "Parent Relationship": "Outer",
                      "Parallel Aware": false,
                      "Async Capable": false,
                      "Join Type": "Inner",
                      "Startup Cost": 286.95,
                      "Total Cost": 707.32,
                      "Plan Rows": 5,
                      "Plan Width": 82,
                      "Actual Startup Time": 0.347,
                      "Actual Total Time": 0.535,
                      "Actual Rows": 1000,
                      "Actual Loops": 1,
                      "Inner Unique": true,
                      "Hash Cond": "((m_2.package_id = pm.package_id) AND (m_2.package_version = pm.package_version) AND (m_2.id = pm.id))",
                      "Shared Hit Blocks": 133,
                      "Shared Read Blocks": 0,
                      "Shared Dirtied Blocks": 0,
                      "Shared Written Blocks": 0,
                      "Local Hit Blocks": 0,
                      "Local Read Blocks": 0,
                      "Local Dirtied Blocks": 0,
                      "Local Written Blocks": 0,
                      "Temp Read Blocks": 0,
                      "Temp Written Blocks": 0,
                      "Plans": [
                        {
                          "Node Type": "Bitmap Heap Scan",
                          "Parent Relationship": "Outer",
                          "Parallel Aware": false,
                          "Async Capable": false,
                          "Relation Name": "publication_members",
                          "Alias": "m_2",
                          "Startup Cost": 90.66,
                          "Total Cost": 503.16,
                          "Plan Rows": 1000,
                          "Plan Width": 36,
                          "Actual Startup Time": 0.032,
                          "Actual Total Time": 0.102,
                          "Actual Rows": 1000,
                          "Actual Loops": 1,
                          "Recheck Cond": "((snapshot_id = '45c81d90-af6e-4822-90e9-004aa11ded78'::text) AND (kind = 'asset'::text))",
                          "Rows Removed by Index Recheck": 0,
                          "Filter": "(availability = 'active'::text)",
                          "Rows Removed by Filter": 0,
                          "Exact Heap Blocks": 17,
                          "Lossy Heap Blocks": 0,
                          "Shared Hit Blocks": 38,
                          "Shared Read Blocks": 0,
                          "Shared Dirtied Blocks": 0,
                          "Shared Written Blocks": 0,
                          "Local Hit Blocks": 0,
                          "Local Read Blocks": 0,
                          "Local Dirtied Blocks": 0,
                          "Local Written Blocks": 0,
                          "Temp Read Blocks": 0,
                          "Temp Written Blocks": 0,
                          "Plans": [
                            {
                              "Node Type": "Bitmap Index Scan",
                              "Parent Relationship": "Outer",
                              "Parallel Aware": false,
                              "Async Capable": false,
                              "Index Name": "publication_members_pkey",
                              "Startup Cost": 0.00,
                              "Total Cost": 90.41,
                              "Plan Rows": 1000,
                              "Plan Width": 0,
                              "Actual Startup Time": 0.028,
                              "Actual Total Time": 0.028,
                              "Actual Rows": 1000,
                              "Actual Loops": 1,
                              "Index Cond": "((snapshot_id = '45c81d90-af6e-4822-90e9-004aa11ded78'::text) AND (kind = 'asset'::text))",
                              "Shared Hit Blocks": 21,
                              "Shared Read Blocks": 0,
                              "Shared Dirtied Blocks": 0,
                              "Shared Written Blocks": 0,
                              "Local Hit Blocks": 0,
                              "Local Read Blocks": 0,
                              "Local Dirtied Blocks": 0,
                              "Local Written Blocks": 0,
                              "Temp Read Blocks": 0,
                              "Temp Written Blocks": 0
                            }
                          ]
                        },
                        {
                          "Node Type": "Hash",
                          "Parent Relationship": "Inner",
                          "Parallel Aware": false,
                          "Async Capable": false,
                          "Startup Cost": 177.61,
                          "Total Cost": 177.61,
                          "Plan Rows": 1067,
                          "Plan Width": 101,
                          "Actual Startup Time": 0.312,
                          "Actual Total Time": 0.313,
                          "Actual Rows": 1067,
                          "Actual Loops": 1,
                          "Hash Buckets": 2048,
                          "Original Hash Buckets": 2048,
                          "Hash Batches": 1,
                          "Original Hash Batches": 1,
                          "Peak Memory Usage": 154,
                          "Shared Hit Blocks": 95,
                          "Shared Read Blocks": 0,
                          "Shared Dirtied Blocks": 0,
                          "Shared Written Blocks": 0,
                          "Local Hit Blocks": 0,
                          "Local Read Blocks": 0,
                          "Local Dirtied Blocks": 0,
                          "Local Written Blocks": 0,
                          "Temp Read Blocks": 0,
                          "Temp Written Blocks": 0,
                          "Plans": [
                            {
                              "Node Type": "Seq Scan",
                              "Parent Relationship": "Outer",
                              "Parallel Aware": false,
                              "Async Capable": false,
                              "Relation Name": "package_members",
                              "Alias": "pm",
                              "Startup Cost": 0.00,
                              "Total Cost": 177.61,
                              "Plan Rows": 1067,
                              "Plan Width": 101,
                              "Actual Startup Time": 0.003,
                              "Actual Total Time": 0.230,
                              "Actual Rows": 1067,
                              "Actual Loops": 1,
                              "Filter": "(kind = 'asset'::text)",
                              "Rows Removed by Filter": 5542,
                              "Shared Hit Blocks": 95,
                              "Shared Read Blocks": 0,
                              "Shared Dirtied Blocks": 0,
                              "Shared Written Blocks": 0,
                              "Local Hit Blocks": 0,
                              "Local Read Blocks": 0,
                              "Local Dirtied Blocks": 0,
                              "Local Written Blocks": 0,
                              "Temp Read Blocks": 0,
                              "Temp Written Blocks": 0
                            }
                          ]
                        }
                      ]
                    },
                    {
                      "Node Type": "Index Only Scan",
                      "Parent Relationship": "Inner",
                      "Parallel Aware": false,
                      "Async Capable": false,
                      "Scan Direction": "Forward",
                      "Index Name": "content_withdrawal_asset",
                      "Relation Name": "content_withdrawals",
                      "Alias": "w_2",
                      "Startup Cost": 0.12,
                      "Total Cost": 0.18,
                      "Plan Rows": 1,
                      "Plan Width": 32,
                      "Actual Startup Time": 0.000,
                      "Actual Total Time": 0.000,
                      "Actual Rows": 0,
                      "Actual Loops": 1000,
                      "Index Cond": "(sha256 = pm.asset_sha256)",
                      "Rows Removed by Index Recheck": 0,
                      "Heap Fetches": 0,
                      "Shared Hit Blocks": 2000,
                      "Shared Read Blocks": 0,
                      "Shared Dirtied Blocks": 0,
                      "Shared Written Blocks": 0,
                      "Local Hit Blocks": 0,
                      "Local Read Blocks": 0,
                      "Local Dirtied Blocks": 0,
                      "Local Written Blocks": 0,
                      "Temp Read Blocks": 0,
                      "Temp Written Blocks": 0
                    }
                  ]
                },
                {
                  "Node Type": "Nested Loop",
                  "Parent Relationship": "Outer",
                  "Parallel Aware": false,
                  "Async Capable": false,
                  "Join Type": "Anti",
                  "Startup Cost": 6.43,
                  "Total Cost": 129.82,
                  "Plan Rows": 1,
                  "Plan Width": 271,
                  "Actual Startup Time": 3.761,
                  "Actual Total Time": 51.222,
                  "Actual Rows": 1000,
                  "Actual Loops": 1,
                  "Inner Unique": false,
                  "Shared Hit Blocks": 110497,
                  "Shared Read Blocks": 0,
                  "Shared Dirtied Blocks": 0,
                  "Shared Written Blocks": 0,
                  "Local Hit Blocks": 0,
                  "Local Read Blocks": 0,
                  "Local Dirtied Blocks": 0,
                  "Local Written Blocks": 0,
                  "Temp Read Blocks": 0,
                  "Temp Written Blocks": 0,
                  "Plans": [
                    {
                      "Node Type": "Nested Loop",
                      "Parent Relationship": "Outer",
                      "Parallel Aware": false,
                      "Async Capable": false,
                      "Join Type": "Left",
                      "Startup Cost": 5.98,
                      "Total Cost": 104.66,
                      "Plan Rows": 1,
                      "Plan Width": 238,
                      "Actual Startup Time": 3.748,
                      "Actual Total Time": 47.997,
                      "Actual Rows": 1000,
                      "Actual Loops": 1,
                      "Inner Unique": false,
                      "Shared Hit Blocks": 103494,
                      "Shared Read Blocks": 0,
                      "Shared Dirtied Blocks": 0,
                      "Shared Written Blocks": 0,
                      "Local Hit Blocks": 0,
                      "Local Read Blocks": 0,
                      "Local Dirtied Blocks": 0,
                      "Local Written Blocks": 0,
                      "Temp Read Blocks": 0,
                      "Temp Written Blocks": 0,
                      "Plans": [
                        {
                          "Node Type": "Nested Loop",
                          "Parent Relationship": "Outer",
                          "Parallel Aware": false,
                          "Async Capable": false,
                          "Join Type": "Left",
                          "Startup Cost": 1.67,
                          "Total Cost": 100.33,
                          "Plan Rows": 1,
                          "Plan Width": 230,
                          "Actual Startup Time": 3.745,
                          "Actual Total Time": 47.394,
                          "Actual Rows": 1000,
                          "Actual Loops": 1,
                          "Inner Unique": true,
                          "Shared Hit Blocks": 101494,
                          "Shared Read Blocks": 0,
                          "Shared Dirtied Blocks": 0,
                          "Shared Written Blocks": 0,
                          "Local Hit Blocks": 0,
                          "Local Read Blocks": 0,
                          "Local Dirtied Blocks": 0,
                          "Local Written Blocks": 0,
                          "Temp Read Blocks": 0,
                          "Temp Written Blocks": 0,
                          "Plans": [
                            {
                              "Node Type": "Nested Loop",
                              "Parent Relationship": "Outer",
                              "Parallel Aware": false,
                              "Async Capable": false,
                              "Join Type": "Inner",
                              "Startup Cost": 1.52,
                              "Total Cost": 99.00,
                              "Plan Rows": 1,
                              "Plan Width": 222,
                              "Actual Startup Time": 3.743,
                              "Actual Total Time": 46.890,
                              "Actual Rows": 1000,
                              "Actual Loops": 1,
                              "Inner Unique": true,
                              "Join Filter": "((qs.id = m.submission_id) AND (qs.frozen_digest = rd.frozen_digest))",
                              "Rows Removed by Join Filter": 0,
                              "Shared Hit Blocks": 100489,
                              "Shared Read Blocks": 0,
                              "Shared Dirtied Blocks": 0,
                              "Shared Written Blocks": 0,
                              "Local Hit Blocks": 0,
                              "Local Read Blocks": 0,
                              "Local Dirtied Blocks": 0,
                              "Local Written Blocks": 0,
                              "Temp Read Blocks": 0,
                              "Temp Written Blocks": 0,
                              "Plans": [
                                {
                                  "Node Type": "Nested Loop",
                                  "Parent Relationship": "Outer",
                                  "Parallel Aware": false,
                                  "Async Capable": false,
                                  "Join Type": "Inner",
                                  "Startup Cost": 1.38,
                                  "Total Cost": 98.83,
                                  "Plan Rows": 1,
                                  "Plan Width": 302,
                                  "Actual Startup Time": 3.741,
                                  "Actual Total Time": 46.407,
                                  "Actual Rows": 1000,
                                  "Actual Loops": 1,
                                  "Inner Unique": true,
                                  "Join Filter": "((m.review_id = rd.id) AND (rd.submission_id = m.submission_id))",
                                  "Rows Removed by Join Filter": 0,
                                  "Shared Hit Blocks": 98489,
                                  "Shared Read Blocks": 0,
                                  "Shared Dirtied Blocks": 0,
                                  "Shared Written Blocks": 0,
                                  "Local Hit Blocks": 0,
                                  "Local Read Blocks": 0,
                                  "Local Dirtied Blocks": 0,
                                  "Local Written Blocks": 0,
                                  "Temp Read Blocks": 0,
                                  "Temp Written Blocks": 0,
                                  "Plans": [
                                    {
                                      "Node Type": "Nested Loop",
                                      "Parent Relationship": "Outer",
                                      "Parallel Aware": false,
                                      "Async Capable": false,
                                      "Join Type": "Inner",
                                      "Startup Cost": 1.23,
                                      "Total Cost": 98.64,
                                      "Plan Rows": 1,
                                      "Plan Width": 270,
                                      "Actual Startup Time": 3.739,
                                      "Actual Total Time": 45.934,
                                      "Actual Rows": 1000,
                                      "Actual Loops": 1,
                                      "Inner Unique": true,
                                      "Join Filter": "((i.id = m.id) AND (i.version = m.version) AND (i.sha256 = m.sha256))",
                                      "Rows Removed by Join Filter": 0,
                                      "Shared Hit Blocks": 96489,
                                      "Shared Read Blocks": 0,
                                      "Shared Dirtied Blocks": 0,
                                      "Shared Written Blocks": 0,
                                      "Local Hit Blocks": 0,
                                      "Local Read Blocks": 0,
                                      "Local Dirtied Blocks": 0,
                                      "Local Written Blocks": 0,
                                      "Temp Read Blocks": 0,
                                      "Temp Written Blocks": 0,
                                      "Plans": [
                                        {
                                          "Node Type": "Nested Loop",
                                          "Parent Relationship": "Outer",
                                          "Parallel Aware": false,
                                          "Async Capable": false,
                                          "Join Type": "Inner",
                                          "Startup Cost": 0.82,
                                          "Total Cost": 17.81,
                                          "Plan Rows": 1,
                                          "Plan Width": 249,
                                          "Actual Startup Time": 0.013,
                                          "Actual Total Time": 15.701,
                                          "Actual Rows": 10000,
                                          "Actual Loops": 1,
                                          "Inner Unique": true,
                                          "Shared Hit Blocks": 40880,
                                          "Shared Read Blocks": 0,
                                          "Shared Dirtied Blocks": 0,
                                          "Shared Written Blocks": 0,
                                          "Local Hit Blocks": 0,
                                          "Local Read Blocks": 0,
                                          "Local Dirtied Blocks": 0,
                                          "Local Written Blocks": 0,
                                          "Temp Read Blocks": 0,
                                          "Temp Written Blocks": 0,
                                          "Plans": [
                                            {
                                              "Node Type": "Index Scan",
                                              "Parent Relationship": "Outer",
                                              "Parallel Aware": false,
                                              "Async Capable": false,
                                              "Scan Direction": "Forward",
                                              "Index Name": "question_member_history",
                                              "Relation Name": "question_publication_members",
                                              "Alias": "m",
                                              "Startup Cost": 0.41,
                                              "Total Cost": 9.36,
                                              "Plan Rows": 1,
                                              "Plan Width": 100,
                                              "Actual Startup Time": 0.007,
                                              "Actual Total Time": 1.144,
                                              "Actual Rows": 10000,
                                              "Actual Loops": 1,
                                              "Index Cond": "((kind = 'instance'::text) AND (publication_id = '9a75b4cd-8e1a-4e51-9d1c-cba8d208f699'::uuid))",
                                              "Rows Removed by Index Recheck": 0,
                                              "Shared Hit Blocks": 880,
                                              "Shared Read Blocks": 0,
                                              "Shared Dirtied Blocks": 0,
                                              "Shared Written Blocks": 0,
                                              "Local Hit Blocks": 0,
                                              "Local Read Blocks": 0,
                                              "Local Dirtied Blocks": 0,
                                              "Local Written Blocks": 0,
                                              "Temp Read Blocks": 0,
                                              "Temp Written Blocks": 0
                                            },
                                            {
                                              "Node Type": "Index Scan",
                                              "Parent Relationship": "Inner",
                                              "Parallel Aware": false,
                                              "Async Capable": false,
                                              "Scan Direction": "Forward",
                                              "Index Name": "question_submission_members_pkey",
                                              "Relation Name": "question_submission_members",
                                              "Alias": "sm",
                                              "Startup Cost": 0.41,
                                              "Total Cost": 8.44,
                                              "Plan Rows": 1,
                                              "Plan Width": 149,
                                              "Actual Startup Time": 0.001,
                                              "Actual Total Time": 0.001,
                                              "Actual Rows": 1,
                                              "Actual Loops": 10000,
                                              "Index Cond": "((submission_id = m.submission_id) AND (kind = 'instance'::text) AND (id = m.id))",
                                              "Rows Removed by Index Recheck": 0,
                                              "Filter": "((m.version = version) AND (sha256 = m.sha256))",
                                              "Rows Removed by Filter": 0,
                                              "Shared Hit Blocks": 40000,
                                              "Shared Read Blocks": 0,
                                              "Shared Dirtied Blocks": 0,
                                              "Shared Written Blocks": 0,
                                              "Local Hit Blocks": 0,
                                              "Local Read Blocks": 0,
                                              "Local Dirtied Blocks": 0,
                                              "Local Written Blocks": 0,
                                              "Temp Read Blocks": 0,
                                              "Temp Written Blocks": 0
                                            }
                                          ]
                                        },
                                        {
                                          "Node Type": "Index Scan",
                                          "Parent Relationship": "Inner",
                                          "Parallel Aware": false,
                                          "Async Capable": false,
                                          "Scan Direction": "Forward",
                                          "Index Name": "question_instances_pkey",
                                          "Relation Name": "question_instances",
                                          "Alias": "i",
                                          "Startup Cost": 0.41,
                                          "Total Cost": 80.81,
                                          "Plan Rows": 1,
                                          "Plan Width": 222,
                                          "Actual Startup Time": 0.003,
                                          "Actual Total Time": 0.003,
                                          "Actual Rows": 0,
                                          "Actual Loops": 10000,
                                          "Index Cond": "((id = sm.id) AND (version = sm.version))",
                                          "Rows Removed by Index Recheck": 0,
                                          "Filter": "(sealed AND (knowledge_id = 'capacity-k-0000'::text) AND (knowledge_version = 1) AND (sha256 = sm.sha256) AND (NOT EXISTS(SubPlan 13)) AND ((template_id IS NULL) OR (ANY ((template_id = (hashed SubPlan 9).col1) AND (template_version = (hashed SubPlan 9).col2) AND (template_sha256 = (hashed SubPlan 9).col3)))) AND EXISTS(SubPlan 7) AND (NOT EXISTS(SubPlan 11)))",
                                          "Rows Removed by Filter": 1,
                                          "Shared Hit Blocks": 55609,
                                          "Shared Read Blocks": 0,
                                          "Shared Dirtied Blocks": 0,
                                          "Shared Written Blocks": 0,
                                          "Local Hit Blocks": 0,
                                          "Local Read Blocks": 0,
                                          "Local Dirtied Blocks": 0,
                                          "Local Written Blocks": 0,
                                          "Temp Read Blocks": 0,
                                          "Temp Written Blocks": 0,
                                          "Plans": [
                                            {
                                              "Node Type": "Function Scan",
                                              "Parent Relationship": "SubPlan",
                                              "Subplan Name": "SubPlan 13",
                                              "Parallel Aware": false,
                                              "Async Capable": false,
                                              "Function Name": "jsonb_array_elements",
                                              "Alias": "a",
                                              "Startup Cost": 0.12,
                                              "Total Cost": 2.12,
                                              "Plan Rows": 50,
                                              "Plan Width": 0,
                                              "Actual Startup Time": 0.003,
                                              "Actual Total Time": 0.003,
                                              "Actual Rows": 0,
                                              "Actual Loops": 1000,
                                              "Filter": "((ANY (((value ->> 'id'::text) = (hashed SubPlan 12).col1) AND ((value ->> 'sha256'::text) = (hashed SubPlan 12).col2))) IS NOT TRUE)",
                                              "Rows Removed by Filter": 1,
                                              "Shared Hit Blocks": 5133,
                                              "Shared Read Blocks": 0,
                                              "Shared Dirtied Blocks": 0,
                                              "Shared Written Blocks": 0,
                                              "Local Hit Blocks": 0,
                                              "Local Read Blocks": 0,
                                              "Local Dirtied Blocks": 0,
                                              "Local Written Blocks": 0,
                                              "Temp Read Blocks": 0,
                                              "Temp Written Blocks": 0,
                                              "Plans": [
                                                {
                                                  "Node Type": "CTE Scan",
                                                  "Parent Relationship": "SubPlan",
                                                  "Subplan Name": "SubPlan 12",
                                                  "Parallel Aware": false,
                                                  "Async Capable": false,
                                                  "CTE Name": "available_assets",
                                                  "Alias": "available_assets",
                                                  "Startup Cost": 0.00,
                                                  "Total Cost": 0.10,
                                                  "Plan Rows": 5,
                                                  "Plan Width": 64,
                                                  "Actual Startup Time": 0.349,
                                                  "Actual Total Time": 0.838,
                                                  "Actual Rows": 1000,
                                                  "Actual Loops": 1,
                                                  "Shared Hit Blocks": 2133,
                                                  "Shared Read Blocks": 0,
                                                  "Shared Dirtied Blocks": 0,
                                                  "Shared Written Blocks": 0,
                                                  "Local Hit Blocks": 0,
                                                  "Local Read Blocks": 0,
                                                  "Local Dirtied Blocks": 0,
                                                  "Local Written Blocks": 0,
                                                  "Temp Read Blocks": 0,
                                                  "Temp Written Blocks": 0
                                                }
                                              ]
                                            },
                                            {
                                              "Node Type": "Index Scan",
                                              "Parent Relationship": "SubPlan",
                                              "Subplan Name": "SubPlan 9",
                                              "Parallel Aware": false,
                                              "Async Capable": false,
                                              "Scan Direction": "Forward",
                                              "Index Name": "question_publication_members_pkey",
                                              "Relation Name": "question_publication_members",
                                              "Alias": "tm",
                                              "Startup Cost": 0.41,
                                              "Total Cost": 8.43,
                                              "Plan Rows": 1,
                                              "Plan Width": 68,
                                              "Actual Startup Time": 0.006,
                                              "Actual Total Time": 0.030,
                                              "Actual Rows": 200,
                                              "Actual Loops": 1,
                                              "Index Cond": "((publication_id = '9a75b4cd-8e1a-4e51-9d1c-cba8d208f699'::uuid) AND (kind = 'template'::text))",
                                              "Rows Removed by Index Recheck": 0,
                                              "Shared Hit Blocks": 17,
                                              "Shared Read Blocks": 0,
                                              "Shared Dirtied Blocks": 0,
                                              "Shared Written Blocks": 0,
                                              "Local Hit Blocks": 0,
                                              "Local Read Blocks": 0,
                                              "Local Dirtied Blocks": 0,
                                              "Local Written Blocks": 0,
                                              "Temp Read Blocks": 0,
                                              "Temp Written Blocks": 0
                                            },
                                            {
                                              "Node Type": "Bitmap Heap Scan",
                                              "Parent Relationship": "SubPlan",
                                              "Subplan Name": "SubPlan 7",
                                              "Parallel Aware": false,
                                              "Async Capable": false,
                                              "Relation Name": "question_blueprint_sources",
                                              "Alias": "bs",
                                              "Startup Cost": 8.86,
                                              "Total Cost": 12.89,
                                              "Plan Rows": 1,
                                              "Plan Width": 0,
                                              "Actual Startup Time": 0.004,
                                              "Actual Total Time": 0.004,
                                              "Actual Rows": 1,
                                              "Actual Loops": 1000,
                                              "Recheck Cond": "(((blueprint_id = 'lc-blueprint-0-0'::text) AND (blueprint_version = 1) AND (kind = 'instance'::text) AND (id = i.id)) OR ((blueprint_id = 'lc-blueprint-0-0'::text) AND (blueprint_version = 1) AND (kind = 'template'::text) AND (id = i.template_id)))",
                                              "Rows Removed by Index Recheck": 0,
                                              "Filter": "(((kind = 'instance'::text) AND (id = i.id) AND (version = i.version)) OR ((kind = 'template'::text) AND (id = i.template_id) AND (version = i.template_version)))",
                                              "Rows Removed by Filter": 0,
                                              "Exact Heap Blocks": 1000,
                                              "Lossy Heap Blocks": 0,
                                              "Shared Hit Blocks": 7000,
                                              "Shared Read Blocks": 0,
                                              "Shared Dirtied Blocks": 0,
                                              "Shared Written Blocks": 0,
                                              "Local Hit Blocks": 0,
                                              "Local Read Blocks": 0,
                                              "Local Dirtied Blocks": 0,
                                              "Local Written Blocks": 0,
                                              "Temp Read Blocks": 0,
                                              "Temp Written Blocks": 0,
                                              "Plans": [
                                                {
                                                  "Node Type": "BitmapOr",
                                                  "Parent Relationship": "Outer",
                                                  "Parallel Aware": false,
                                                  "Async Capable": false,
                                                  "Startup Cost": 8.86,
                                                  "Total Cost": 8.86,
                                                  "Plan Rows": 1,
                                                  "Plan Width": 0,
                                                  "Actual Startup Time": 0.004,
                                                  "Actual Total Time": 0.004,
                                                  "Actual Rows": 0,
                                                  "Actual Loops": 1000,
                                                  "Shared Hit Blocks": 6000,
                                                  "Shared Read Blocks": 0,
                                                  "Shared Dirtied Blocks": 0,
                                                  "Shared Written Blocks": 0,
                                                  "Local Hit Blocks": 0,
                                                  "Local Read Blocks": 0,
                                                  "Local Dirtied Blocks": 0,
                                                  "Local Written Blocks": 0,
                                                  "Temp Read Blocks": 0,
                                                  "Temp Written Blocks": 0,
                                                  "Plans": [
                                                    {
                                                      "Node Type": "Bitmap Index Scan",
                                                      "Parent Relationship": "Member",
                                                      "Parallel Aware": false,
                                                      "Async Capable": false,
                                                      "Index Name": "question_blueprint_sources_pkey",
                                                      "Startup Cost": 0.00,
                                                      "Total Cost": 4.43,
                                                      "Plan Rows": 1,
                                                      "Plan Width": 0,
                                                      "Actual Startup Time": 0.002,
                                                      "Actual Total Time": 0.002,
                                                      "Actual Rows": 0,
                                                      "Actual Loops": 1000,
                                                      "Index Cond": "((blueprint_id = 'lc-blueprint-0-0'::text) AND (blueprint_version = 1) AND (kind = 'instance'::text) AND (id = i.id))",
                                                      "Shared Hit Blocks": 3000,
                                                      "Shared Read Blocks": 0,
                                                      "Shared Dirtied Blocks": 0,
                                                      "Shared Written Blocks": 0,
                                                      "Local Hit Blocks": 0,
                                                      "Local Read Blocks": 0,
                                                      "Local Dirtied Blocks": 0,
                                                      "Local Written Blocks": 0,
                                                      "Temp Read Blocks": 0,
                                                      "Temp Written Blocks": 0
                                                    },
                                                    {
                                                      "Node Type": "Bitmap Index Scan",
                                                      "Parent Relationship": "Member",
                                                      "Parallel Aware": false,
                                                      "Async Capable": false,
                                                      "Index Name": "question_blueprint_sources_pkey",
                                                      "Startup Cost": 0.00,
                                                      "Total Cost": 4.43,
                                                      "Plan Rows": 1,
                                                      "Plan Width": 0,
                                                      "Actual Startup Time": 0.002,
                                                      "Actual Total Time": 0.002,
                                                      "Actual Rows": 1,
                                                      "Actual Loops": 1000,
                                                      "Index Cond": "((blueprint_id = 'lc-blueprint-0-0'::text) AND (blueprint_version = 1) AND (kind = 'template'::text) AND (id = i.template_id))",
                                                      "Shared Hit Blocks": 3000,
                                                      "Shared Read Blocks": 0,
                                                      "Shared Dirtied Blocks": 0,
                                                      "Shared Written Blocks": 0,
                                                      "Local Hit Blocks": 0,
                                                      "Local Read Blocks": 0,
                                                      "Local Dirtied Blocks": 0,
                                                      "Local Written Blocks": 0,
                                                      "Temp Read Blocks": 0,
                                                      "Temp Written Blocks": 0
                                                    }
                                                  ]
                                                }
                                              ]
                                            },
                                            {
                                              "Node Type": "Function Scan",
                                              "Parent Relationship": "SubPlan",
                                              "Subplan Name": "SubPlan 11",
                                              "Parallel Aware": false,
                                              "Async Capable": false,
                                              "Function Name": "jsonb_array_elements",
                                              "Alias": "u",
                                              "Startup Cost": 57.97,
                                              "Total Cost": 60.47,
                                              "Plan Rows": 50,
                                              "Plan Width": 0,
                                              "Actual Startup Time": 0.005,
                                              "Actual Total Time": 0.005,
                                              "Actual Rows": 0,
                                              "Actual Loops": 1000,
                                              "Filter": "((ANY (((value ->> 'id'::text) = (hashed SubPlan 10).col1) AND (((value ->> 'version'::text))::integer = (hashed SubPlan 10).col2))) IS NOT TRUE)",
                                              "Rows Removed by Filter": 1,
                                              "Shared Hit Blocks": 3459,
                                              "Shared Read Blocks": 0,
                                              "Shared Dirtied Blocks": 0,
                                              "Shared Written Blocks": 0,
                                              "Local Hit Blocks": 0,
                                              "Local Read Blocks": 0,
                                              "Local Dirtied Blocks": 0,
                                              "Local Written Blocks": 0,
                                              "Temp Read Blocks": 0,
                                              "Temp Written Blocks": 0,
                                              "Plans": [
                                                {
                                                  "Node Type": "CTE Scan",
                                                  "Parent Relationship": "SubPlan",
                                                  "Subplan Name": "SubPlan 10",
                                                  "Parallel Aware": false,
                                                  "Async Capable": false,
                                                  "CTE Name": "available_units",
                                                  "Alias": "available_units",
                                                  "Startup Cost": 0.00,
                                                  "Total Cost": 51.52,
                                                  "Plan Rows": 2576,
                                                  "Plan Width": 36,
                                                  "Actual Startup Time": 1.282,
                                                  "Actual Total Time": 2.281,
                                                  "Actual Rows": 4000,
                                                  "Actual Loops": 1,
                                                  "Shared Hit Blocks": 459,
                                                  "Shared Read Blocks": 0,
                                                  "Shared Dirtied Blocks": 0,
                                                  "Shared Written Blocks": 0,
                                                  "Local Hit Blocks": 0,
                                                  "Local Read Blocks": 0,
                                                  "Local Dirtied Blocks": 0,
                                                  "Local Written Blocks": 0,
                                                  "Temp Read Blocks": 0,
                                                  "Temp Written Blocks": 0
                                                }
                                              ]
                                            }
                                          ]
                                        }
                                      ]
                                    },
                                    {
                                      "Node Type": "Index Scan",
                                      "Parent Relationship": "Inner",
                                      "Parallel Aware": false,
                                      "Async Capable": false,
                                      "Scan Direction": "Forward",
                                      "Index Name": "question_review_decisions_submission_id_key",
                                      "Relation Name": "question_review_decisions",
                                      "Alias": "rd",
                                      "Startup Cost": 0.15,
                                      "Total Cost": 0.17,
                                      "Plan Rows": 1,
                                      "Plan Width": 64,
                                      "Actual Startup Time": 0.000,
                                      "Actual Total Time": 0.000,
                                      "Actual Rows": 1,
                                      "Actual Loops": 1000,
                                      "Index Cond": "(submission_id = sm.submission_id)",
                                      "Rows Removed by Index Recheck": 0,
                                      "Filter": "(decision = 'approve'::text)",
                                      "Rows Removed by Filter": 0,
                                      "Shared Hit Blocks": 2000,
                                      "Shared Read Blocks": 0,
                                      "Shared Dirtied Blocks": 0,
                                      "Shared Written Blocks": 0,
                                      "Local Hit Blocks": 0,
                                      "Local Read Blocks": 0,
                                      "Local Dirtied Blocks": 0,
                                      "Local Written Blocks": 0,
                                      "Temp Read Blocks": 0,
                                      "Temp Written Blocks": 0
                                    }
                                  ]
                                },
                                {
                                  "Node Type": "Index Scan",
                                  "Parent Relationship": "Inner",
                                  "Parallel Aware": false,
                                  "Async Capable": false,
                                  "Scan Direction": "Forward",
                                  "Index Name": "question_submissions_pkey",
                                  "Relation Name": "question_submissions",
                                  "Alias": "qs",
                                  "Startup Cost": 0.14,
                                  "Total Cost": 0.16,
                                  "Plan Rows": 1,
                                  "Plan Width": 81,
                                  "Actual Startup Time": 0.000,
                                  "Actual Total Time": 0.000,
                                  "Actual Rows": 1,
                                  "Actual Loops": 1000,
                                  "Index Cond": "(id = sm.submission_id)",
                                  "Rows Removed by Index Recheck": 0,
                                  "Filter": "(sealed AND (status = 'approved'::text))",
                                  "Rows Removed by Filter": 0,
                                  "Shared Hit Blocks": 2000,
                                  "Shared Read Blocks": 0,
                                  "Shared Dirtied Blocks": 0,
                                  "Shared Written Blocks": 0,
                                  "Local Hit Blocks": 0,
                                  "Local Read Blocks": 0,
                                  "Local Dirtied Blocks": 0,
                                  "Local Written Blocks": 0,
                                  "Temp Read Blocks": 0,
                                  "Temp Written Blocks": 0
                                }
                              ]
                            },
                            {
                              "Node Type": "Index Scan",
                              "Parent Relationship": "Inner",
                              "Parallel Aware": false,
                              "Async Capable": false,
                              "Scan Direction": "Forward",
                              "Index Name": "learner_question_views_pkey",
                              "Relation Name": "learner_question_views",
                              "Alias": "v",
                              "Startup Cost": 0.15,
                              "Total Cost": 0.94,
                              "Plan Rows": 1,
                              "Plan Width": 76,
                              "Actual Startup Time": 0.000,
                              "Actual Total Time": 0.000,
                              "Actual Rows": 0,
                              "Actual Loops": 1000,
                              "Index Cond": "((owner_user_id = '4b571fd8-26a3-4e81-af08-300b87c199ed'::uuid) AND (instance_id = i.id) AND (instance_version = i.version) AND (instance_sha256 = i.sha256))",
                              "Rows Removed by Index Recheck": 0,
                              "Shared Hit Blocks": 1005,
                              "Shared Read Blocks": 0,
                              "Shared Dirtied Blocks": 0,
                              "Shared Written Blocks": 0,
                              "Local Hit Blocks": 0,
                              "Local Read Blocks": 0,
                              "Local Dirtied Blocks": 0,
                              "Local Written Blocks": 0,
                              "Temp Read Blocks": 0,
                              "Temp Written Blocks": 0
                            }
                          ]
                        },
                        {
                          "Node Type": "Result",
                          "Parent Relationship": "Inner",
                          "Parallel Aware": false,
                          "Async Capable": false,
                          "Startup Cost": 4.31,
                          "Total Cost": 4.32,
                          "Plan Rows": 1,
                          "Plan Width": 8,
                          "Actual Startup Time": 0.000,
                          "Actual Total Time": 0.000,
                          "Actual Rows": 1,
                          "Actual Loops": 1000,
                          "Shared Hit Blocks": 2000,
                          "Shared Read Blocks": 0,
                          "Shared Dirtied Blocks": 0,
                          "Shared Written Blocks": 0,
                          "Local Hit Blocks": 0,
                          "Local Read Blocks": 0,
                          "Local Dirtied Blocks": 0,
                          "Local Written Blocks": 0,
                          "Temp Read Blocks": 0,
                          "Temp Written Blocks": 0,
                          "Plans": [
                            {
                              "Node Type": "Limit",
                              "Parent Relationship": "InitPlan",
                              "Subplan Name": "InitPlan 14",
                              "Parallel Aware": false,
                              "Async Capable": false,
                              "Startup Cost": 0.27,
                              "Total Cost": 4.31,
                              "Plan Rows": 1,
                              "Plan Width": 8,
                              "Actual Startup Time": 0.000,
                              "Actual Total Time": 0.000,
                              "Actual Rows": 0,
                              "Actual Loops": 1000,
                              "Shared Hit Blocks": 2000,
                              "Shared Read Blocks": 0,
                              "Shared Dirtied Blocks": 0,
                              "Shared Written Blocks": 0,
                              "Local Hit Blocks": 0,
                              "Local Read Blocks": 0,
                              "Local Dirtied Blocks": 0,
                              "Local Written Blocks": 0,
                              "Temp Read Blocks": 0,
                              "Temp Written Blocks": 0,
                              "Plans": [
                                {
                                  "Node Type": "Index Only Scan",
                                  "Parent Relationship": "Outer",
                                  "Parallel Aware": false,
                                  "Async Capable": false,
                                  "Scan Direction": "Backward",
                                  "Index Name": "learning_exposure_reverse",
                                  "Relation Name": "learner_answer_exposures",
                                  "Alias": "e",
                                  "Startup Cost": 0.27,
                                  "Total Cost": 4.31,
                                  "Plan Rows": 1,
                                  "Plan Width": 8,
                                  "Actual Startup Time": 0.000,
                                  "Actual Total Time": 0.000,
                                  "Actual Rows": 0,
                                  "Actual Loops": 1000,
                                  "Index Cond": "(owner_user_id = '4b571fd8-26a3-4e81-af08-300b87c199ed'::uuid)",
                                  "Rows Removed by Index Recheck": 0,
                                  "Filter": "(((kind = 'instance'::text) AND (id = i.id) AND (version = i.version) AND (sha256 = i.sha256)) OR ((kind = 'template'::text) AND (id = i.template_id) AND (version = i.template_version) AND (sha256 = i.template_sha256)))",
                                  "Rows Removed by Filter": 0,
                                  "Heap Fetches": 0,
                                  "Shared Hit Blocks": 2000,
                                  "Shared Read Blocks": 0,
                                  "Shared Dirtied Blocks": 0,
                                  "Shared Written Blocks": 0,
                                  "Local Hit Blocks": 0,
                                  "Local Read Blocks": 0,
                                  "Local Dirtied Blocks": 0,
                                  "Local Written Blocks": 0,
                                  "Temp Read Blocks": 0,
                                  "Temp Written Blocks": 0
                                }
                              ]
                            }
                          ]
                        }
                      ]
                    },
                    {
                      "Node Type": "Bitmap Heap Scan",
                      "Parent Relationship": "Inner",
                      "Parallel Aware": false,
                      "Async Capable": false,
                      "Relation Name": "question_withdrawals",
                      "Alias": "w",
                      "Startup Cost": 0.45,
                      "Total Cost": 4.48,
                      "Plan Rows": 1,
                      "Plan Width": 100,
                      "Actual Startup Time": 0.001,
                      "Actual Total Time": 0.001,
                      "Actual Rows": 0,
                      "Actual Loops": 1000,
                      "Recheck Cond": "(((kind = 'instance'::text) AND (target_id = i.id) AND (target_version = i.version)) OR ((kind = 'template'::text) AND (target_id = i.template_id) AND (target_version = i.template_version)))",
                      "Rows Removed by Index Recheck": 0,
                      "Filter": "(((kind = 'instance'::text) AND (target_id = i.id) AND (target_version = i.version) AND (sha256 = i.sha256)) OR ((kind = 'template'::text) AND (target_id = i.template_id) AND (target_version = i.template_version) AND (sha256 = i.template_sha256)))",
                      "Rows Removed by Filter": 0,
                      "Exact Heap Blocks": 0,
                      "Lossy Heap Blocks": 0,
                      "Shared Hit Blocks": 4000,
                      "Shared Read Blocks": 0,
                      "Shared Dirtied Blocks": 0,
                      "Shared Written Blocks": 0,
                      "Local Hit Blocks": 0,
                      "Local Read Blocks": 0,
                      "Local Dirtied Blocks": 0,
                      "Local Written Blocks": 0,
                      "Temp Read Blocks": 0,
                      "Temp Written Blocks": 0,
                      "Plans": [
                        {
                          "Node Type": "BitmapOr",
                          "Parent Relationship": "Outer",
                          "Parallel Aware": false,
                          "Async Capable": false,
                          "Startup Cost": 0.45,
                          "Total Cost": 0.45,
                          "Plan Rows": 1,
                          "Plan Width": 0,
                          "Actual Startup Time": 0.000,
                          "Actual Total Time": 0.000,
                          "Actual Rows": 0,
                          "Actual Loops": 1000,
                          "Shared Hit Blocks": 4000,
                          "Shared Read Blocks": 0,
                          "Shared Dirtied Blocks": 0,
                          "Shared Written Blocks": 0,
                          "Local Hit Blocks": 0,
                          "Local Read Blocks": 0,
                          "Local Dirtied Blocks": 0,
                          "Local Written Blocks": 0,
                          "Temp Read Blocks": 0,
                          "Temp Written Blocks": 0,
                          "Plans": [
                            {
                              "Node Type": "Bitmap Index Scan",
                              "Parent Relationship": "Member",
                              "Parallel Aware": false,
                              "Async Capable": false,
                              "Index Name": "question_withdrawals_kind_target_id_target_version_key",
                              "Startup Cost": 0.00,
                              "Total Cost": 0.22,
                              "Plan Rows": 1,
                              "Plan Width": 0,
                              "Actual Startup Time": 0.000,
                              "Actual Total Time": 0.000,
                              "Actual Rows": 0,
                              "Actual Loops": 1000,
                              "Index Cond": "((kind = 'instance'::text) AND (target_id = i.id) AND (target_version = i.version))",
                              "Shared Hit Blocks": 2000,
                              "Shared Read Blocks": 0,
                              "Shared Dirtied Blocks": 0,
                              "Shared Written Blocks": 0,
                              "Local Hit Blocks": 0,
                              "Local Read Blocks": 0,
                              "Local Dirtied Blocks": 0,
                              "Local Written Blocks": 0,
                              "Temp Read Blocks": 0,
                              "Temp Written Blocks": 0
                            },
                            {
                              "Node Type": "Bitmap Index Scan",
                              "Parent Relationship": "Member",
                              "Parallel Aware": false,
                              "Async Capable": false,
                              "Index Name": "question_withdrawals_kind_target_id_target_version_key",
                              "Startup Cost": 0.00,
                              "Total Cost": 0.22,
                              "Plan Rows": 1,
                              "Plan Width": 0,
                              "Actual Startup Time": 0.000,
                              "Actual Total Time": 0.000,
                              "Actual Rows": 0,
                              "Actual Loops": 1000,
                              "Index Cond": "((kind = 'template'::text) AND (target_id = i.template_id) AND (target_version = i.template_version))",
                              "Shared Hit Blocks": 2000,
                              "Shared Read Blocks": 0,
                              "Shared Dirtied Blocks": 0,
                              "Shared Written Blocks": 0,
                              "Local Hit Blocks": 0,
                              "Local Read Blocks": 0,
                              "Local Dirtied Blocks": 0,
                              "Local Written Blocks": 0,
                              "Temp Read Blocks": 0,
                              "Temp Written Blocks": 0
                            }
                          ]
                        }
                      ]
                    },
                    {
                      "Node Type": "Aggregate",
                      "Strategy": "Plain",
                      "Partial Mode": "Simple",
                      "Parent Relationship": "SubPlan",
                      "Subplan Name": "SubPlan 4",
                      "Parallel Aware": false,
                      "Async Capable": false,
                      "Startup Cost": 4.44,
                      "Total Cost": 4.45,
                      "Plan Rows": 1,
                      "Plan Width": 32,
                      "Actual Startup Time": 0.002,
                      "Actual Total Time": 0.002,
                      "Actual Rows": 1,
                      "Actual Loops": 1000,
                      "Shared Hit Blocks": 3001,
                      "Shared Read Blocks": 0,
                      "Shared Dirtied Blocks": 0,
                      "Shared Written Blocks": 0,
                      "Local Hit Blocks": 0,
                      "Local Read Blocks": 0,
                      "Local Dirtied Blocks": 0,
                      "Local Written Blocks": 0,
                      "Temp Read Blocks": 0,
                      "Temp Written Blocks": 0,
                      "Plans": [
                        {
                          "Node Type": "Index Only Scan",
                          "Parent Relationship": "Outer",
                          "Parallel Aware": false,
                          "Async Capable": false,
                          "Scan Direction": "Forward",
                          "Index Name": "learning_coverage_knowledge",
                          "Relation Name": "question_instance_coverage",
                          "Alias": "c",
                          "Startup Cost": 0.41,
                          "Total Cost": 4.43,
                          "Plan Rows": 1,
                          "Plan Width": 4,
                          "Actual Startup Time": 0.002,
                          "Actual Total Time": 0.002,
                          "Actual Rows": 1,
                          "Actual Loops": 1000,
                          "Index Cond": "((knowledge_id = 'capacity-k-0000'::text) AND (knowledge_version = 1) AND (instance_id = i.id) AND (instance_version = i.version))",
                          "Rows Removed by Index Recheck": 0,
                          "Heap Fetches": 0,
                          "Shared Hit Blocks": 3001,
                          "Shared Read Blocks": 0,
                          "Shared Dirtied Blocks": 0,
                          "Shared Written Blocks": 0,
                          "Local Hit Blocks": 0,
                          "Local Read Blocks": 0,
                          "Local Dirtied Blocks": 0,
                          "Local Written Blocks": 0,
                          "Temp Read Blocks": 0,
                          "Temp Written Blocks": 0
                        }
                      ]
                    },
                    {
                      "Node Type": "Nested Loop",
                      "Parent Relationship": "SubPlan",
                      "Subplan Name": "SubPlan 6",
                      "Parallel Aware": false,
                      "Async Capable": false,
                      "Join Type": "Inner",
                      "Startup Cost": 4.17,
                      "Total Cost": 11.33,
                      "Plan Rows": 3,
                      "Plan Width": 68,
                      "Actual Startup Time": 0.001,
                      "Actual Total Time": 0.002,
                      "Actual Rows": 0,
                      "Actual Loops": 1,
                      "Inner Unique": false,
                      "Shared Hit Blocks": 2,
                      "Shared Read Blocks": 0,
                      "Shared Dirtied Blocks": 0,
                      "Shared Written Blocks": 0,
                      "Local Hit Blocks": 0,
                      "Local Read Blocks": 0,
                      "Local Dirtied Blocks": 0,
                      "Local Written Blocks": 0,
                      "Temp Read Blocks": 0,
                      "Temp Written Blocks": 0,
                      "Plans": [
                        {
                          "Node Type": "CTE Scan",
                          "Parent Relationship": "Outer",
                          "Parallel Aware": false,
                          "Async Capable": false,
                          "CTE Name": "recent",
                          "Alias": "r",
                          "Startup Cost": 0.00,
                          "Total Cost": 0.02,
                          "Plan Rows": 1,
                          "Plan Width": 16,
                          "Actual Startup Time": 0.001,
                          "Actual Total Time": 0.001,
                          "Actual Rows": 0,
                          "Actual Loops": 1,
                          "Shared Hit Blocks": 2,
                          "Shared Read Blocks": 0,
                          "Shared Dirtied Blocks": 0,
                          "Shared Written Blocks": 0,
                          "Local Hit Blocks": 0,
                          "Local Read Blocks": 0,
                          "Local Dirtied Blocks": 0,
                          "Local Written Blocks": 0,
                          "Temp Read Blocks": 0,
                          "Temp Written Blocks": 0
                        },
                        {
                          "Node Type": "Bitmap Heap Scan",
                          "Parent Relationship": "Inner",
                          "Parallel Aware": false,
                          "Async Capable": false,
                          "Relation Name": "assessment_items",
                          "Alias": "ai",
                          "Startup Cost": 4.17,
                          "Total Cost": 11.28,
                          "Plan Rows": 3,
                          "Plan Width": 84,
                          "Actual Startup Time": 0.000,
                          "Actual Total Time": 0.000,
                          "Actual Rows": 0,
                          "Actual Loops": 0,
                          "Recheck Cond": "(attempt_id = r.id)",
                          "Rows Removed by Index Recheck": 0,
                          "Exact Heap Blocks": 0,
                          "Lossy Heap Blocks": 0,
                          "Shared Hit Blocks": 0,
                          "Shared Read Blocks": 0,
                          "Shared Dirtied Blocks": 0,
                          "Shared Written Blocks": 0,
                          "Local Hit Blocks": 0,
                          "Local Read Blocks": 0,
                          "Local Dirtied Blocks": 0,
                          "Local Written Blocks": 0,
                          "Temp Read Blocks": 0,
                          "Temp Written Blocks": 0,
                          "Plans": [
                            {
                              "Node Type": "Bitmap Index Scan",
                              "Parent Relationship": "Outer",
                              "Parallel Aware": false,
                              "Async Capable": false,
                              "Index Name": "assessment_items_attempt_id_position_instance_id_instance_v_key",
                              "Startup Cost": 0.00,
                              "Total Cost": 4.17,
                              "Plan Rows": 3,
                              "Plan Width": 0,
                              "Actual Startup Time": 0.000,
                              "Actual Total Time": 0.000,
                              "Actual Rows": 0,
                              "Actual Loops": 0,
                              "Index Cond": "(attempt_id = r.id)",
                              "Shared Hit Blocks": 0,
                              "Shared Read Blocks": 0,
                              "Shared Dirtied Blocks": 0,
                              "Shared Written Blocks": 0,
                              "Local Hit Blocks": 0,
                              "Local Read Blocks": 0,
                              "Local Dirtied Blocks": 0,
                              "Local Written Blocks": 0,
                              "Temp Read Blocks": 0,
                              "Temp Written Blocks": 0
                            }
                          ]
                        }
                      ]
                    }
                  ]
                }
              ]
            },
            "Planning": {
              "Shared Hit Blocks": 27,
              "Shared Read Blocks": 0,
              "Shared Dirtied Blocks": 0,
              "Shared Written Blocks": 0,
              "Local Hit Blocks": 0,
              "Local Read Blocks": 0,
              "Local Dirtied Blocks": 0,
              "Local Written Blocks": 0,
              "Temp Read Blocks": 0,
              "Temp Written Blocks": 0
            },
            "Planning Time": 2.830,
            "Triggers": [
            ],
            "Execution Time": 51.387
          }
        ]
=== RUN   TestLearningCapacitySourceVolume/submit-999-successors
    learning_capacity_test.go:504: LEARNING_CAPACITY node-pass-and-999-successors elapsed=2.120740709s allocs=32932 bytes=5123296 heap=6264392 maxRSS=307462144 unit=bytes GOOS=darwin err=<nil>
=== RUN   TestLearningCapacitySourceVolume/overview-after-node-pass
    learning_capacity_test.go:513: LEARNING_CAPACITY overview-1000-with-actual-pass elapsed=475.914792ms allocs=69271 bytes=4223456 heap=5211320 maxRSS=307478528 unit=bytes GOOS=darwin err=<nil>
=== NAME  TestLearningCapacitySourceVolume
    learning_capacity_test.go:522: LEARNING_CAPACITY maximum-template-exposure-20-families elapsed=26.164833ms allocs=120972 bytes=27505400 heap=19286624 maxRSS=307478528 unit=bytes GOOS=darwin err=<nil>
    learning_capacity_test.go:542: LEARNING_CAPACITY maximum-alternative-pass-antijoin elapsed=294.16175ms allocs=94081 bytes=14490312 heap=38702264 maxRSS=307642368 unit=bytes GOOS=darwin err=<nil>
    learning_capacity_test.go:549: LEARNING_CAPACITY maximum-owned-historical-svg elapsed=13.602959ms allocs=1411 bytes=370136 heap=17853776 maxRSS=307658752 unit=bytes GOOS=darwin err=<nil>
    learning_capacity_test.go:566: LEARNING_CAPACITY maximum-owned-history-101-offset-0 elapsed=13.0965ms allocs=2997 bytes=297536 heap=17793264 maxRSS=307970048 unit=bytes GOOS=darwin err=<nil>
    learning_capacity_test.go:566: LEARNING_CAPACITY maximum-owned-history-101-offset-100 elapsed=11.946292ms allocs=1012 bytes=197880 heap=17691560 maxRSS=307970048 unit=bytes GOOS=darwin err=<nil>
=== RUN   TestLearningCapacitySourceVolume/maximum-shared-two-slots-and-exclusive-lock
    learning_capacity_test.go:436: LEARNING_CAPACITY twoRealHeavyCreations=true differentUsers=true twoSharedSlots=true elapsed=274.853458ms
    learning_capacity_test.go:450: LEARNING_CAPACITY exclusiveLockWait=1.010179166s no-writing-read=true
--- PASS: TestLearningCapacitySourceVolume (91.10s)
    --- PASS: TestLearningCapacitySourceVolume/safe-options (0.30s)
    --- PASS: TestLearningCapacitySourceVolume/overview-empty (0.44s)
    --- PASS: TestLearningCapacitySourceVolume/submit-999-successors (2.12s)
    --- PASS: TestLearningCapacitySourceVolume/overview-after-node-pass (0.48s)
    --- PASS: TestLearningCapacitySourceVolume/maximum-shared-two-slots-and-exclusive-lock (1.29s)
PASS
ok  	github.com/yyl1212/math_master/backend/internal/store	91.368s
