verify	Set up job	﻿2026-10-04T07:09:05.6152379Z Current runner version: '2.337.0'
verify	Set up job	2026-10-04T07:09:05.6187818Z ##[group]Runner Image Provisioner
verify	Set up job	2026-10-04T07:09:05.6189120Z Hosted Compute Agent
verify	Set up job	2026-10-04T07:09:05.6190508Z Version: 20260901.588
verify	Set up job	2026-10-04T07:09:05.6191579Z Commit: f88ec8081b781fac6c440065ac7ff9e710ce3d0b
verify	Set up job	2026-10-04T07:09:05.6192930Z Build Date: 2026-09-01T19:56:44Z
verify	Set up job	2026-10-04T07:09:05.6194056Z Worker ID: {44357a1d-eabc-40b8-aac4-74a5c802e56e}
verify	Set up job	2026-10-04T07:09:05.6195278Z Azure Region: eastus
verify	Set up job	2026-10-04T07:09:05.6196341Z ##[endgroup]
verify	Set up job	2026-10-04T07:09:05.6198671Z ##[group]Operating System
verify	Set up job	2026-10-04T07:09:05.6200047Z Ubuntu
verify	Set up job	2026-10-04T07:09:05.6200911Z 24.04.5
verify	Set up job	2026-10-04T07:09:05.6201743Z LTS
verify	Set up job	2026-10-04T07:09:05.6202825Z ##[endgroup]
verify	Set up job	2026-10-04T07:09:05.6203718Z ##[group]Runner Image
verify	Set up job	2026-10-04T07:09:05.6204827Z Image: ubuntu-24.04
verify	Set up job	2026-10-04T07:09:05.6205923Z Version: 20260927.320.1
verify	Set up job	2026-10-04T07:09:05.6207875Z Included Software: https://github.com/actions/runner-images/blob/ubuntu24/20260927.320/images/ubuntu/Ubuntu2404-Readme.md
verify	Set up job	2026-10-04T07:09:05.6211126Z Image Release: https://github.com/actions/runner-images/releases/tag/ubuntu24%2F20260927.320
verify	Set up job	2026-10-04T07:09:05.6212979Z ##[endgroup]
verify	Set up job	2026-10-04T07:09:05.6214746Z ##[group]GITHUB_TOKEN Permissions
verify	Set up job	2026-10-04T07:09:05.6217360Z Contents: read
verify	Set up job	2026-10-04T07:09:05.6218345Z Metadata: read
verify	Set up job	2026-10-04T07:09:05.6219380Z ##[endgroup]
verify	Set up job	2026-10-04T07:09:05.6222587Z Secret source: Actions
verify	Set up job	2026-10-04T07:09:05.6224189Z Cache mode: write
verify	Set up job	2026-10-04T07:09:05.6225417Z Prepare workflow directory
verify	Set up job	2026-10-04T07:09:05.6857813Z Prepare all required actions
verify	Set up job	2026-10-04T07:09:05.6929401Z Getting action download info
verify	Set up job	2026-10-04T07:09:05.9123717Z Download action repository 'actions/checkout@3d3c42e5aac5ba805825da76410c181273ba90b1' (SHA:3d3c42e5aac5ba805825da76410c181273ba90b1)
verify	Set up job	2026-10-04T07:09:06.0178259Z Download action repository 'actions/setup-node@820762786026740c76f36085b0efc47a31fe5020' (SHA:820762786026740c76f36085b0efc47a31fe5020)
verify	Set up job	2026-10-04T07:09:06.1016785Z Download action repository 'actions/setup-go@b7ad1dad31e06c5925ef5d2fc7ad053ef454303e' (SHA:b7ad1dad31e06c5925ef5d2fc7ad053ef454303e)
verify	Set up job	2026-10-04T07:09:06.2620898Z Download action repository 'actions/upload-artifact@043fb46d1a93c77aae656e7c1c64a875d1fc6a0a' (SHA:043fb46d1a93c77aae656e7c1c64a875d1fc6a0a)
verify	Set up job	2026-10-04T07:09:06.4473574Z Complete job name: verify
verify	Initialize containers	﻿2026-10-04T07:09:06.5102912Z ##[group]Checking docker version
verify	Initialize containers	2026-10-04T07:09:06.5115870Z ##[command]/usr/bin/docker version --format '{{.Server.APIVersion}}'
verify	Initialize containers	2026-10-04T07:09:06.6182006Z '1.48'
verify	Initialize containers	2026-10-04T07:09:06.6192736Z Docker daemon API version: '1.48'
verify	Initialize containers	2026-10-04T07:09:06.6193555Z ##[command]/usr/bin/docker version --format '{{.Client.APIVersion}}'
verify	Initialize containers	2026-10-04T07:09:06.6391344Z '1.48'
verify	Initialize containers	2026-10-04T07:09:06.6406835Z Docker client API version: '1.48'
verify	Initialize containers	2026-10-04T07:09:06.6413004Z ##[endgroup]
verify	Initialize containers	2026-10-04T07:09:06.6418558Z ##[group]Clean up resources from previous jobs
verify	Initialize containers	2026-10-04T07:09:06.6426049Z ##[command]/usr/bin/docker ps --all --quiet --no-trunc --filter "label=f6b572"
verify	Initialize containers	2026-10-04T07:09:06.6698302Z ##[command]/usr/bin/docker network prune --force --filter "label=f6b572"
verify	Initialize containers	2026-10-04T07:09:06.6842998Z ##[endgroup]
verify	Initialize containers	2026-10-04T07:09:06.6843555Z ##[group]Create local container network
verify	Initialize containers	2026-10-04T07:09:06.6855977Z ##[command]/usr/bin/docker network create --label f6b572 github_network_3070d4e8d7244dd3ba7ce21969cfd0c8
verify	Initialize containers	2026-10-04T07:09:06.7391009Z 58ee9db2f737bff7386b894b730f093b78889c65b95f9957315fa9b4ab5550bc
verify	Initialize containers	2026-10-04T07:09:06.7411091Z ##[endgroup]
verify	Initialize containers	2026-10-04T07:09:06.7435814Z ##[group]Starting postgres service container
verify	Initialize containers	2026-10-04T07:09:06.7456939Z ##[command]/usr/bin/docker pull postgres:17.11
verify	Initialize containers	2026-10-04T07:09:06.9941395Z 17.11: Pulling from library/postgres
verify	Initialize containers	2026-10-04T07:09:07.0744094Z 6b37362b3da7: Pulling fs layer
verify	Initialize containers	2026-10-04T07:09:07.0745849Z 0725a8be915e: Pulling fs layer
verify	Initialize containers	2026-10-04T07:09:07.0747378Z 71f55f60a786: Pulling fs layer
verify	Initialize containers	2026-10-04T07:09:07.0748990Z 564dc3c4a6f9: Pulling fs layer
verify	Initialize containers	2026-10-04T07:09:07.0750352Z 752819419f50: Pulling fs layer
verify	Initialize containers	2026-10-04T07:09:07.0751029Z 8b51b9245051: Pulling fs layer
verify	Initialize containers	2026-10-04T07:09:07.0751998Z 498b9ff7d682: Pulling fs layer
verify	Initialize containers	2026-10-04T07:09:07.0752590Z 755a851127eb: Pulling fs layer
verify	Initialize containers	2026-10-04T07:09:07.0753174Z bbe7b3469b20: Pulling fs layer
verify	Initialize containers	2026-10-04T07:09:07.0753742Z 73872941ba23: Pulling fs layer
verify	Initialize containers	2026-10-04T07:09:07.0754299Z 2f9b6cf2e417: Pulling fs layer
verify	Initialize containers	2026-10-04T07:09:07.0755137Z 3feaebf93d15: Pulling fs layer
verify	Initialize containers	2026-10-04T07:09:07.0755751Z 50e228e2fe6d: Pulling fs layer
verify	Initialize containers	2026-10-04T07:09:07.0756354Z bed9376b51dc: Pulling fs layer
verify	Initialize containers	2026-10-04T07:09:07.0756907Z 752819419f50: Waiting
verify	Initialize containers	2026-10-04T07:09:07.0757469Z 8b51b9245051: Waiting
verify	Initialize containers	2026-10-04T07:09:07.0757961Z 498b9ff7d682: Waiting
verify	Initialize containers	2026-10-04T07:09:07.0758442Z 755a851127eb: Waiting
verify	Initialize containers	2026-10-04T07:09:07.0758925Z bbe7b3469b20: Waiting
verify	Initialize containers	2026-10-04T07:09:07.0759404Z 73872941ba23: Waiting
verify	Initialize containers	2026-10-04T07:09:07.0760275Z 50e228e2fe6d: Waiting
verify	Initialize containers	2026-10-04T07:09:07.0760810Z 2f9b6cf2e417: Waiting
verify	Initialize containers	2026-10-04T07:09:07.0761300Z bed9376b51dc: Waiting
verify	Initialize containers	2026-10-04T07:09:07.0761795Z 3feaebf93d15: Waiting
verify	Initialize containers	2026-10-04T07:09:07.0762280Z 564dc3c4a6f9: Waiting
verify	Initialize containers	2026-10-04T07:09:07.1019451Z 0725a8be915e: Verifying Checksum
verify	Initialize containers	2026-10-04T07:09:07.1020781Z 0725a8be915e: Download complete
verify	Initialize containers	2026-10-04T07:09:07.1351311Z 71f55f60a786: Verifying Checksum
verify	Initialize containers	2026-10-04T07:09:07.1353022Z 71f55f60a786: Download complete
verify	Initialize containers	2026-10-04T07:09:07.1406474Z 564dc3c4a6f9: Verifying Checksum
verify	Initialize containers	2026-10-04T07:09:07.1408539Z 564dc3c4a6f9: Download complete
verify	Initialize containers	2026-10-04T07:09:07.1852626Z 8b51b9245051: Verifying Checksum
verify	Initialize containers	2026-10-04T07:09:07.1853962Z 8b51b9245051: Download complete
verify	Initialize containers	2026-10-04T07:09:07.1902712Z 752819419f50: Verifying Checksum
verify	Initialize containers	2026-10-04T07:09:07.1904527Z 752819419f50: Download complete
verify	Initialize containers	2026-10-04T07:09:07.2102173Z 498b9ff7d682: Verifying Checksum
verify	Initialize containers	2026-10-04T07:09:07.2103017Z 498b9ff7d682: Download complete
verify	Initialize containers	2026-10-04T07:09:07.2190829Z 755a851127eb: Verifying Checksum
verify	Initialize containers	2026-10-04T07:09:07.2192432Z 755a851127eb: Download complete
verify	Initialize containers	2026-10-04T07:09:07.2294705Z 6b37362b3da7: Verifying Checksum
verify	Initialize containers	2026-10-04T07:09:07.2295549Z 6b37362b3da7: Download complete
verify	Initialize containers	2026-10-04T07:09:07.2426298Z 73872941ba23: Verifying Checksum
verify	Initialize containers	2026-10-04T07:09:07.2428224Z 73872941ba23: Download complete
verify	Initialize containers	2026-10-04T07:09:07.2554166Z 2f9b6cf2e417: Download complete
verify	Initialize containers	2026-10-04T07:09:07.2705164Z 3feaebf93d15: Verifying Checksum
verify	Initialize containers	2026-10-04T07:09:07.2707249Z 3feaebf93d15: Download complete
verify	Initialize containers	2026-10-04T07:09:07.2817011Z 50e228e2fe6d: Verifying Checksum
verify	Initialize containers	2026-10-04T07:09:07.2824355Z 50e228e2fe6d: Download complete
verify	Initialize containers	2026-10-04T07:09:07.2990083Z bed9376b51dc: Download complete
verify	Initialize containers	2026-10-04T07:09:07.6220377Z bbe7b3469b20: Verifying Checksum
verify	Initialize containers	2026-10-04T07:09:07.6222527Z bbe7b3469b20: Download complete
verify	Initialize containers	2026-10-04T07:09:08.3614634Z 6b37362b3da7: Pull complete
verify	Initialize containers	2026-10-04T07:09:08.6596925Z 0725a8be915e: Pull complete
verify	Initialize containers	2026-10-04T07:09:08.8334233Z 71f55f60a786: Pull complete
verify	Initialize containers	2026-10-04T07:09:08.8730660Z 564dc3c4a6f9: Pull complete
verify	Initialize containers	2026-10-04T07:09:09.1749471Z 752819419f50: Pull complete
verify	Initialize containers	2026-10-04T07:09:09.2523567Z 8b51b9245051: Pull complete
verify	Initialize containers	2026-10-04T07:09:09.2600591Z 498b9ff7d682: Pull complete
verify	Initialize containers	2026-10-04T07:09:09.2705451Z 755a851127eb: Pull complete
verify	Initialize containers	2026-10-04T07:09:12.3161390Z bbe7b3469b20: Pull complete
verify	Initialize containers	2026-10-04T07:09:12.3313691Z 73872941ba23: Pull complete
verify	Initialize containers	2026-10-04T07:09:12.3425792Z 2f9b6cf2e417: Pull complete
verify	Initialize containers	2026-10-04T07:09:12.3518401Z 3feaebf93d15: Pull complete
verify	Initialize containers	2026-10-04T07:09:12.3603486Z 50e228e2fe6d: Pull complete
verify	Initialize containers	2026-10-04T07:09:12.3709211Z bed9376b51dc: Pull complete
verify	Initialize containers	2026-10-04T07:09:12.3747214Z Digest: sha256:d74eeac9a635390a49bc21bd49fccd973de707e2a53a76ac49b552b8712ec46f
verify	Initialize containers	2026-10-04T07:09:12.3758483Z Status: Downloaded newer image for postgres:17.11
verify	Initialize containers	2026-10-04T07:09:12.3771259Z docker.io/library/postgres:17.11
verify	Initialize containers	2026-10-04T07:09:12.3853632Z ##[command]/usr/bin/docker create --name 9380e6430b9a474383eca09b40f6ec31_postgres1711_9f7a4a --label f6b572 --network github_network_3070d4e8d7244dd3ba7ce21969cfd0c8 --network-alias postgres -p 5432:5432 --health-cmd "pg_isready -U math_master -d math_master_test_ci" --health-interval 2s --health-timeout 3s --health-retries 20 -e "POSTGRES_USER=math_master" -e "POSTGRES_PASSWORD=ci-only" -e "POSTGRES_DB=math_master_test_ci" -e GITHUB_ACTIONS=true -e CI=true postgres:17.11
verify	Initialize containers	2026-10-04T07:09:12.4111428Z 02f6f51fd5fde2cd883284ad03c902e0dbbb378e794be000ce269a22f2425884
verify	Initialize containers	2026-10-04T07:09:12.4135184Z ##[command]/usr/bin/docker start 02f6f51fd5fde2cd883284ad03c902e0dbbb378e794be000ce269a22f2425884
verify	Initialize containers	2026-10-04T07:09:12.6465480Z 02f6f51fd5fde2cd883284ad03c902e0dbbb378e794be000ce269a22f2425884
verify	Initialize containers	2026-10-04T07:09:12.6488392Z ##[command]/usr/bin/docker ps --all --filter id=02f6f51fd5fde2cd883284ad03c902e0dbbb378e794be000ce269a22f2425884 --filter status=running --no-trunc --format "{{.ID}} {{.Status}}"
verify	Initialize containers	2026-10-04T07:09:12.6631527Z 02f6f51fd5fde2cd883284ad03c902e0dbbb378e794be000ce269a22f2425884 Up Less than a second (health: starting)
verify	Initialize containers	2026-10-04T07:09:12.6656038Z ##[command]/usr/bin/docker port 02f6f51fd5fde2cd883284ad03c902e0dbbb378e794be000ce269a22f2425884
verify	Initialize containers	2026-10-04T07:09:12.6803881Z 5432/tcp -> 0.0.0.0:5432
verify	Initialize containers	2026-10-04T07:09:12.6804546Z 5432/tcp -> [::]:5432
verify	Initialize containers	2026-10-04T07:09:12.6862493Z ##[endgroup]
verify	Initialize containers	2026-10-04T07:09:12.6872133Z ##[group]Waiting for all services to be ready
verify	Initialize containers	2026-10-04T07:09:12.6891171Z ##[command]/usr/bin/docker inspect --format="{{if .Config.Healthcheck}}{{print .State.Health.Status}}{{end}}" 02f6f51fd5fde2cd883284ad03c902e0dbbb378e794be000ce269a22f2425884
verify	Initialize containers	2026-10-04T07:09:12.7040834Z starting
verify	Initialize containers	2026-10-04T07:09:12.7067111Z postgres service is starting, waiting 2 seconds before checking again.
verify	Initialize containers	2026-10-04T07:09:14.7070370Z ##[command]/usr/bin/docker inspect --format="{{if .Config.Healthcheck}}{{print .State.Health.Status}}{{end}}" 02f6f51fd5fde2cd883284ad03c902e0dbbb378e794be000ce269a22f2425884
verify	Initialize containers	2026-10-04T07:09:14.7216663Z healthy
verify	Initialize containers	2026-10-04T07:09:14.7232703Z postgres service is healthy.
verify	Initialize containers	2026-10-04T07:09:14.7233115Z ##[endgroup]
verify	Run actions/checkout@3d3c42e5aac5ba805825da76410c181273ba90b1	﻿2026-10-04T07:09:14.7516687Z ##[group]Run actions/checkout@3d3c42e5aac5ba805825da76410c181273ba90b1
verify	Run actions/checkout@3d3c42e5aac5ba805825da76410c181273ba90b1	2026-10-04T07:09:14.7517381Z with:
verify	Run actions/checkout@3d3c42e5aac5ba805825da76410c181273ba90b1	2026-10-04T07:09:14.7517602Z   repository: yyl1212/math_master
verify	Run actions/checkout@3d3c42e5aac5ba805825da76410c181273ba90b1	2026-10-04T07:09:14.7520500Z   token: ***
verify	Run actions/checkout@3d3c42e5aac5ba805825da76410c181273ba90b1	2026-10-04T07:09:14.7520733Z   ssh-strict: true
verify	Run actions/checkout@3d3c42e5aac5ba805825da76410c181273ba90b1	2026-10-04T07:09:14.7520937Z   ssh-user: git
verify	Run actions/checkout@3d3c42e5aac5ba805825da76410c181273ba90b1	2026-10-04T07:09:14.7521146Z   persist-credentials: true
verify	Run actions/checkout@3d3c42e5aac5ba805825da76410c181273ba90b1	2026-10-04T07:09:14.7521386Z   clean: true
verify	Run actions/checkout@3d3c42e5aac5ba805825da76410c181273ba90b1	2026-10-04T07:09:14.7521597Z   sparse-checkout-cone-mode: true
verify	Run actions/checkout@3d3c42e5aac5ba805825da76410c181273ba90b1	2026-10-04T07:09:14.7521856Z   fetch-depth: 1
verify	Run actions/checkout@3d3c42e5aac5ba805825da76410c181273ba90b1	2026-10-04T07:09:14.7522057Z   fetch-tags: false
verify	Run actions/checkout@3d3c42e5aac5ba805825da76410c181273ba90b1	2026-10-04T07:09:14.7522263Z   show-progress: true
verify	Run actions/checkout@3d3c42e5aac5ba805825da76410c181273ba90b1	2026-10-04T07:09:14.7522472Z   lfs: false
verify	Run actions/checkout@3d3c42e5aac5ba805825da76410c181273ba90b1	2026-10-04T07:09:14.7522665Z   submodules: false
verify	Run actions/checkout@3d3c42e5aac5ba805825da76410c181273ba90b1	2026-10-04T07:09:14.7522876Z   set-safe-directory: true
verify	Run actions/checkout@3d3c42e5aac5ba805825da76410c181273ba90b1	2026-10-04T07:09:14.7523117Z   allow-unsafe-pr-checkout: false
verify	Run actions/checkout@3d3c42e5aac5ba805825da76410c181273ba90b1	2026-10-04T07:09:14.7523615Z env:
verify	Run actions/checkout@3d3c42e5aac5ba805825da76410c181273ba90b1	2026-10-04T07:09:14.7523800Z   CGO_ENABLED: 0
verify	Run actions/checkout@3d3c42e5aac5ba805825da76410c181273ba90b1	2026-10-04T07:09:14.7524004Z   GOTOOLCHAIN: go1.27.1
verify	Run actions/checkout@3d3c42e5aac5ba805825da76410c181273ba90b1	2026-10-04T07:09:14.7524225Z   NEXT_TELEMETRY_DISABLED: 1
verify	Run actions/checkout@3d3c42e5aac5ba805825da76410c181273ba90b1	2026-10-04T07:09:14.7524798Z   TEST_DATABASE_URL: ***127.0.0.1:5432/math_master_test_ci?sslmode=disable
verify	Run actions/checkout@3d3c42e5aac5ba805825da76410c181273ba90b1	2026-10-04T07:09:14.7525159Z ##[endgroup]
verify	Run actions/checkout@3d3c42e5aac5ba805825da76410c181273ba90b1	2026-10-04T07:09:14.8538292Z Syncing repository: yyl1212/math_master
verify	Run actions/checkout@3d3c42e5aac5ba805825da76410c181273ba90b1	2026-10-04T07:09:14.8540542Z ##[group]Getting Git version info
verify	Run actions/checkout@3d3c42e5aac5ba805825da76410c181273ba90b1	2026-10-04T07:09:14.8541190Z Working directory is '/home/runner/work/math_master/math_master'
verify	Run actions/checkout@3d3c42e5aac5ba805825da76410c181273ba90b1	2026-10-04T07:09:14.8542107Z [command]/usr/bin/git version
verify	Run actions/checkout@3d3c42e5aac5ba805825da76410c181273ba90b1	2026-10-04T07:09:14.8626160Z git version 2.55.0
verify	Run actions/checkout@3d3c42e5aac5ba805825da76410c181273ba90b1	2026-10-04T07:09:14.8648537Z ##[endgroup]
verify	Run actions/checkout@3d3c42e5aac5ba805825da76410c181273ba90b1	2026-10-04T07:09:14.8660645Z Temporarily overriding HOME='/home/runner/work/_temp/0ce6ade9-6d01-49f4-84c9-1177acef2943' before making global git config changes
verify	Run actions/checkout@3d3c42e5aac5ba805825da76410c181273ba90b1	2026-10-04T07:09:14.8662103Z Adding repository directory to the temporary git global config as a safe directory
verify	Run actions/checkout@3d3c42e5aac5ba805825da76410c181273ba90b1	2026-10-04T07:09:14.8666780Z [command]/usr/bin/git config --global --add safe.directory /home/runner/work/math_master/math_master
verify	Run actions/checkout@3d3c42e5aac5ba805825da76410c181273ba90b1	2026-10-04T07:09:14.8746741Z Deleting the contents of '/home/runner/work/math_master/math_master'
verify	Run actions/checkout@3d3c42e5aac5ba805825da76410c181273ba90b1	2026-10-04T07:09:14.8748330Z ##[group]Determining repository object format
verify	Run actions/checkout@3d3c42e5aac5ba805825da76410c181273ba90b1	2026-10-04T07:09:14.8749352Z ##[endgroup]
verify	Run actions/checkout@3d3c42e5aac5ba805825da76410c181273ba90b1	2026-10-04T07:09:14.8750691Z ##[group]Initializing the repository
verify	Run actions/checkout@3d3c42e5aac5ba805825da76410c181273ba90b1	2026-10-04T07:09:14.8751340Z [command]/usr/bin/git init /home/runner/work/math_master/math_master
verify	Run actions/checkout@3d3c42e5aac5ba805825da76410c181273ba90b1	2026-10-04T07:09:14.8935391Z hint: Using 'master' as the name for the initial branch. This default branch name
verify	Run actions/checkout@3d3c42e5aac5ba805825da76410c181273ba90b1	2026-10-04T07:09:14.8942909Z hint: will change to "main" in Git 3.0. To configure the initial branch name
verify	Run actions/checkout@3d3c42e5aac5ba805825da76410c181273ba90b1	2026-10-04T07:09:14.8951015Z hint: to use in all of your new repositories, which will suppress this warning,
verify	Run actions/checkout@3d3c42e5aac5ba805825da76410c181273ba90b1	2026-10-04T07:09:14.8951649Z hint: call:
verify	Run actions/checkout@3d3c42e5aac5ba805825da76410c181273ba90b1	2026-10-04T07:09:14.8952089Z hint:
verify	Run actions/checkout@3d3c42e5aac5ba805825da76410c181273ba90b1	2026-10-04T07:09:14.8952731Z hint: 	git config --global init.defaultBranch <name>
verify	Run actions/checkout@3d3c42e5aac5ba805825da76410c181273ba90b1	2026-10-04T07:09:14.8953274Z hint:
verify	Run actions/checkout@3d3c42e5aac5ba805825da76410c181273ba90b1	2026-10-04T07:09:14.8953902Z hint: Names commonly chosen instead of 'master' are 'main', 'trunk' and
verify	Run actions/checkout@3d3c42e5aac5ba805825da76410c181273ba90b1	2026-10-04T07:09:14.8954716Z hint: 'development'. The just-created branch can be renamed via this command:
verify	Run actions/checkout@3d3c42e5aac5ba805825da76410c181273ba90b1	2026-10-04T07:09:14.8955568Z hint:
verify	Run actions/checkout@3d3c42e5aac5ba805825da76410c181273ba90b1	2026-10-04T07:09:14.8956662Z hint: 	git branch -m <name>
verify	Run actions/checkout@3d3c42e5aac5ba805825da76410c181273ba90b1	2026-10-04T07:09:14.8957094Z hint:
verify	Run actions/checkout@3d3c42e5aac5ba805825da76410c181273ba90b1	2026-10-04T07:09:14.8957670Z hint: Disable this message with "git config set advice.defaultBranchName false"
verify	Run actions/checkout@3d3c42e5aac5ba805825da76410c181273ba90b1	2026-10-04T07:09:14.8958717Z Initialized empty Git repository in /home/runner/work/math_master/math_master/.git/
verify	Run actions/checkout@3d3c42e5aac5ba805825da76410c181273ba90b1	2026-10-04T07:09:14.8967168Z [command]/usr/bin/git remote add origin https://github.com/yyl1212/math_master
verify	Run actions/checkout@3d3c42e5aac5ba805825da76410c181273ba90b1	2026-10-04T07:09:14.9016540Z ##[endgroup]
verify	Run actions/checkout@3d3c42e5aac5ba805825da76410c181273ba90b1	2026-10-04T07:09:14.9017163Z ##[group]Disabling automatic garbage collection
verify	Run actions/checkout@3d3c42e5aac5ba805825da76410c181273ba90b1	2026-10-04T07:09:14.9020555Z [command]/usr/bin/git config --local gc.auto 0
verify	Run actions/checkout@3d3c42e5aac5ba805825da76410c181273ba90b1	2026-10-04T07:09:14.9058454Z ##[endgroup]
verify	Run actions/checkout@3d3c42e5aac5ba805825da76410c181273ba90b1	2026-10-04T07:09:14.9059399Z ##[group]Setting up auth
verify	Run actions/checkout@3d3c42e5aac5ba805825da76410c181273ba90b1	2026-10-04T07:09:14.9060089Z Removing SSH command configuration
verify	Run actions/checkout@3d3c42e5aac5ba805825da76410c181273ba90b1	2026-10-04T07:09:14.9070537Z [command]/usr/bin/git config --local --name-only --get-regexp core\.sshCommand
verify	Run actions/checkout@3d3c42e5aac5ba805825da76410c181273ba90b1	2026-10-04T07:09:14.9104461Z [command]/usr/bin/git submodule foreach --recursive sh -c "git config --local --name-only --get-regexp 'core\.sshCommand' && git config --local --unset-all 'core.sshCommand' || :"
verify	Run actions/checkout@3d3c42e5aac5ba805825da76410c181273ba90b1	2026-10-04T07:09:14.9495910Z Removing HTTP extra header
verify	Run actions/checkout@3d3c42e5aac5ba805825da76410c181273ba90b1	2026-10-04T07:09:14.9501852Z [command]/usr/bin/git config --local --name-only --get-regexp http\.https\:\/\/github\.com\/\.extraheader
verify	Run actions/checkout@3d3c42e5aac5ba805825da76410c181273ba90b1	2026-10-04T07:09:14.9536257Z [command]/usr/bin/git submodule foreach --recursive sh -c "git config --local --name-only --get-regexp 'http\.https\:\/\/github\.com\/\.extraheader' && git config --local --unset-all 'http.https://github.com/.extraheader' || :"
verify	Run actions/checkout@3d3c42e5aac5ba805825da76410c181273ba90b1	2026-10-04T07:09:14.9755568Z Removing includeIf entries pointing to credentials config files
verify	Run actions/checkout@3d3c42e5aac5ba805825da76410c181273ba90b1	2026-10-04T07:09:14.9761404Z [command]/usr/bin/git config --local --name-only --get-regexp ^includeIf\.gitdir:
verify	Run actions/checkout@3d3c42e5aac5ba805825da76410c181273ba90b1	2026-10-04T07:09:14.9796712Z [command]/usr/bin/git submodule foreach --recursive git config --local --show-origin --name-only --get-regexp remote.origin.url
verify	Run actions/checkout@3d3c42e5aac5ba805825da76410c181273ba90b1	2026-10-04T07:09:15.0030629Z [command]/usr/bin/git config --file /home/runner/work/_temp/git-credentials-041e014c-2849-4dfc-82c6-4e25dcd73637.config http.https://github.com/.extraheader AUTHORIZATION: basic ***
verify	Run actions/checkout@3d3c42e5aac5ba805825da76410c181273ba90b1	2026-10-04T07:09:15.0070881Z [command]/usr/bin/git config --local includeIf.gitdir:/home/runner/work/math_master/math_master/.git.path /home/runner/work/_temp/git-credentials-041e014c-2849-4dfc-82c6-4e25dcd73637.config
verify	Run actions/checkout@3d3c42e5aac5ba805825da76410c181273ba90b1	2026-10-04T07:09:15.0104229Z [command]/usr/bin/git config --local includeIf.gitdir:/home/runner/work/math_master/math_master/.git/worktrees/*.path /home/runner/work/_temp/git-credentials-041e014c-2849-4dfc-82c6-4e25dcd73637.config
verify	Run actions/checkout@3d3c42e5aac5ba805825da76410c181273ba90b1	2026-10-04T07:09:15.0141507Z [command]/usr/bin/git config --local includeIf.gitdir:/github/workspace/.git.path /github/runner_temp/git-credentials-041e014c-2849-4dfc-82c6-4e25dcd73637.config
verify	Run actions/checkout@3d3c42e5aac5ba805825da76410c181273ba90b1	2026-10-04T07:09:15.0175997Z [command]/usr/bin/git config --local includeIf.gitdir:/github/workspace/.git/worktrees/*.path /github/runner_temp/git-credentials-041e014c-2849-4dfc-82c6-4e25dcd73637.config
verify	Run actions/checkout@3d3c42e5aac5ba805825da76410c181273ba90b1	2026-10-04T07:09:15.0206535Z ##[endgroup]
verify	Run actions/checkout@3d3c42e5aac5ba805825da76410c181273ba90b1	2026-10-04T07:09:15.0207043Z ##[group]Fetching the repository
verify	Run actions/checkout@3d3c42e5aac5ba805825da76410c181273ba90b1	2026-10-04T07:09:15.0213384Z [command]/usr/bin/git -c protocol.version=2 fetch --no-tags --prune --no-recurse-submodules --depth=1 origin +fca745e0b41fa9865162ace67af2da80243a4cdd:refs/remotes/origin/codex/p6a-content-preparation
verify	Run actions/checkout@3d3c42e5aac5ba805825da76410c181273ba90b1	2026-10-04T07:09:15.8286010Z From https://github.com/yyl1212/math_master
verify	Run actions/checkout@3d3c42e5aac5ba805825da76410c181273ba90b1	2026-10-04T07:09:15.8287091Z  * [new ref]         fca745e0b41fa9865162ace67af2da80243a4cdd -> origin/codex/p6a-content-preparation
verify	Run actions/checkout@3d3c42e5aac5ba805825da76410c181273ba90b1	2026-10-04T07:09:15.8296340Z [command]/usr/bin/git branch --list --remote origin/codex/p6a-content-preparation
verify	Run actions/checkout@3d3c42e5aac5ba805825da76410c181273ba90b1	2026-10-04T07:09:15.8325191Z   origin/codex/p6a-content-preparation
verify	Run actions/checkout@3d3c42e5aac5ba805825da76410c181273ba90b1	2026-10-04T07:09:15.8333695Z [command]/usr/bin/git rev-parse refs/remotes/origin/codex/p6a-content-preparation
verify	Run actions/checkout@3d3c42e5aac5ba805825da76410c181273ba90b1	2026-10-04T07:09:15.8360170Z fca745e0b41fa9865162ace67af2da80243a4cdd
verify	Run actions/checkout@3d3c42e5aac5ba805825da76410c181273ba90b1	2026-10-04T07:09:15.8364327Z ##[endgroup]
verify	Run actions/checkout@3d3c42e5aac5ba805825da76410c181273ba90b1	2026-10-04T07:09:15.8364713Z ##[group]Determining the checkout info
verify	Run actions/checkout@3d3c42e5aac5ba805825da76410c181273ba90b1	2026-10-04T07:09:15.8365418Z ##[endgroup]
verify	Run actions/checkout@3d3c42e5aac5ba805825da76410c181273ba90b1	2026-10-04T07:09:15.8380440Z [command]/usr/bin/git sparse-checkout disable
verify	Run actions/checkout@3d3c42e5aac5ba805825da76410c181273ba90b1	2026-10-04T07:09:15.8427364Z [command]/usr/bin/git config --local --unset-all extensions.worktreeConfig
verify	Run actions/checkout@3d3c42e5aac5ba805825da76410c181273ba90b1	2026-10-04T07:09:15.8462587Z ##[group]Checking out the ref
verify	Run actions/checkout@3d3c42e5aac5ba805825da76410c181273ba90b1	2026-10-04T07:09:15.8467270Z [command]/usr/bin/git checkout --progress --force -B codex/p6a-content-preparation refs/remotes/origin/codex/p6a-content-preparation
verify	Run actions/checkout@3d3c42e5aac5ba805825da76410c181273ba90b1	2026-10-04T07:09:16.0240044Z Switched to a new branch 'codex/p6a-content-preparation'
verify	Run actions/checkout@3d3c42e5aac5ba805825da76410c181273ba90b1	2026-10-04T07:09:16.0245906Z branch 'codex/p6a-content-preparation' set up to track 'origin/codex/p6a-content-preparation'.
verify	Run actions/checkout@3d3c42e5aac5ba805825da76410c181273ba90b1	2026-10-04T07:09:16.0259302Z ##[endgroup]
verify	Run actions/checkout@3d3c42e5aac5ba805825da76410c181273ba90b1	2026-10-04T07:09:16.0315671Z [command]/usr/bin/git log -1 --format=%H
verify	Run actions/checkout@3d3c42e5aac5ba805825da76410c181273ba90b1	2026-10-04T07:09:16.0345053Z fca745e0b41fa9865162ace67af2da80243a4cdd
verify	Run actions/setup-node@820762786026740c76f36085b0efc47a31fe5020	﻿2026-10-04T07:09:16.0602452Z ##[group]Run actions/setup-node@820762786026740c76f36085b0efc47a31fe5020
verify	Run actions/setup-node@820762786026740c76f36085b0efc47a31fe5020	2026-10-04T07:09:16.0602885Z with:
verify	Run actions/setup-node@820762786026740c76f36085b0efc47a31fe5020	2026-10-04T07:09:16.0603094Z   node-version: 24.17.0
verify	Run actions/setup-node@820762786026740c76f36085b0efc47a31fe5020	2026-10-04T07:09:16.0603322Z   cache: npm
verify	Run actions/setup-node@820762786026740c76f36085b0efc47a31fe5020	2026-10-04T07:09:16.0603571Z   cache-dependency-path: frontend/package-lock.json
verify	Run actions/setup-node@820762786026740c76f36085b0efc47a31fe5020	2026-10-04T07:09:16.0603890Z   check-latest: false
verify	Run actions/setup-node@820762786026740c76f36085b0efc47a31fe5020	2026-10-04T07:09:16.0606409Z   token: ***
verify	Run actions/setup-node@820762786026740c76f36085b0efc47a31fe5020	2026-10-04T07:09:16.0606640Z   package-manager-cache: true
verify	Run actions/setup-node@820762786026740c76f36085b0efc47a31fe5020	2026-10-04T07:09:16.0606885Z env:
verify	Run actions/setup-node@820762786026740c76f36085b0efc47a31fe5020	2026-10-04T07:09:16.0607061Z   CGO_ENABLED: 0
verify	Run actions/setup-node@820762786026740c76f36085b0efc47a31fe5020	2026-10-04T07:09:16.0607285Z   GOTOOLCHAIN: go1.27.1
verify	Run actions/setup-node@820762786026740c76f36085b0efc47a31fe5020	2026-10-04T07:09:16.0607508Z   NEXT_TELEMETRY_DISABLED: 1
verify	Run actions/setup-node@820762786026740c76f36085b0efc47a31fe5020	2026-10-04T07:09:16.0632465Z   TEST_DATABASE_URL: ***127.0.0.1:5432/math_master_test_ci?sslmode=disable
verify	Run actions/setup-node@820762786026740c76f36085b0efc47a31fe5020	2026-10-04T07:09:16.0632929Z ##[endgroup]
verify	Run actions/setup-node@820762786026740c76f36085b0efc47a31fe5020	2026-10-04T07:09:16.1832825Z Attempting to download 24.17.0...
verify	Run actions/setup-node@820762786026740c76f36085b0efc47a31fe5020	2026-10-04T07:09:16.6648066Z Acquiring 24.17.0 - x64 from https://github.com/actions/node-versions/releases/download/24.17.0-27765711116/node-24.17.0-linux-x64.tar.gz
verify	Run actions/setup-node@820762786026740c76f36085b0efc47a31fe5020	2026-10-04T07:09:17.3794815Z Extracting ...
verify	Run actions/setup-node@820762786026740c76f36085b0efc47a31fe5020	2026-10-04T07:09:17.3931147Z [command]/usr/bin/tar xz --strip 1 --warning=no-unknown-keyword --overwrite -C /home/runner/work/_temp/e8d78d2f-6c1c-4dc0-804e-0ba4515a3ede -f /home/runner/work/_temp/50688cd8-5281-4bcc-a96d-714d1fabb8a1
verify	Run actions/setup-node@820762786026740c76f36085b0efc47a31fe5020	2026-10-04T07:09:18.6308313Z Adding to the cache ...
verify	Run actions/setup-node@820762786026740c76f36085b0efc47a31fe5020	2026-10-04T07:09:20.6928451Z ##[group]Environment details
verify	Run actions/setup-node@820762786026740c76f36085b0efc47a31fe5020	2026-10-04T07:09:20.9439252Z node: v24.17.0
verify	Run actions/setup-node@820762786026740c76f36085b0efc47a31fe5020	2026-10-04T07:09:20.9440177Z npm: 11.13.0
verify	Run actions/setup-node@820762786026740c76f36085b0efc47a31fe5020	2026-10-04T07:09:20.9440567Z yarn: 1.22.22
verify	Run actions/setup-node@820762786026740c76f36085b0efc47a31fe5020	2026-10-04T07:09:20.9441393Z ##[endgroup]
verify	Run actions/setup-node@820762786026740c76f36085b0efc47a31fe5020	2026-10-04T07:09:20.9460172Z [command]/opt/hostedtoolcache/node/24.17.0/x64/bin/npm config get cache
verify	Run actions/setup-node@820762786026740c76f36085b0efc47a31fe5020	2026-10-04T07:09:21.0385493Z /home/runner/.npm
verify	Run actions/setup-node@820762786026740c76f36085b0efc47a31fe5020	2026-10-04T07:09:21.1131106Z Cache hit for: node-cache-Linux-x64-npm-4b8bf646bdd8d719a125ff7a8482f3afbc87c55a97a657fd0df13d2ed946909b
verify	Run actions/setup-node@820762786026740c76f36085b0efc47a31fe5020	2026-10-04T07:09:21.6899783Z Received 119916668 of 119916668 (100.0%), 213.0 MBs/sec
verify	Run actions/setup-node@820762786026740c76f36085b0efc47a31fe5020	2026-10-04T07:09:21.6901367Z Cache Size: ~114 MB (119916668 B)
verify	Run actions/setup-node@820762786026740c76f36085b0efc47a31fe5020	2026-10-04T07:09:21.7003900Z [command]/usr/bin/tar -xf /home/runner/work/_temp/efb7327c-bcd8-4eab-be47-133e0112a0af/cache.tzst -P -C /home/runner/work/math_master/math_master --use-compress-program unzstd
verify	Run actions/setup-node@820762786026740c76f36085b0efc47a31fe5020	2026-10-04T07:09:21.8953507Z Cache restored successfully
verify	Run actions/setup-node@820762786026740c76f36085b0efc47a31fe5020	2026-10-04T07:09:21.9013065Z Cache restored from key: node-cache-Linux-x64-npm-4b8bf646bdd8d719a125ff7a8482f3afbc87c55a97a657fd0df13d2ed946909b
verify	Run actions/setup-go@b7ad1dad31e06c5925ef5d2fc7ad053ef454303e	﻿2026-10-04T07:09:21.9208063Z ##[group]Run actions/setup-go@b7ad1dad31e06c5925ef5d2fc7ad053ef454303e
verify	Run actions/setup-go@b7ad1dad31e06c5925ef5d2fc7ad053ef454303e	2026-10-04T07:09:21.9208500Z with:
verify	Run actions/setup-go@b7ad1dad31e06c5925ef5d2fc7ad053ef454303e	2026-10-04T07:09:21.9208867Z   go-version: 1.27.1
verify	Run actions/setup-go@b7ad1dad31e06c5925ef5d2fc7ad053ef454303e	2026-10-04T07:09:21.9209119Z   cache-dependency-path: backend/go.sum
verify	Run actions/setup-go@b7ad1dad31e06c5925ef5d2fc7ad053ef454303e	2026-10-04T07:09:21.9209413Z   check-latest: false
verify	Run actions/setup-go@b7ad1dad31e06c5925ef5d2fc7ad053ef454303e	2026-10-04T07:09:21.9212301Z   token: ***
verify	Run actions/setup-go@b7ad1dad31e06c5925ef5d2fc7ad053ef454303e	2026-10-04T07:09:21.9212511Z   cache: true
verify	Run actions/setup-go@b7ad1dad31e06c5925ef5d2fc7ad053ef454303e	2026-10-04T07:09:21.9212704Z env:
verify	Run actions/setup-go@b7ad1dad31e06c5925ef5d2fc7ad053ef454303e	2026-10-04T07:09:21.9212884Z   CGO_ENABLED: 0
verify	Run actions/setup-go@b7ad1dad31e06c5925ef5d2fc7ad053ef454303e	2026-10-04T07:09:21.9213097Z   GOTOOLCHAIN: go1.27.1
verify	Run actions/setup-go@b7ad1dad31e06c5925ef5d2fc7ad053ef454303e	2026-10-04T07:09:21.9213332Z   NEXT_TELEMETRY_DISABLED: 1
verify	Run actions/setup-go@b7ad1dad31e06c5925ef5d2fc7ad053ef454303e	2026-10-04T07:09:21.9213838Z   TEST_DATABASE_URL: ***127.0.0.1:5432/math_master_test_ci?sslmode=disable
verify	Run actions/setup-go@b7ad1dad31e06c5925ef5d2fc7ad053ef454303e	2026-10-04T07:09:21.9214215Z ##[endgroup]
verify	Run actions/setup-go@b7ad1dad31e06c5925ef5d2fc7ad053ef454303e	2026-10-04T07:09:22.0360203Z Setup go version spec 1.27.1
verify	Run actions/setup-go@b7ad1dad31e06c5925ef5d2fc7ad053ef454303e	2026-10-04T07:09:22.0364018Z Attempting to download 1.27.1...
verify	Run actions/setup-go@b7ad1dad31e06c5925ef5d2fc7ad053ef454303e	2026-10-04T07:09:22.4550971Z matching 1.27.1...
verify	Run actions/setup-go@b7ad1dad31e06c5925ef5d2fc7ad053ef454303e	2026-10-04T07:09:22.4576029Z Acquiring 1.27.1 from https://github.com/actions/go-versions/releases/download/1.27.1-33583469715/go-1.27.1-linux-x64.tar.gz
verify	Run actions/setup-go@b7ad1dad31e06c5925ef5d2fc7ad053ef454303e	2026-10-04T07:09:22.8706378Z Extracting Go...
verify	Run actions/setup-go@b7ad1dad31e06c5925ef5d2fc7ad053ef454303e	2026-10-04T07:09:22.8836938Z [command]/usr/bin/tar xz --warning=no-unknown-keyword --overwrite -C /home/runner/work/_temp/18fe9c82-8f8c-44f4-8e64-8a4620b63b38 -f /home/runner/work/_temp/193dee3f-0c1c-4997-a752-38fce5251217
verify	Run actions/setup-go@b7ad1dad31e06c5925ef5d2fc7ad053ef454303e	2026-10-04T07:09:24.5682588Z Successfully extracted go to /home/runner/work/_temp/18fe9c82-8f8c-44f4-8e64-8a4620b63b38
verify	Run actions/setup-go@b7ad1dad31e06c5925ef5d2fc7ad053ef454303e	2026-10-04T07:09:24.5683445Z Adding to the cache ...
verify	Run actions/setup-go@b7ad1dad31e06c5925ef5d2fc7ad053ef454303e	2026-10-04T07:09:30.4993344Z Successfully cached go to /opt/hostedtoolcache/go/1.27.1/x64
verify	Run actions/setup-go@b7ad1dad31e06c5925ef5d2fc7ad053ef454303e	2026-10-04T07:09:30.4995651Z Added go to the path
verify	Run actions/setup-go@b7ad1dad31e06c5925ef5d2fc7ad053ef454303e	2026-10-04T07:09:30.5001796Z Successfully set up Go version 1.27.1
verify	Run actions/setup-go@b7ad1dad31e06c5925ef5d2fc7ad053ef454303e	2026-10-04T07:09:30.5215955Z [command]/opt/hostedtoolcache/go/1.27.1/x64/bin/go env GOMODCACHE
verify	Run actions/setup-go@b7ad1dad31e06c5925ef5d2fc7ad053ef454303e	2026-10-04T07:09:30.5272773Z [command]/opt/hostedtoolcache/go/1.27.1/x64/bin/go env GOCACHE
verify	Run actions/setup-go@b7ad1dad31e06c5925ef5d2fc7ad053ef454303e	2026-10-04T07:09:30.5311274Z /home/runner/go/pkg/mod
verify	Run actions/setup-go@b7ad1dad31e06c5925ef5d2fc7ad053ef454303e	2026-10-04T07:09:30.5313730Z /home/runner/.cache/go-build
verify	Run actions/setup-go@b7ad1dad31e06c5925ef5d2fc7ad053ef454303e	2026-10-04T07:09:30.6033337Z Cache hit for: setup-go-Linux-x64-ubuntu24-go-1.27.1-6f926d71642f0f7c618aaf48183d120ae01c676eeeea6094ca09a10a0292f233
verify	Run actions/setup-go@b7ad1dad31e06c5925ef5d2fc7ad053ef454303e	2026-10-04T07:09:31.0043955Z Received 65855688 of 65855688 (100.0%), 179.4 MBs/sec
verify	Run actions/setup-go@b7ad1dad31e06c5925ef5d2fc7ad053ef454303e	2026-10-04T07:09:31.0044790Z Cache Size: ~63 MB (65855688 B)
verify	Run actions/setup-go@b7ad1dad31e06c5925ef5d2fc7ad053ef454303e	2026-10-04T07:09:31.0078138Z [command]/usr/bin/tar -xf /home/runner/work/_temp/c3dd1db0-f010-44a1-b974-8af099ba0e03/cache.tzst -P -C /home/runner/work/math_master/math_master --use-compress-program unzstd
verify	Run actions/setup-go@b7ad1dad31e06c5925ef5d2fc7ad053ef454303e	2026-10-04T07:09:31.6317487Z Cache restored successfully
verify	Run actions/setup-go@b7ad1dad31e06c5925ef5d2fc7ad053ef454303e	2026-10-04T07:09:31.6361986Z Cache restored from key: setup-go-Linux-x64-ubuntu24-go-1.27.1-6f926d71642f0f7c618aaf48183d120ae01c676eeeea6094ca09a10a0292f233
verify	Run actions/setup-go@b7ad1dad31e06c5925ef5d2fc7ad053ef454303e	2026-10-04T07:09:31.6367575Z go version go1.27.1 linux/amd64
verify	Run actions/setup-go@b7ad1dad31e06c5925ef5d2fc7ad053ef454303e	2026-10-04T07:09:31.6367970Z 
verify	Run actions/setup-go@b7ad1dad31e06c5925ef5d2fc7ad053ef454303e	2026-10-04T07:09:31.6368657Z ##[group]go env
verify	Run actions/setup-go@b7ad1dad31e06c5925ef5d2fc7ad053ef454303e	2026-10-04T07:09:31.6533289Z AR='ar'
verify	Run actions/setup-go@b7ad1dad31e06c5925ef5d2fc7ad053ef454303e	2026-10-04T07:09:31.6533714Z CC='gcc'
verify	Run actions/setup-go@b7ad1dad31e06c5925ef5d2fc7ad053ef454303e	2026-10-04T07:09:31.6534125Z CGO_CFLAGS='-O2 -g'
verify	Run actions/setup-go@b7ad1dad31e06c5925ef5d2fc7ad053ef454303e	2026-10-04T07:09:31.6534538Z CGO_CPPFLAGS=''
verify	Run actions/setup-go@b7ad1dad31e06c5925ef5d2fc7ad053ef454303e	2026-10-04T07:09:31.6535020Z CGO_CXXFLAGS='-O2 -g'
verify	Run actions/setup-go@b7ad1dad31e06c5925ef5d2fc7ad053ef454303e	2026-10-04T07:09:31.6535423Z CGO_ENABLED='0'
verify	Run actions/setup-go@b7ad1dad31e06c5925ef5d2fc7ad053ef454303e	2026-10-04T07:09:31.6535853Z CGO_FFLAGS='-O2 -g'
verify	Run actions/setup-go@b7ad1dad31e06c5925ef5d2fc7ad053ef454303e	2026-10-04T07:09:31.6536267Z CGO_LDFLAGS='-O2 -g'
verify	Run actions/setup-go@b7ad1dad31e06c5925ef5d2fc7ad053ef454303e	2026-10-04T07:09:31.6536653Z CXX='g++'
verify	Run actions/setup-go@b7ad1dad31e06c5925ef5d2fc7ad053ef454303e	2026-10-04T07:09:31.6537066Z GCCGO='gccgo'
verify	Run actions/setup-go@b7ad1dad31e06c5925ef5d2fc7ad053ef454303e	2026-10-04T07:09:31.6537428Z GO111MODULE=''
verify	Run actions/setup-go@b7ad1dad31e06c5925ef5d2fc7ad053ef454303e	2026-10-04T07:09:31.6537798Z GOAMD64='v1'
verify	Run actions/setup-go@b7ad1dad31e06c5925ef5d2fc7ad053ef454303e	2026-10-04T07:09:31.6538153Z GOARCH='amd64'
verify	Run actions/setup-go@b7ad1dad31e06c5925ef5d2fc7ad053ef454303e	2026-10-04T07:09:31.6538515Z GOAUTH='netrc'
verify	Run actions/setup-go@b7ad1dad31e06c5925ef5d2fc7ad053ef454303e	2026-10-04T07:09:31.6538931Z GOBIN='/home/runner/go/bin'
verify	Run actions/setup-go@b7ad1dad31e06c5925ef5d2fc7ad053ef454303e	2026-10-04T07:09:31.6539506Z GOCACHE='/home/runner/.cache/go-build'
verify	Run actions/setup-go@b7ad1dad31e06c5925ef5d2fc7ad053ef454303e	2026-10-04T07:09:31.6540526Z GOCACHEPROG=''
verify	Run actions/setup-go@b7ad1dad31e06c5925ef5d2fc7ad053ef454303e	2026-10-04T07:09:31.6540934Z GODEBUG=''
verify	Run actions/setup-go@b7ad1dad31e06c5925ef5d2fc7ad053ef454303e	2026-10-04T07:09:31.6541411Z GOENV='/home/runner/.config/go/env'
verify	Run actions/setup-go@b7ad1dad31e06c5925ef5d2fc7ad053ef454303e	2026-10-04T07:09:31.6541899Z GOEXE=''
verify	Run actions/setup-go@b7ad1dad31e06c5925ef5d2fc7ad053ef454303e	2026-10-04T07:09:31.6542261Z GOEXPERIMENT=''
verify	Run actions/setup-go@b7ad1dad31e06c5925ef5d2fc7ad053ef454303e	2026-10-04T07:09:31.6542652Z GOFIPS140='off'
verify	Run actions/setup-go@b7ad1dad31e06c5925ef5d2fc7ad053ef454303e	2026-10-04T07:09:31.6543018Z GOFLAGS=''
verify	Run actions/setup-go@b7ad1dad31e06c5925ef5d2fc7ad053ef454303e	2026-10-04T07:09:31.6544377Z GOGCCFLAGS='-fPIC -m64 -Wl,--no-gc-sections -fmessage-length=0 -ffile-prefix-map=/tmp/go-build409749803=/tmp/go-build -gno-record-gcc-switches'
verify	Run actions/setup-go@b7ad1dad31e06c5925ef5d2fc7ad053ef454303e	2026-10-04T07:09:31.6545540Z GOHOSTARCH='amd64'
verify	Run actions/setup-go@b7ad1dad31e06c5925ef5d2fc7ad053ef454303e	2026-10-04T07:09:31.6546248Z GOHOSTOS='linux'
verify	Run actions/setup-go@b7ad1dad31e06c5925ef5d2fc7ad053ef454303e	2026-10-04T07:09:31.6546626Z GOINSECURE=''
verify	Run actions/setup-go@b7ad1dad31e06c5925ef5d2fc7ad053ef454303e	2026-10-04T07:09:31.6547018Z GOMOD='/dev/null'
verify	Run actions/setup-go@b7ad1dad31e06c5925ef5d2fc7ad053ef454303e	2026-10-04T07:09:31.6547700Z GOMODCACHE='/home/runner/go/pkg/mod'
verify	Run actions/setup-go@b7ad1dad31e06c5925ef5d2fc7ad053ef454303e	2026-10-04T07:09:31.6548187Z GONOPROXY=''
verify	Run actions/setup-go@b7ad1dad31e06c5925ef5d2fc7ad053ef454303e	2026-10-04T07:09:31.6548537Z GONOSUMDB=''
verify	Run actions/setup-go@b7ad1dad31e06c5925ef5d2fc7ad053ef454303e	2026-10-04T07:09:31.6548878Z GOOS='linux'
verify	Run actions/setup-go@b7ad1dad31e06c5925ef5d2fc7ad053ef454303e	2026-10-04T07:09:31.6549269Z GOPACKAGESDRIVER=''
verify	Run actions/setup-go@b7ad1dad31e06c5925ef5d2fc7ad053ef454303e	2026-10-04T07:09:31.6549917Z GOPATH='/home/runner/go'
verify	Run actions/setup-go@b7ad1dad31e06c5925ef5d2fc7ad053ef454303e	2026-10-04T07:09:31.6550387Z GOPRIVATE=''
verify	Run actions/setup-go@b7ad1dad31e06c5925ef5d2fc7ad053ef454303e	2026-10-04T07:09:31.6550930Z GOPROXY='https://proxy.golang.org,direct'
verify	Run actions/setup-go@b7ad1dad31e06c5925ef5d2fc7ad053ef454303e	2026-10-04T07:09:31.6551647Z GOROOT='/opt/hostedtoolcache/go/1.27.1/x64'
verify	Run actions/setup-go@b7ad1dad31e06c5925ef5d2fc7ad053ef454303e	2026-10-04T07:09:31.6552209Z GOSUMDB='sum.golang.org'
verify	Run actions/setup-go@b7ad1dad31e06c5925ef5d2fc7ad053ef454303e	2026-10-04T07:09:31.6552665Z GOTELEMETRY='local'
verify	Run actions/setup-go@b7ad1dad31e06c5925ef5d2fc7ad053ef454303e	2026-10-04T07:09:31.6553248Z GOTELEMETRYDIR='/home/runner/.config/go/telemetry'
verify	Run actions/setup-go@b7ad1dad31e06c5925ef5d2fc7ad053ef454303e	2026-10-04T07:09:31.6553797Z GOTMPDIR=''
verify	Run actions/setup-go@b7ad1dad31e06c5925ef5d2fc7ad053ef454303e	2026-10-04T07:09:31.6554183Z GOTOOLCHAIN='local'
verify	Run actions/setup-go@b7ad1dad31e06c5925ef5d2fc7ad053ef454303e	2026-10-04T07:09:31.6554891Z GOTOOLDIR='/opt/hostedtoolcache/go/1.27.1/x64/pkg/tool/linux_amd64'
verify	Run actions/setup-go@b7ad1dad31e06c5925ef5d2fc7ad053ef454303e	2026-10-04T07:09:31.6555579Z GOVCS=''
verify	Run actions/setup-go@b7ad1dad31e06c5925ef5d2fc7ad053ef454303e	2026-10-04T07:09:31.6555963Z GOVERSION='go1.27.1'
verify	Run actions/setup-go@b7ad1dad31e06c5925ef5d2fc7ad053ef454303e	2026-10-04T07:09:31.6556351Z GOWORK=''
verify	Run actions/setup-go@b7ad1dad31e06c5925ef5d2fc7ad053ef454303e	2026-10-04T07:09:31.6556747Z PKG_CONFIG='pkg-config'
verify	Run actions/setup-go@b7ad1dad31e06c5925ef5d2fc7ad053ef454303e	2026-10-04T07:09:31.6557012Z 
verify	Run actions/setup-go@b7ad1dad31e06c5925ef5d2fc7ad053ef454303e	2026-10-04T07:09:31.6557465Z ##[endgroup]
verify	安装锁定依赖	﻿2026-10-04T07:09:31.6786491Z ##[group]Run node tools/verify/run.mjs --cwd frontend -- npm ci
verify	安装锁定依赖	2026-10-04T07:09:31.6787051Z ^[[36;1mnode tools/verify/run.mjs --cwd frontend -- npm ci^[[0m
verify	安装锁定依赖	2026-10-04T07:09:31.7032067Z shell: /usr/bin/bash -e {0}
verify	安装锁定依赖	2026-10-04T07:09:31.7032389Z env:
verify	安装锁定依赖	2026-10-04T07:09:31.7032622Z   CGO_ENABLED: 0
verify	安装锁定依赖	2026-10-04T07:09:31.7032879Z   GOTOOLCHAIN: local
verify	安装锁定依赖	2026-10-04T07:09:31.7033161Z   NEXT_TELEMETRY_DISABLED: 1
verify	安装锁定依赖	2026-10-04T07:09:31.7033880Z   TEST_DATABASE_URL: ***127.0.0.1:5432/math_master_test_ci?sslmode=disable
verify	安装锁定依赖	2026-10-04T07:09:31.7034340Z ##[endgroup]
verify	安装锁定依赖	2026-10-04T07:09:41.0821071Z 
verify	安装锁定依赖	2026-10-04T07:09:41.0822050Z added 251 packages, and audited 252 packages in 9s
verify	安装锁定依赖	2026-10-04T07:09:41.0822883Z 
verify	安装锁定依赖	2026-10-04T07:09:41.0824217Z 119 packages are looking for funding
verify	安装锁定依赖	2026-10-04T07:09:41.0825169Z   run `npm fund` for details
verify	安装锁定依赖	2026-10-04T07:09:41.0836184Z 
verify	安装锁定依赖	2026-10-04T07:09:41.0836519Z found 0 vulnerabilities
verify	检查公开与账户契约类型	﻿2026-10-04T07:09:41.1909363Z ##[group]Run node tools/verify/run.mjs --cwd frontend -- npm run api:generate
verify	检查公开与账户契约类型	2026-10-04T07:09:41.1910497Z ^[[36;1mnode tools/verify/run.mjs --cwd frontend -- npm run api:generate^[[0m
verify	检查公开与账户契约类型	2026-10-04T07:09:41.1911116Z ^[[36;1mgit diff --exit-code -- frontend/src/lib/api/generated.d.ts^[[0m
verify	检查公开与账户契约类型	2026-10-04T07:09:41.1987002Z shell: /usr/bin/bash -e {0}
verify	检查公开与账户契约类型	2026-10-04T07:09:41.1987441Z env:
verify	检查公开与账户契约类型	2026-10-04T07:09:41.1987776Z   CGO_ENABLED: 0
verify	检查公开与账户契约类型	2026-10-04T07:09:41.1988167Z   GOTOOLCHAIN: local
verify	检查公开与账户契约类型	2026-10-04T07:09:41.1988564Z   NEXT_TELEMETRY_DISABLED: 1
verify	检查公开与账户契约类型	2026-10-04T07:09:41.1989778Z   TEST_DATABASE_URL: ***127.0.0.1:5432/math_master_test_ci?sslmode=disable
verify	检查公开与账户契约类型	2026-10-04T07:09:41.1990447Z ##[endgroup]
verify	检查公开与账户契约类型	2026-10-04T07:09:41.3807307Z 
verify	检查公开与账户契约类型	2026-10-04T07:09:41.3808130Z > math-master-frontend@0.1.0 api:generate
verify	检查公开与账户契约类型	2026-10-04T07:09:41.3809365Z > openapi-typescript ../api/openapi.yaml -o src/lib/api/generated.d.ts
verify	检查公开与账户契约类型	2026-10-04T07:09:41.3810213Z 
verify	检查公开与账户契约类型	2026-10-04T07:09:41.8962286Z ✨ openapi-typescript 7.13.0
verify	检查公开与账户契约类型	2026-10-04T07:09:42.4975186Z 🚀 ../api/openapi.yaml → src/lib/api/generated.d.ts [604.1ms]
verify	类型与单元验证	﻿2026-10-04T07:09:42.5601748Z ##[group]Run node tools/verify/run.mjs --cwd frontend -- npm run typecheck
verify	类型与单元验证	2026-10-04T07:09:42.5602343Z ^[[36;1mnode tools/verify/run.mjs --cwd frontend -- npm run typecheck^[[0m
verify	类型与单元验证	2026-10-04T07:09:42.5602805Z ^[[36;1mnode tools/verify/run.mjs --cwd frontend -- npm test^[[0m
verify	类型与单元验证	2026-10-04T07:09:42.5666213Z shell: /usr/bin/bash -e {0}
verify	类型与单元验证	2026-10-04T07:09:42.5666487Z env:
verify	类型与单元验证	2026-10-04T07:09:42.5666679Z   CGO_ENABLED: 0
verify	类型与单元验证	2026-10-04T07:09:42.5666911Z   GOTOOLCHAIN: local
verify	类型与单元验证	2026-10-04T07:09:42.5667148Z   NEXT_TELEMETRY_DISABLED: 1
verify	类型与单元验证	2026-10-04T07:09:42.5667760Z   TEST_DATABASE_URL: ***127.0.0.1:5432/math_master_test_ci?sslmode=disable
verify	类型与单元验证	2026-10-04T07:09:42.5668145Z ##[endgroup]
verify	类型与单元验证	2026-10-04T07:09:42.7260467Z 
verify	类型与单元验证	2026-10-04T07:09:42.7261156Z > math-master-frontend@0.1.0 typecheck
verify	类型与单元验证	2026-10-04T07:09:42.7261924Z > tsc --noEmit
verify	类型与单元验证	2026-10-04T07:09:42.7262176Z 
verify	类型与单元验证	2026-10-04T07:09:50.9538127Z 
verify	类型与单元验证	2026-10-04T07:09:50.9539065Z > math-master-frontend@0.1.0 test
verify	类型与单元验证	2026-10-04T07:09:50.9540017Z > vitest run
verify	类型与单元验证	2026-10-04T07:09:50.9540657Z 
verify	类型与单元验证	2026-10-04T07:09:51.2480220Z 
verify	类型与单元验证	2026-10-04T07:09:51.2484451Z ^[[1m^[[30m^[[46m RUN ^[[49m^[[39m^[[22m ^[[36mv5.0.3 ^[[39m^[[90m/home/runner/work/math_master/math_master/frontend^[[39m
verify	类型与单元验证	2026-10-04T07:09:51.2485270Z 
verify	类型与单元验证	2026-10-04T07:09:53.5205520Z  ^[[32m✓^[[39m src/features/correction/review-regressions.test.tsx ^[[2m(^[[22m^[[2m9 tests^[[22m^[[2m)^[[22m^[[33m 663^[[2mms^[[22m^[[39m
verify	类型与单元验证	2026-10-04T07:09:53.7600490Z  ^[[32m✓^[[39m src/features/feedback/review-regressions.test.tsx ^[[2m(^[[22m^[[2m8 tests^[[22m^[[2m)^[[22m^[[33m 881^[[2mms^[[22m^[[39m
verify	类型与单元验证	2026-10-04T07:09:53.7602728Z    ^[[33m^[[2m✓^[[22m^[[39m atomically removes the old private draft before a silent SSR account change is verified^[[33m 320^[[2mms^[[22m^[[39m
verify	类型与单元验证	2026-10-04T07:09:53.8213008Z  ^[[32m✓^[[39m src/features/correction/correction.test.tsx ^[[2m(^[[22m^[[2m8 tests^[[22m^[[2m)^[[22m^[[33m 740^[[2mms^[[22m^[[39m
verify	类型与单元验证	2026-10-04T07:09:53.8214336Z    ^[[33m^[[2m✓^[[22m^[[39m CorrectionConfirmedPendingRefresh retains its key after committed POST and failed GET^[[33m 357^[[2mms^[[22m^[[39m
verify	类型与单元验证	2026-10-04T07:09:54.9821404Z  ^[[32m✓^[[39m src/lib/api/private-proxy.test.ts ^[[2m(^[[22m^[[2m7 tests^[[22m^[[2m)^[[22m^[[32m 65^[[2mms^[[22m^[[39m
verify	类型与单元验证	2026-10-04T07:09:55.3351850Z  ^[[32m✓^[[39m src/lib/api/content-proxy.test.ts ^[[2m(^[[22m^[[2m4 tests^[[22m^[[2m)^[[22m^[[32m 200^[[2mms^[[22m^[[39m
verify	类型与单元验证	2026-10-04T07:09:56.2091625Z  ^[[32m✓^[[39m src/lib/api/learning-proxy.test.ts ^[[2m(^[[22m^[[2m7 tests^[[22m^[[2m)^[[22m^[[33m 1118^[[2mms^[[22m^[[39m
verify	类型与单元验证	2026-10-04T07:09:56.2131329Z    ^[[33m^[[2m✓^[[22m^[[39m complete JSON and original command boundaries include exact bytes^[[33m 743^[[2mms^[[22m^[[39m
verify	类型与单元验证	2026-10-04T07:09:56.9365547Z  ^[[32m✓^[[39m src/features/correction/review.test.tsx ^[[2m(^[[22m^[[2m4 tests^[[22m^[[2m)^[[22m^[[33m 683^[[2mms^[[22m^[[39m
verify	类型与单元验证	2026-10-04T07:09:56.9368104Z    ^[[33m^[[2m✓^[[22m^[[39m requires the protected plan read before editing; status refresh preserves private draft^[[33m 398^[[2mms^[[22m^[[39m
verify	类型与单元验证	2026-10-04T07:09:57.1681966Z  ^[[32m✓^[[39m src/features/feedback/feedback.test.tsx ^[[2m(^[[22m^[[2m19 tests^[[22m^[[2m)^[[22m^[[33m 531^[[2mms^[[22m^[[39m
verify	类型与单元验证	2026-10-04T07:09:57.9127578Z  ^[[32m✓^[[39m src/lib/correction/schemas.test.ts ^[[2m(^[[22m^[[2m9 tests^[[22m^[[2m)^[[22m^[[32m 248^[[2mms^[[22m^[[39m
verify	类型与单元验证	2026-10-04T07:09:58.3731081Z  ^[[32m✓^[[39m src/lib/api/question-proxy.test.ts ^[[2m(^[[22m^[[2m4 tests^[[22m^[[2m)^[[22m^[[32m 96^[[2mms^[[22m^[[39m
verify	类型与单元验证	2026-10-04T07:09:58.6371838Z  ^[[32m✓^[[39m src/features/feedback/pending-command.test.ts ^[[2m(^[[22m^[[2m10 tests^[[22m^[[2m)^[[22m^[[32m 76^[[2mms^[[22m^[[39m
verify	类型与单元验证	2026-10-04T07:09:59.3275911Z  ^[[32m✓^[[39m src/lib/api/correction-proxy.test.ts ^[[2m(^[[22m^[[2m5 tests^[[22m^[[2m)^[[22m^[[32m 76^[[2mms^[[22m^[[39m
verify	类型与单元验证	2026-10-04T07:09:59.9032177Z  ^[[32m✓^[[39m src/features/learning/pending-command.test.ts ^[[2m(^[[22m^[[2m6 tests^[[22m^[[2m)^[[22m^[[32m 87^[[2mms^[[22m^[[39m
verify	类型与单元验证	2026-10-04T07:10:00.5063599Z  ^[[32m✓^[[39m src/features/content/publication.test.tsx ^[[2m(^[[22m^[[2m5 tests^[[22m^[[2m)^[[22m^[[33m 563^[[2mms^[[22m^[[39m
verify	类型与单元验证	2026-10-04T07:10:00.5105672Z    ^[[33m^[[2m✓^[[22m^[[39m TestPublicationAndWithdrawalUI^[[33m 354^[[2mms^[[22m^[[39m
verify	类型与单元验证	2026-10-04T07:10:01.1040435Z  ^[[32m✓^[[39m src/features/auth/forms.test.tsx ^[[2m(^[[22m^[[2m5 tests^[[22m^[[2m)^[[22m^[[33m 413^[[2mms^[[22m^[[39m
verify	类型与单元验证	2026-10-04T07:10:01.8570678Z  ^[[32m✓^[[39m src/features/reading/safe-markdown.test.tsx ^[[2m(^[[22m^[[2m4 tests^[[22m^[[2m)^[[22m^[[33m 361^[[2mms^[[22m^[[39m
verify	类型与单元验证	2026-10-04T07:10:01.9486267Z  ^[[32m✓^[[39m src/lib/api/public-proxy.test.ts ^[[2m(^[[22m^[[2m6 tests^[[22m^[[2m)^[[22m^[[32m 30^[[2mms^[[22m^[[39m
verify	类型与单元验证	2026-10-04T07:10:03.9808760Z  ^[[32m✓^[[39m src/features/content/authoring.test.tsx ^[[2m(^[[22m^[[2m3 tests^[[22m^[[2m)^[[22m^[[33m 1309^[[2mms^[[22m^[[39m
verify	类型与单元验证	2026-10-04T07:10:03.9810623Z    ^[[33m^[[2m✓^[[22m^[[39m TestAuthoringForms^[[33m 1119^[[2mms^[[22m^[[39m
verify	类型与单元验证	2026-10-04T07:10:04.0282025Z  ^[[32m✓^[[39m src/features/auth/admin-users.test.tsx ^[[2m(^[[22m^[[2m5 tests^[[22m^[[2m)^[[22m^[[33m 807^[[2mms^[[22m^[[39m
verify	类型与单元验证	2026-10-04T07:10:04.0287889Z    ^[[32m✓^[[39m TestAdminUsers ^[[2m(5)^[[22m
verify	类型与单元验证	2026-10-04T07:10:04.0289246Z      ^[[33m^[[2m✓^[[22m^[[39m requires reason/ownership and explicit retry after verification, cancel never writes^[[33m 579^[[2mms^[[22m^[[39m
verify	类型与单元验证	2026-10-04T07:10:04.1312028Z  ^[[32m✓^[[39m src/features/learning/review-regressions.test.tsx ^[[2m(^[[22m^[[2m5 tests^[[22m^[[2m)^[[22m^[[33m 626^[[2mms^[[22m^[[39m
verify	类型与单元验证	2026-10-04T07:10:04.1341557Z    ^[[33m^[[2m✓^[[22m^[[39m an old page cannot create a new command for an account changed in another tab^[[33m 350^[[2mms^[[22m^[[39m
verify	类型与单元验证	2026-10-04T07:10:05.3118969Z  ^[[32m✓^[[39m src/lib/auth/client.test.ts ^[[2m(^[[22m^[[2m4 tests^[[22m^[[2m)^[[22m^[[32m 41^[[2mms^[[22m^[[39m
verify	类型与单元验证	2026-10-04T07:10:05.4750203Z  ^[[32m✓^[[39m src/lib/api/server-client.test.ts ^[[2m(^[[22m^[[2m6 tests^[[22m^[[2m)^[[22m^[[32m 67^[[2mms^[[22m^[[39m
verify	类型与单元验证	2026-10-04T07:10:05.8076429Z  ^[[32m✓^[[39m src/features/notification/inbox.test.tsx ^[[2m(^[[22m^[[2m3 tests^[[22m^[[2m)^[[22m^[[33m 395^[[2mms^[[22m^[[39m
verify	类型与单元验证	2026-10-04T07:10:05.8080393Z    ^[[33m^[[2m✓^[[22m^[[39m NotificationReadPending retains a committed read key when refreshing the unread count fails^[[33m 321^[[2mms^[[22m^[[39m
verify	类型与单元验证	2026-10-04T07:10:06.8347445Z  ^[[32m✓^[[39m src/lib/question/schemas.test.ts ^[[2m(^[[22m^[[2m4 tests^[[22m^[[2m)^[[22m^[[32m 56^[[2mms^[[22m^[[39m
verify	类型与单元验证	2026-10-04T07:10:07.2072280Z  ^[[32m✓^[[39m src/lib/correction/client.test.ts ^[[2m(^[[22m^[[2m4 tests^[[22m^[[2m)^[[22m^[[32m 49^[[2mms^[[22m^[[39m
verify	类型与单元验证	2026-10-04T07:10:07.9072604Z  ^[[32m✓^[[39m src/features/content/review.test.tsx ^[[2m(^[[22m^[[2m4 tests^[[22m^[[2m)^[[22m^[[33m 1092^[[2mms^[[22m^[[39m
verify	类型与单元验证	2026-10-04T07:10:07.9074403Z    ^[[33m^[[2m✓^[[22m^[[39m TestIndependentReviewAuthor^[[33m 315^[[2mms^[[22m^[[39m
verify	类型与单元验证	2026-10-04T07:10:07.9075818Z    ^[[33m^[[2m✓^[[22m^[[39m TestIndependentReviewUI^[[33m 477^[[2mms^[[22m^[[39m
verify	类型与单元验证	2026-10-04T07:10:08.5465998Z  ^[[32m✓^[[39m src/lib/learning/schemas.test.ts ^[[2m(^[[22m^[[2m4 tests^[[22m^[[2m)^[[22m^[[32m 87^[[2mms^[[22m^[[39m
verify	类型与单元验证	2026-10-04T07:10:09.3116464Z  ^[[32m✓^[[39m src/features/assessment/assessment.test.tsx ^[[2m(^[[22m^[[2m4 tests^[[22m^[[2m)^[[22m^[[33m 849^[[2mms^[[22m^[[39m
verify	类型与单元验证	2026-10-04T07:10:09.3118130Z    ^[[33m^[[2m✓^[[22m^[[39m unconfirmed five answers remain unchanged for manual retry, edited answer gets a new key^[[33m 615^[[2mms^[[22m^[[39m
verify	类型与单元验证	2026-10-04T07:10:09.9700722Z  ^[[32m✓^[[39m src/lib/learning/client.test.ts ^[[2m(^[[22m^[[2m4 tests^[[22m^[[2m)^[[22m^[[32m 74^[[2mms^[[22m^[[39m
verify	类型与单元验证	2026-10-04T07:10:10.4168147Z  ^[[32m✓^[[39m src/features/question/review.test.tsx ^[[2m(^[[22m^[[2m2 tests^[[22m^[[2m)^[[22m^[[33m 754^[[2mms^[[22m^[[39m
verify	类型与单元验证	2026-10-04T07:10:10.4170222Z    ^[[33m^[[2m✓^[[22m^[[39m ReviewPanel^[[33m 655^[[2mms^[[22m^[[39m
verify	类型与单元验证	2026-10-04T07:10:11.1462363Z  ^[[32m✓^[[39m src/features/learning/learning.test.tsx ^[[2m(^[[22m^[[2m5 tests^[[22m^[[2m)^[[22m^[[33m 434^[[2mms^[[22m^[[39m
verify	类型与单元验证	2026-10-04T07:10:11.3752012Z  ^[[32m✓^[[39m src/lib/api/feedback-proxy.test.ts ^[[2m(^[[22m^[[2m4 tests^[[22m^[[2m)^[[22m^[[32m 71^[[2mms^[[22m^[[39m
verify	类型与单元验证	2026-10-04T07:10:12.2989406Z  ^[[32m✓^[[39m src/features/question/publication.test.tsx ^[[2m(^[[22m^[[2m1 test^[[22m^[[2m)^[[22m^[[33m 500^[[2mms^[[22m^[[39m
verify	类型与单元验证	2026-10-04T07:10:12.3001333Z    ^[[33m^[[2m✓^[[22m^[[39m PublicationPanel^[[33m 498^[[2mms^[[22m^[[39m
verify	类型与单元验证	2026-10-04T07:10:12.6261824Z  ^[[32m✓^[[39m src/lib/api/notification-proxy.test.ts ^[[2m(^[[22m^[[2m3 tests^[[22m^[[2m)^[[22m^[[32m 49^[[2mms^[[22m^[[39m
verify	类型与单元验证	2026-10-04T07:10:13.7791998Z  ^[[32m✓^[[39m src/lib/feedback/schemas.test.ts ^[[2m(^[[22m^[[2m97 tests^[[22m^[[2m)^[[22m^[[32m 108^[[2mms^[[22m^[[39m
verify	类型与单元验证	2026-10-04T07:10:14.3423864Z  ^[[32m✓^[[39m src/features/feedback/review.test.tsx ^[[2m(^[[22m^[[2m3 tests^[[22m^[[2m)^[[22m^[[33m 393^[[2mms^[[22m^[[39m
verify	类型与单元验证	2026-10-04T07:10:15.1171134Z  ^[[32m✓^[[39m src/features/question/authoring.test.tsx ^[[2m(^[[22m^[[2m2 tests^[[22m^[[2m)^[[22m^[[33m 2169^[[2mms^[[22m^[[39m
verify	类型与单元验证	2026-10-04T07:10:15.1172666Z    ^[[33m^[[2m✓^[[22m^[[39m DraftEditor^[[33m 1306^[[2mms^[[22m^[[39m
verify	类型与单元验证	2026-10-04T07:10:15.1201278Z    ^[[33m^[[2m✓^[[22m^[[39m DraftEditorCannotSubmitOldValidationDigestAfterSave^[[33m 861^[[2mms^[[22m^[[39m
verify	类型与单元验证	2026-10-04T07:10:15.2359051Z  ^[[32m✓^[[39m src/lib/notification/schemas.test.ts ^[[2m(^[[22m^[[2m5 tests^[[22m^[[2m)^[[22m^[[32m 59^[[2mms^[[22m^[[39m
verify	类型与单元验证	2026-10-04T07:10:15.7477696Z  ^[[32m✓^[[39m src/lib/feedback/client.test.ts ^[[2m(^[[22m^[[2m4 tests^[[22m^[[2m)^[[22m^[[32m 47^[[2mms^[[22m^[[39m
verify	类型与单元验证	2026-10-04T07:10:16.4121866Z  ^[[32m✓^[[39m src/lib/auth/server-client.test.ts ^[[2m(^[[22m^[[2m2 tests^[[22m^[[2m)^[[22m^[[32m 55^[[2mms^[[22m^[[39m
verify	类型与单元验证	2026-10-04T07:10:16.5419492Z  ^[[32m✓^[[39m src/lib/content/schemas.test.ts ^[[2m(^[[22m^[[2m2 tests^[[22m^[[2m)^[[22m^[[32m 37^[[2mms^[[22m^[[39m
verify	类型与单元验证	2026-10-04T07:10:17.1123176Z  ^[[32m✓^[[39m src/lib/question/client.test.ts ^[[2m(^[[22m^[[2m2 tests^[[22m^[[2m)^[[22m^[[32m 42^[[2mms^[[22m^[[39m
verify	类型与单元验证	2026-10-04T07:10:17.9008442Z  ^[[32m✓^[[39m src/lib/question/review-contract.test.ts ^[[2m(^[[22m^[[2m1 test^[[22m^[[2m)^[[22m^[[32m 65^[[2mms^[[22m^[[39m
verify	类型与单元验证	2026-10-04T07:10:18.0818714Z  ^[[32m✓^[[39m src/features/correction/evidence-link.test.tsx ^[[2m(^[[22m^[[2m3 tests^[[22m^[[2m)^[[22m^[[33m 362^[[2mms^[[22m^[[39m
verify	类型与单元验证	2026-10-04T07:10:18.9202928Z  ^[[32m✓^[[39m src/components/auth-status.test.tsx ^[[2m(^[[22m^[[2m3 tests^[[22m^[[2m)^[[22m^[[33m 413^[[2mms^[[22m^[[39m
verify	类型与单元验证	2026-10-04T07:10:18.9204663Z    ^[[32m✓^[[39m TestAuthStatus ^[[2m(2)^[[22m
verify	类型与单元验证	2026-10-04T07:10:18.9206548Z      ^[[33m^[[2m✓^[[22m^[[39m shares the initial context with the form and refreshes on auth change^[[33m 309^[[2mms^[[22m^[[39m
verify	类型与单元验证	2026-10-04T07:10:19.2715055Z  ^[[32m✓^[[39m src/lib/content/client.test.ts ^[[2m(^[[22m^[[2m2 tests^[[22m^[[2m)^[[22m^[[32m 59^[[2mms^[[22m^[[39m
verify	类型与单元验证	2026-10-04T07:10:19.8982106Z  ^[[32m✓^[[39m src/features/catalogue/catalogue.test.tsx ^[[2m(^[[22m^[[2m2 tests^[[22m^[[2m)^[[22m^[[33m 523^[[2mms^[[22m^[[39m
verify	类型与单元验证	2026-10-04T07:10:19.8999084Z    ^[[33m^[[2m✓^[[22m^[[39m filtersConstructionStateWithoutInventingUnlocks^[[33m 413^[[2mms^[[22m^[[39m
verify	类型与单元验证	2026-10-04T07:10:20.4172020Z  ^[[32m✓^[[39m src/features/question/diff-panel.test.tsx ^[[2m(^[[22m^[[2m2 tests^[[22m^[[2m)^[[22m^[[33m 309^[[2mms^[[22m^[[39m
verify	类型与单元验证	2026-10-04T07:10:20.6581756Z  ^[[32m✓^[[39m src/lib/content/svg.test.ts ^[[2m(^[[22m^[[2m2 tests^[[22m^[[2m)^[[22m^[[32m 66^[[2mms^[[22m^[[39m
verify	类型与单元验证	2026-10-04T07:10:21.2294879Z  ^[[32m✓^[[39m src/features/question/pending-command.test.ts ^[[2m(^[[22m^[[2m2 tests^[[22m^[[2m)^[[22m^[[32m 17^[[2mms^[[22m^[[39m
verify	类型与单元验证	2026-10-04T07:10:21.7348826Z  ^[[32m✓^[[39m src/lib/content/server-client.test.ts ^[[2m(^[[22m^[[2m1 test^[[22m^[[2m)^[[22m^[[32m 59^[[2mms^[[22m^[[39m
verify	类型与单元验证	2026-10-04T07:10:22.0140838Z  ^[[32m✓^[[39m src/lib/notification/client.test.ts ^[[2m(^[[22m^[[2m3 tests^[[22m^[[2m)^[[22m^[[32m 31^[[2mms^[[22m^[[39m
verify	类型与单元验证	2026-10-04T07:10:22.4217125Z  ^[[32m✓^[[39m src/features/reading/path-graph.test.ts ^[[2m(^[[22m^[[2m1 test^[[22m^[[2m)^[[22m^[[32m 7^[[2mms^[[22m^[[39m
verify	类型与单元验证	2026-10-04T07:10:23.3676170Z  ^[[32m✓^[[39m src/features/question/withdrawal.test.tsx ^[[2m(^[[22m^[[2m1 test^[[22m^[[2m)^[[22m^[[33m 307^[[2mms^[[22m^[[39m
verify	类型与单元验证	2026-10-04T07:10:23.3678238Z    ^[[33m^[[2m✓^[[22m^[[39m WithdrawalPanel^[[33m 305^[[2mms^[[22m^[[39m
verify	类型与单元验证	2026-10-04T07:10:23.7482088Z  ^[[32m✓^[[39m src/features/content/pending-command.test.ts ^[[2m(^[[22m^[[2m2 tests^[[22m^[[2m)^[[22m^[[32m 14^[[2mms^[[22m^[[39m
verify	类型与单元验证	2026-10-04T07:10:23.7696162Z  ^[[32m✓^[[39m src/components/learning-hub.test.tsx ^[[2m(^[[22m^[[2m3 tests^[[22m^[[2m)^[[22m^[[33m 535^[[2mms^[[22m^[[39m
verify	类型与单元验证	2026-10-04T07:10:23.7712797Z    ^[[33m^[[2m✓^[[22m^[[39m showsRealCatalogueWithoutPersonalProgress^[[33m 450^[[2mms^[[22m^[[39m
verify	类型与单元验证	2026-10-04T07:10:24.7841791Z  ^[[32m✓^[[39m src/lib/correction/server-client.test.ts ^[[2m(^[[22m^[[2m2 tests^[[22m^[[2m)^[[22m^[[32m 37^[[2mms^[[22m^[[39m
verify	类型与单元验证	2026-10-04T07:10:25.1336359Z  ^[[32m✓^[[39m src/lib/notification/server-client.test.ts ^[[2m(^[[22m^[[2m2 tests^[[22m^[[2m)^[[22m^[[32m 64^[[2mms^[[22m^[[39m
verify	类型与单元验证	2026-10-04T07:10:25.6171556Z  ^[[32m✓^[[39m src/features/practice/practice.test.tsx ^[[2m(^[[22m^[[2m1 test^[[22m^[[2m)^[[22m^[[32m 295^[[2mms^[[22m^[[39m
verify	类型与单元验证	2026-10-04T07:10:26.2002667Z  ^[[32m✓^[[39m src/lib/question/server-client.test.ts ^[[2m(^[[22m^[[2m1 test^[[22m^[[2m)^[[22m^[[32m 67^[[2mms^[[22m^[[39m
verify	类型与单元验证	2026-10-04T07:10:26.4421931Z  ^[[32m✓^[[39m src/lib/learning/server-client.test.ts ^[[2m(^[[22m^[[2m1 test^[[22m^[[2m)^[[22m^[[32m 40^[[2mms^[[22m^[[39m
verify	类型与单元验证	2026-10-04T07:10:27.0211787Z  ^[[32m✓^[[39m src/features/correction/pending-command.test.ts ^[[2m(^[[22m^[[2m2 tests^[[22m^[[2m)^[[22m^[[32m 17^[[2mms^[[22m^[[39m
verify	类型与单元验证	2026-10-04T07:10:27.5191939Z  ^[[32m✓^[[39m src/lib/feedback/server-client.test.ts ^[[2m(^[[22m^[[2m1 test^[[22m^[[2m)^[[22m^[[32m 38^[[2mms^[[22m^[[39m
verify	类型与单元验证	2026-10-04T07:10:27.8822880Z  ^[[32m✓^[[39m src/features/question/coverage.test.tsx ^[[2m(^[[22m^[[2m1 test^[[22m^[[2m)^[[22m^[[32m 259^[[2mms^[[22m^[[39m
verify	类型与单元验证	2026-10-04T07:10:28.5362123Z  ^[[32m✓^[[39m src/features/correction/qualification-link.test.tsx ^[[2m(^[[22m^[[2m2 tests^[[22m^[[2m)^[[22m^[[32m 250^[[2mms^[[22m^[[39m
verify	类型与单元验证	2026-10-04T07:10:28.8043245Z  ^[[32m✓^[[39m src/lib/auth/schemas.test.ts ^[[2m(^[[22m^[[2m1 test^[[22m^[[2m)^[[22m^[[32m 8^[[2mms^[[22m^[[39m
verify	类型与单元验证	2026-10-04T07:10:29.3501825Z  ^[[32m✓^[[39m src/features/feedback/report-link.test.tsx ^[[2m(^[[22m^[[2m2 tests^[[22m^[[2m)^[[22m^[[32m 233^[[2mms^[[22m^[[39m
verify	类型与单元验证	2026-10-04T07:10:29.6980976Z  ^[[32m✓^[[39m src/features/catalogue/query.test.ts ^[[2m(^[[22m^[[2m1 test^[[22m^[[2m)^[[22m^[[32m 5^[[2mms^[[22m^[[39m
verify	类型与单元验证	2026-10-04T07:10:30.0637697Z  ^[[32m✓^[[39m src/features/notification/pending-command.test.ts ^[[2m(^[[22m^[[2m2 tests^[[22m^[[2m)^[[22m^[[32m 7^[[2mms^[[22m^[[39m
verify	类型与单元验证	2026-10-04T07:10:30.5844103Z  ^[[32m✓^[[39m src/features/learning/attempt-asset.test.tsx ^[[2m(^[[22m^[[2m1 test^[[22m^[[2m)^[[22m^[[32m 125^[[2mms^[[22m^[[39m
verify	类型与单元验证	2026-10-04T07:10:30.5887170Z 
verify	类型与单元验证	2026-10-04T07:10:30.5893323Z ^[[2m Test Files ^[[22m ^[[1m^[[32m70 passed^[[39m^[[22m^[[90m (70)^[[39m
verify	类型与单元验证	2026-10-04T07:10:30.5894960Z ^[[2m      Tests ^[[22m ^[[1m^[[32m350 passed^[[39m^[[22m^[[90m (350)^[[39m
verify	类型与单元验证	2026-10-04T07:10:30.5895825Z ^[[2m   Start at ^[[22m 07:09:51
verify	类型与单元验证	2026-10-04T07:10:30.5901569Z ^[[2m   Duration ^[[22m 39.32s^[[2m (environment 59%, tests 20%, setup 9%, import 8%, transform 3%)^[[22m
verify	类型与单元验证	2026-10-04T07:10:30.5908574Z 
verify	类型与单元验证	2026-10-04T07:10:30.5910689Z ^[[2mEnvironment ^[[22m ^[[33mjsdom was created 70 times^[[39m^[[2m · 62.18s total, 59% of tracked time^[[22m
verify	类型与单元验证	2026-10-04T07:10:30.5912033Z ^[[2m            ^[[22m ^[[2mcreate it once per worker with ^[[22m^[[33mpool: 'vmThreads'^[[39m^[[2m (keeps per-file isolation) or ^[[22m^[[33misolate: false^[[39m^[[2m (shares it across files)^[[22m
verify	类型与单元验证	2026-10-04T07:10:30.5913181Z ^[[2m            ^[[22m ^[[2mlearn more: https://vitest.dev/guide/improving-performance#test-environments^[[22m
verify	类型与单元验证	2026-10-04T07:10:30.5913575Z 
verify	生产构建与依赖审计	﻿2026-10-04T07:10:30.6576209Z ##[group]Run node tools/verify/run.mjs --cwd frontend -- npm run build
verify	生产构建与依赖审计	2026-10-04T07:10:30.6576779Z ^[[36;1mnode tools/verify/run.mjs --cwd frontend -- npm run build^[[0m
verify	生产构建与依赖审计	2026-10-04T07:10:30.6577266Z ^[[36;1mnode tools/verify/run.mjs --cwd frontend -- npm audit --omit=dev^[[0m
verify	生产构建与依赖审计	2026-10-04T07:10:30.6641941Z shell: /usr/bin/bash -e {0}
verify	生产构建与依赖审计	2026-10-04T07:10:30.6642232Z env:
verify	生产构建与依赖审计	2026-10-04T07:10:30.6642443Z   CGO_ENABLED: 0
verify	生产构建与依赖审计	2026-10-04T07:10:30.6642660Z   GOTOOLCHAIN: local
verify	生产构建与依赖审计	2026-10-04T07:10:30.6642907Z   NEXT_TELEMETRY_DISABLED: 1
verify	生产构建与依赖审计	2026-10-04T07:10:30.6643548Z   TEST_DATABASE_URL: ***127.0.0.1:5432/math_master_test_ci?sslmode=disable
verify	生产构建与依赖审计	2026-10-04T07:10:30.6643936Z ##[endgroup]
verify	生产构建与依赖审计	2026-10-04T07:10:30.7902715Z 
verify	生产构建与依赖审计	2026-10-04T07:10:30.7903254Z > math-master-frontend@0.1.0 build
verify	生产构建与依赖审计	2026-10-04T07:10:30.7903655Z > next build
verify	生产构建与依赖审计	2026-10-04T07:10:30.7903809Z 
verify	生产构建与依赖审计	2026-10-04T07:10:31.1654046Z ▲ Next.js 16.3.7 (Turbopack)
verify	生产构建与依赖审计	2026-10-04T07:10:31.1950966Z ✓ Running next.config.ts took 29ms
verify	生产构建与依赖审计	2026-10-04T07:10:31.1953616Z ⚠ No build cache found. Please configure build caching for faster rebuilds. Read more: https://nextjs.org/docs/messages/no-cache
verify	生产构建与依赖审计	2026-10-04T07:10:31.2084805Z 
verify	生产构建与依赖审计	2026-10-04T07:10:31.2514140Z   Creating an optimized production build ...
verify	生产构建与依赖审计	2026-10-04T07:10:39.9033899Z ✓ Compiled successfully in 8.4s
verify	生产构建与依赖审计	2026-10-04T07:10:39.9070891Z   Running TypeScript ...
verify	生产构建与依赖审计	2026-10-04T07:10:48.1216425Z   Finished TypeScript in 8.2s ...
verify	生产构建与依赖审计	2026-10-04T07:10:48.1235423Z   Collecting page data using 3 workers ...
verify	生产构建与依赖审计	2026-10-04T07:10:49.2628644Z   Generating static pages using 3 workers (0/2) ...
verify	生产构建与依赖审计	2026-10-04T07:10:49.4227698Z ✓ Generating static pages using 3 workers (2/2) in 160ms
verify	生产构建与依赖审计	2026-10-04T07:10:49.4260419Z   Finalizing page optimization ...
verify	生产构建与依赖审计	2026-10-04T07:10:49.4350482Z 
verify	生产构建与依赖审计	2026-10-04T07:10:49.4410411Z Route (app)
verify	生产构建与依赖审计	2026-10-04T07:10:49.4413489Z ┌ ƒ /
verify	生产构建与依赖审计	2026-10-04T07:10:49.4414029Z ├ ○ /_not-found
verify	生产构建与依赖审计	2026-10-04T07:10:49.4414518Z ├ ƒ /account
verify	生产构建与依赖审计	2026-10-04T07:10:49.4415077Z ├ ƒ /admin/publications
verify	生产构建与依赖审计	2026-10-04T07:10:49.4415726Z ├ ƒ /admin/publications/[id]
verify	生产构建与依赖审计	2026-10-04T07:10:49.4416465Z ├ ƒ /admin/question-publications
verify	生产构建与依赖审计	2026-10-04T07:10:49.4417271Z ├ ƒ /admin/question-publications/[id]
verify	生产构建与依赖审计	2026-10-04T07:10:49.4418015Z ├ ƒ /admin/question-withdrawals
verify	生产构建与依赖审计	2026-10-04T07:10:49.4418579Z ├ ƒ /admin/users
verify	生产构建与依赖审计	2026-10-04T07:10:49.4419103Z ├ ƒ /admin/withdrawals
verify	生产构建与依赖审计	2026-10-04T07:10:49.4420006Z ├ ƒ /api/v1/[...segments]
verify	生产构建与依赖审计	2026-10-04T07:10:49.4420594Z ├ ƒ /api/v1/admin
verify	生产构建与依赖审计	2026-10-04T07:10:49.4421183Z ├ ƒ /api/v1/admin/[...segments]
verify	生产构建与依赖审计	2026-10-04T07:10:49.4422185Z ├ ƒ /api/v1/auth
verify	生产构建与依赖审计	2026-10-04T07:10:49.4422786Z ├ ƒ /api/v1/auth/[...segments]
verify	生产构建与依赖审计	2026-10-04T07:10:49.4423379Z ├ ƒ /api/v1/content
verify	生产构建与依赖审计	2026-10-04T07:10:49.4423989Z ├ ƒ /api/v1/content/[...segments]
verify	生产构建与依赖审计	2026-10-04T07:10:49.4424599Z ├ ƒ /api/v1/corrections
verify	生产构建与依赖审计	2026-10-04T07:10:49.4425265Z ├ ƒ /api/v1/corrections/[...segments]
verify	生产构建与依赖审计	2026-10-04T07:10:49.4425875Z ├ ƒ /api/v1/feedback
verify	生产构建与依赖审计	2026-10-04T07:10:49.4426582Z ├ ƒ /api/v1/feedback/[...segments]
verify	生产构建与依赖审计	2026-10-04T07:10:49.4427222Z ├ ƒ /api/v1/learning
verify	生产构建与依赖审计	2026-10-04T07:10:49.4427859Z ├ ƒ /api/v1/learning/[...segments]
verify	生产构建与依赖审计	2026-10-04T07:10:49.4428498Z ├ ƒ /api/v1/notifications
verify	生产构建与依赖审计	2026-10-04T07:10:49.4429238Z ├ ƒ /api/v1/notifications/[...segments]
verify	生产构建与依赖审计	2026-10-04T07:10:49.4430418Z ├ ƒ /api/v1/question-bank
verify	生产构建与依赖审计	2026-10-04T07:10:49.4431116Z ├ ƒ /api/v1/question-bank/[...segments]
verify	生产构建与依赖审计	2026-10-04T07:10:49.4431765Z ├ ƒ /assessments/[id]
verify	生产构建与依赖审计	2026-10-04T07:10:49.4432315Z ├ ƒ /assessments/[id]/result
verify	生产构建与依赖审计	2026-10-04T07:10:49.4432889Z ├ ƒ /corrections/[id]
verify	生产构建与依赖审计	2026-10-04T07:10:49.4433374Z ├ ƒ /domains/[id]
verify	生产构建与依赖审计	2026-10-04T07:10:49.4433850Z ├ ƒ /editor
verify	生产构建与依赖审计	2026-10-04T07:10:49.4434317Z ├ ƒ /editor/drafts/[id]
verify	生产构建与依赖审计	2026-10-04T07:10:49.4434856Z ├ ƒ /editor/questions
verify	生产构建与依赖审计	2026-10-04T07:10:49.4435484Z ├ ƒ /editor/questions/drafts/[id]
verify	生产构建与依赖审计	2026-10-04T07:10:49.4436016Z ├ ƒ /feedback
verify	生产构建与依赖审计	2026-10-04T07:10:49.4436471Z ├ ƒ /feedback/[id]
verify	生产构建与依赖审计	2026-10-04T07:10:49.4436933Z ├ ƒ /feedback/new
verify	生产构建与依赖审计	2026-10-04T07:10:49.4437376Z ├ ƒ /knowledge
verify	生产构建与依赖审计	2026-10-04T07:10:49.4437823Z ├ ƒ /knowledge/[id]
verify	生产构建与依赖审计	2026-10-04T07:10:49.4438233Z ├ ƒ /learn
verify	生产构建与依赖审计	2026-10-04T07:10:49.4438658Z ├ ƒ /learning-history
verify	生产构建与依赖审计	2026-10-04T07:10:49.4439098Z ├ ƒ /login
verify	生产构建与依赖审计	2026-10-04T07:10:49.4439820Z ├ ƒ /notifications
verify	生产构建与依赖审计	2026-10-04T07:10:49.4440823Z ├ ƒ /paths/[id]
verify	生产构建与依赖审计	2026-10-04T07:10:49.4441360Z ├ ƒ /practice/[id]
verify	生产构建与依赖审计	2026-10-04T07:10:49.4441837Z ├ ƒ /register
verify	生产构建与依赖审计	2026-10-04T07:10:49.4442276Z ├ ƒ /review
verify	生产构建与依赖审计	2026-10-04T07:10:49.4442716Z ├ ƒ /review/[id]
verify	生产构建与依赖审计	2026-10-04T07:10:49.4443234Z ├ ƒ /review/corrections
verify	生产构建与依赖审计	2026-10-04T07:10:49.4443816Z ├ ƒ /review/corrections/[id]
verify	生产构建与依赖审计	2026-10-04T07:10:49.4444651Z ├ ƒ /review/corrections/[id]/plans/[planId]/[version]
verify	生产构建与依赖审计	2026-10-04T07:10:49.4445364Z ├ ƒ /review/feedback
verify	生产构建与依赖审计	2026-10-04T07:10:49.4445900Z ├ ƒ /review/feedback/[id]
verify	生产构建与依赖审计	2026-10-04T07:10:49.4446452Z ├ ƒ /review/questions
verify	生产构建与依赖审计	2026-10-04T07:10:49.4446983Z └ ƒ /review/questions/[id]
verify	生产构建与依赖审计	2026-10-04T07:10:49.4447282Z 
verify	生产构建与依赖审计	2026-10-04T07:10:49.4447296Z 
verify	生产构建与依赖审计	2026-10-04T07:10:49.4447715Z ○  (Static)   prerendered as static content
verify	生产构建与依赖审计	2026-10-04T07:10:49.4448452Z ƒ  (Dynamic)  server-rendered on demand
verify	生产构建与依赖审计	2026-10-04T07:10:49.4448814Z 
verify	生产构建与依赖审计	2026-10-04T07:10:49.9377525Z found 0 vulnerabilities
verify	隔离联调环境验证与构建	﻿2026-10-04T07:10:49.9517555Z ##[group]Run node tools/verify/run.mjs --cwd backend -- env CGO_ENABLED=0 GOTOOLCHAIN=go1.27.1 go test ./internal/e2etest ./internal/testutil -timeout 5m -count=1
verify	隔离联调环境验证与构建	2026-10-04T07:10:49.9518724Z ^[[36;1mnode tools/verify/run.mjs --cwd backend -- env CGO_ENABLED=0 GOTOOLCHAIN=go1.27.1 go test ./internal/e2etest ./internal/testutil -timeout 5m -count=1^[[0m
verify	隔离联调环境验证与构建	2026-10-04T07:10:49.9520032Z ^[[36;1mnode tools/verify/run.mjs --cwd backend -- env CGO_ENABLED=0 GOTOOLCHAIN=go1.27.1 go build -o bin/e2e-harness ./cmd/e2e-harness^[[0m
verify	隔离联调环境验证与构建	2026-10-04T07:10:49.9583719Z shell: /usr/bin/bash -e {0}
verify	隔离联调环境验证与构建	2026-10-04T07:10:49.9583986Z env:
verify	隔离联调环境验证与构建	2026-10-04T07:10:49.9584182Z   CGO_ENABLED: 0
verify	隔离联调环境验证与构建	2026-10-04T07:10:49.9584403Z   GOTOOLCHAIN: local
verify	隔离联调环境验证与构建	2026-10-04T07:10:49.9584652Z   NEXT_TELEMETRY_DISABLED: 1
verify	隔离联调环境验证与构建	2026-10-04T07:10:49.9585406Z   TEST_DATABASE_URL: ***127.0.0.1:5432/math_master_test_ci?sslmode=disable
verify	隔离联调环境验证与构建	2026-10-04T07:10:49.9585806Z ##[endgroup]
verify	隔离联调环境验证与构建	2026-10-04T07:14:05.3804721Z ok  	github.com/yyl1212/math_master/backend/internal/e2etest	191.926s
verify	隔离联调环境验证与构建	2026-10-04T07:14:05.3806102Z ok  	github.com/yyl1212/math_master/backend/internal/testutil	0.009s
verify	安装锁定浏览器	﻿2026-10-04T07:14:06.2682597Z ##[group]Run node tools/verify/run.mjs --cwd frontend -- npm exec -- playwright install --with-deps chromium
verify	安装锁定浏览器	2026-10-04T07:14:06.2683974Z ^[[36;1mnode tools/verify/run.mjs --cwd frontend -- npm exec -- playwright install --with-deps chromium^[[0m
verify	安装锁定浏览器	2026-10-04T07:14:06.2777178Z shell: /usr/bin/bash -e {0}
verify	安装锁定浏览器	2026-10-04T07:14:06.2777668Z env:
verify	安装锁定浏览器	2026-10-04T07:14:06.2778598Z   CGO_ENABLED: 0
verify	安装锁定浏览器	2026-10-04T07:14:06.2778989Z   GOTOOLCHAIN: local
verify	安装锁定浏览器	2026-10-04T07:14:06.2779409Z   NEXT_TELEMETRY_DISABLED: 1
verify	安装锁定浏览器	2026-10-04T07:14:06.2780761Z   TEST_DATABASE_URL: ***127.0.0.1:5432/math_master_test_ci?sslmode=disable
verify	安装锁定浏览器	2026-10-04T07:14:06.2781465Z ##[endgroup]
verify	安装锁定浏览器	2026-10-04T07:14:07.0633896Z Installing dependencies...
verify	安装锁定浏览器	2026-10-04T07:14:07.0718005Z Switching to root user to install dependencies...
verify	安装锁定浏览器	2026-10-04T07:14:07.1600302Z Get:1 file:/etc/apt/apt-mirrors.txt Mirrorlist [144 B]
verify	安装锁定浏览器	2026-10-04T07:14:07.1928936Z Hit:2 http://azure.archive.ubuntu.com/ubuntu noble InRelease
verify	安装锁定浏览器	2026-10-04T07:14:07.1935673Z Get:6 https://packages.microsoft.com/ubuntu/24.04/prod noble InRelease [3600 B]
verify	安装锁定浏览器	2026-10-04T07:14:07.1942391Z Get:3 http://azure.archive.ubuntu.com/ubuntu noble-updates InRelease [126 kB]
verify	安装锁定浏览器	2026-10-04T07:14:07.1990238Z Get:4 http://azure.archive.ubuntu.com/ubuntu noble-backports InRelease [126 kB]
verify	安装锁定浏览器	2026-10-04T07:14:07.2010534Z Get:5 http://azure.archive.ubuntu.com/ubuntu noble-security InRelease [126 kB]
verify	安装锁定浏览器	2026-10-04T07:14:07.3214435Z Get:7 https://packages.microsoft.com/ubuntu/24.04/prod noble/main armhf Packages [12.6 kB]
verify	安装锁定浏览器	2026-10-04T07:14:07.3684283Z Get:8 http://azure.archive.ubuntu.com/ubuntu noble-updates/main amd64 Packages [1364 kB]
verify	安装锁定浏览器	2026-10-04T07:14:07.3761773Z Get:9 http://azure.archive.ubuntu.com/ubuntu noble-updates/main Translation-en [304 kB]
verify	安装锁定浏览器	2026-10-04T07:14:07.3777322Z Get:10 http://azure.archive.ubuntu.com/ubuntu noble-updates/main amd64 Components [181 kB]
verify	安装锁定浏览器	2026-10-04T07:14:07.3790596Z Get:11 http://azure.archive.ubuntu.com/ubuntu noble-updates/universe amd64 Packages [1699 kB]
verify	安装锁定浏览器	2026-10-04T07:14:07.4012253Z Get:12 http://azure.archive.ubuntu.com/ubuntu noble-updates/universe Translation-en [341 kB]
verify	安装锁定浏览器	2026-10-04T07:14:07.4053422Z Get:13 http://azure.archive.ubuntu.com/ubuntu noble-updates/universe amd64 Components [388 kB]
verify	安装锁定浏览器	2026-10-04T07:14:07.4059489Z Get:14 http://azure.archive.ubuntu.com/ubuntu noble-updates/restricted amd64 Packages [1720 kB]
verify	安装锁定浏览器	2026-10-04T07:14:07.4145467Z Get:15 http://azure.archive.ubuntu.com/ubuntu noble-updates/restricted Translation-en [394 kB]
verify	安装锁定浏览器	2026-10-04T07:14:07.4173762Z Get:16 http://azure.archive.ubuntu.com/ubuntu noble-updates/multiverse amd64 Components [940 B]
verify	安装锁定浏览器	2026-10-04T07:14:07.4309250Z Get:17 http://azure.archive.ubuntu.com/ubuntu noble-backports/main amd64 Components [5736 B]
verify	安装锁定浏览器	2026-10-04T07:14:07.4804013Z Get:18 http://azure.archive.ubuntu.com/ubuntu noble-backports/universe amd64 Components [12.6 kB]
verify	安装锁定浏览器	2026-10-04T07:14:07.4816050Z Get:19 http://azure.archive.ubuntu.com/ubuntu noble-security/main amd64 Packages [1069 kB]
verify	安装锁定浏览器	2026-10-04T07:14:07.4867923Z Get:20 http://azure.archive.ubuntu.com/ubuntu noble-security/main Translation-en [221 kB]
verify	安装锁定浏览器	2026-10-04T07:14:07.4884886Z Get:21 http://azure.archive.ubuntu.com/ubuntu noble-security/main amd64 Components [46.5 kB]
verify	安装锁定浏览器	2026-10-04T07:14:07.4901977Z Get:22 http://azure.archive.ubuntu.com/ubuntu noble-security/universe amd64 Packages [1216 kB]
verify	安装锁定浏览器	2026-10-04T07:14:07.4956325Z Get:23 http://azure.archive.ubuntu.com/ubuntu noble-security/universe Translation-en [244 kB]
verify	安装锁定浏览器	2026-10-04T07:14:07.4975057Z Get:24 http://azure.archive.ubuntu.com/ubuntu noble-security/universe amd64 Components [76.3 kB]
verify	安装锁定浏览器	2026-10-04T07:14:07.4988504Z Get:25 http://azure.archive.ubuntu.com/ubuntu noble-security/restricted amd64 Packages [1566 kB]
verify	安装锁定浏览器	2026-10-04T07:14:07.5059039Z Get:26 http://azure.archive.ubuntu.com/ubuntu noble-security/restricted Translation-en [361 kB]
verify	安装锁定浏览器	2026-10-04T07:14:07.5324852Z Get:27 https://packages.microsoft.com/ubuntu/24.04/prod noble/main amd64 Packages [511 kB]
verify	安装锁定浏览器	2026-10-04T07:14:07.5379977Z Get:28 https://packages.microsoft.com/ubuntu/24.04/prod noble/main arm64 Packages [458 kB]
verify	安装锁定浏览器	2026-10-04T07:14:11.8054003Z Fetched 12.6 MB in 1s (9147 kB/s)
verify	安装锁定浏览器	2026-10-04T07:14:12.6523318Z Reading package lists...
verify	安装锁定浏览器	2026-10-04T07:14:12.6773833Z Reading package lists...
verify	安装锁定浏览器	2026-10-04T07:14:12.8574878Z Building dependency tree...
verify	安装锁定浏览器	2026-10-04T07:14:12.8582218Z Reading state information...
verify	安装锁定浏览器	2026-10-04T07:14:12.9942258Z libasound2t64 is already the newest version (1.2.11-1ubuntu0.3).
verify	安装锁定浏览器	2026-10-04T07:14:12.9943509Z libasound2t64 set to manually installed.
verify	安装锁定浏览器	2026-10-04T07:14:12.9944107Z libatk-bridge2.0-0t64 is already the newest version (2.52.0-1build1).
verify	安装锁定浏览器	2026-10-04T07:14:12.9944961Z libatk-bridge2.0-0t64 set to manually installed.
verify	安装锁定浏览器	2026-10-04T07:14:12.9945500Z libatk1.0-0t64 is already the newest version (2.52.0-1build1).
verify	安装锁定浏览器	2026-10-04T07:14:12.9945971Z libatk1.0-0t64 set to manually installed.
verify	安装锁定浏览器	2026-10-04T07:14:12.9946465Z libatspi2.0-0t64 is already the newest version (2.52.0-1build1).
verify	安装锁定浏览器	2026-10-04T07:14:12.9946952Z libatspi2.0-0t64 set to manually installed.
verify	安装锁定浏览器	2026-10-04T07:14:12.9947424Z libcairo2 is already the newest version (1.18.0-3build1).
verify	安装锁定浏览器	2026-10-04T07:14:12.9947886Z libcairo2 set to manually installed.
verify	安装锁定浏览器	2026-10-04T07:14:12.9948379Z libcups2t64 is already the newest version (2.4.7-1.2ubuntu7.14).
verify	安装锁定浏览器	2026-10-04T07:14:12.9948851Z libcups2t64 set to manually installed.
verify	安装锁定浏览器	2026-10-04T07:14:12.9949332Z libdbus-1-3 is already the newest version (1.14.10-4ubuntu4.1).
verify	安装锁定浏览器	2026-10-04T07:14:12.9950175Z libdbus-1-3 set to manually installed.
verify	安装锁定浏览器	2026-10-04T07:14:12.9950697Z libdrm2 is already the newest version (2.4.125-1ubuntu0.1~24.04.2).
verify	安装锁定浏览器	2026-10-04T07:14:12.9951162Z libdrm2 set to manually installed.
verify	安装锁定浏览器	2026-10-04T07:14:12.9951656Z libglib2.0-0t64 is already the newest version (2.80.0-6ubuntu3.9).
verify	安装锁定浏览器	2026-10-04T07:14:12.9952143Z libglib2.0-0t64 set to manually installed.
verify	安装锁定浏览器	2026-10-04T07:14:12.9952640Z libnspr4 is already the newest version (2:4.35-1.1build1).
verify	安装锁定浏览器	2026-10-04T07:14:12.9953084Z libnspr4 set to manually installed.
verify	安装锁定浏览器	2026-10-04T07:14:12.9953556Z libnss3 is already the newest version (2:3.98-1ubuntu0.2).
verify	安装锁定浏览器	2026-10-04T07:14:12.9953975Z libnss3 set to manually installed.
verify	安装锁定浏览器	2026-10-04T07:14:12.9954422Z libpango-1.0-0 is already the newest version (1.52.1+ds-1build1).
verify	安装锁定浏览器	2026-10-04T07:14:12.9954865Z libpango-1.0-0 set to manually installed.
verify	安装锁定浏览器	2026-10-04T07:14:12.9955285Z libx11-6 is already the newest version (2:1.8.7-1build1).
verify	安装锁定浏览器	2026-10-04T07:14:12.9955674Z libx11-6 set to manually installed.
verify	安装锁定浏览器	2026-10-04T07:14:12.9956058Z libxcb1 is already the newest version (1.15-1ubuntu2).
verify	安装锁定浏览器	2026-10-04T07:14:12.9956437Z libxcb1 set to manually installed.
verify	安装锁定浏览器	2026-10-04T07:14:12.9956882Z libxcomposite1 is already the newest version (1:0.4.5-1build3).
verify	安装锁定浏览器	2026-10-04T07:14:12.9957331Z libxcomposite1 set to manually installed.
verify	安装锁定浏览器	2026-10-04T07:14:12.9957788Z libxdamage1 is already the newest version (1:1.1.6-1build1).
verify	安装锁定浏览器	2026-10-04T07:14:12.9958198Z libxdamage1 set to manually installed.
verify	安装锁定浏览器	2026-10-04T07:14:12.9958620Z libxext6 is already the newest version (2:1.3.4-1build2).
verify	安装锁定浏览器	2026-10-04T07:14:12.9959002Z libxext6 set to manually installed.
verify	安装锁定浏览器	2026-10-04T07:14:12.9959426Z libxfixes3 is already the newest version (1:6.0.0-2build1).
verify	安装锁定浏览器	2026-10-04T07:14:12.9959980Z libxfixes3 set to manually installed.
verify	安装锁定浏览器	2026-10-04T07:14:12.9960416Z libxkbcommon0 is already the newest version (1.6.0-1build1).
verify	安装锁定浏览器	2026-10-04T07:14:12.9960837Z libxkbcommon0 set to manually installed.
verify	安装锁定浏览器	2026-10-04T07:14:12.9961266Z libxrandr2 is already the newest version (2:1.5.2-2build1).
verify	安装锁定浏览器	2026-10-04T07:14:12.9961678Z libxrandr2 set to manually installed.
verify	安装锁定浏览器	2026-10-04T07:14:12.9962096Z xvfb is already the newest version (2:21.1.12-1ubuntu1.8).
verify	安装锁定浏览器	2026-10-04T07:14:12.9962670Z fonts-noto-color-emoji is already the newest version (2.047-0ubuntu0.24.04.1).
verify	安装锁定浏览器	2026-10-04T07:14:12.9963352Z libfontconfig1 is already the newest version (2.15.0-1.1ubuntu2).
verify	安装锁定浏览器	2026-10-04T07:14:12.9963927Z libfontconfig1 set to manually installed.
verify	安装锁定浏览器	2026-10-04T07:14:12.9964729Z libfreetype6 is already the newest version (2.13.2+dfsg-1ubuntu0.1).
verify	安装锁定浏览器	2026-10-04T07:14:12.9965289Z libfreetype6 set to manually installed.
verify	安装锁定浏览器	2026-10-04T07:14:12.9965901Z fonts-liberation is already the newest version (1:2.1.5-3).
verify	安装锁定浏览器	2026-10-04T07:14:12.9966660Z fonts-liberation set to manually installed.
verify	安装锁定浏览器	2026-10-04T07:14:12.9967209Z The following additional packages will be installed:
verify	安装锁定浏览器	2026-10-04T07:14:12.9967966Z   libgl1-mesa-dri libglx-mesa0 mesa-libgallium xfonts-encodings xfonts-utils
verify	安装锁定浏览器	2026-10-04T07:14:12.9968534Z Recommended packages:
verify	安装锁定浏览器	2026-10-04T07:14:12.9968994Z   fonts-ipafont-mincho fonts-tlwg-loma
verify	安装锁定浏览器	2026-10-04T07:14:13.0161740Z The following NEW packages will be installed:
verify	安装锁定浏览器	2026-10-04T07:14:13.0162941Z   fonts-freefont-ttf fonts-ipafont-gothic fonts-tlwg-loma-otf fonts-unifont
verify	安装锁定浏览器	2026-10-04T07:14:13.0168667Z   fonts-wqy-zenhei xfonts-cyrillic xfonts-encodings xfonts-scalable
verify	安装锁定浏览器	2026-10-04T07:14:13.0169922Z   xfonts-utils
verify	安装锁定浏览器	2026-10-04T07:14:13.0173846Z The following packages will be upgraded:
verify	安装锁定浏览器	2026-10-04T07:14:13.0178594Z   libgbm1 libgl1-mesa-dri libglx-mesa0 mesa-libgallium
verify	安装锁定浏览器	2026-10-04T07:14:13.0342735Z 4 upgraded, 9 newly installed, 0 to remove and 21 not upgraded.
verify	安装锁定浏览器	2026-10-04T07:14:13.0343708Z Need to get 32.1 MB of archives.
verify	安装锁定浏览器	2026-10-04T07:14:13.0344999Z After this operation, 79.5 MB of additional disk space will be used.
verify	安装锁定浏览器	2026-10-04T07:14:13.0346057Z Get:1 file:/etc/apt/apt-mirrors.txt Mirrorlist [144 B]
verify	安装锁定浏览器	2026-10-04T07:14:13.0653792Z Get:2 http://azure.archive.ubuntu.com/ubuntu noble/universe amd64 fonts-ipafont-gothic all 00303-21ubuntu1 [3513 kB]
verify	安装锁定浏览器	2026-10-04T07:14:13.1311947Z Get:3 http://azure.archive.ubuntu.com/ubuntu noble/main amd64 fonts-freefont-ttf all 20211204+svn4273-2 [5641 kB]
verify	安装锁定浏览器	2026-10-04T07:14:13.1816555Z Get:4 http://azure.archive.ubuntu.com/ubuntu noble/universe amd64 fonts-tlwg-loma-otf all 1:0.7.3-1 [107 kB]
verify	安装锁定浏览器	2026-10-04T07:14:13.1962579Z Get:5 http://azure.archive.ubuntu.com/ubuntu noble/universe amd64 fonts-unifont all 1:15.1.01-1build1 [2993 kB]
verify	安装锁定浏览器	2026-10-04T07:14:13.2276422Z Get:6 http://azure.archive.ubuntu.com/ubuntu noble/universe amd64 fonts-wqy-zenhei all 0.9.45-8 [7472 kB]
verify	安装锁定浏览器	2026-10-04T07:14:13.2840567Z Get:7 http://azure.archive.ubuntu.com/ubuntu noble-updates/main amd64 libgl1-mesa-dri amd64 25.2.8-0ubuntu0.24.04.4 [38.0 kB]
verify	安装锁定浏览器	2026-10-04T07:14:13.2985560Z Get:8 http://azure.archive.ubuntu.com/ubuntu noble-updates/main amd64 libglx-mesa0 amd64 25.2.8-0ubuntu0.24.04.4 [110 kB]
verify	安装锁定浏览器	2026-10-04T07:14:13.3132465Z Get:9 http://azure.archive.ubuntu.com/ubuntu noble-updates/main amd64 libgbm1 amd64 25.2.8-0ubuntu0.24.04.4 [34.2 kB]
verify	安装锁定浏览器	2026-10-04T07:14:13.3276326Z Get:10 http://azure.archive.ubuntu.com/ubuntu noble-updates/main amd64 mesa-libgallium amd64 25.2.8-0ubuntu0.24.04.4 [10.8 MB]
verify	安装锁定浏览器	2026-10-04T07:14:13.4103785Z Get:11 http://azure.archive.ubuntu.com/ubuntu noble/main amd64 xfonts-encodings all 1:1.0.5-0ubuntu2 [578 kB]
verify	安装锁定浏览器	2026-10-04T07:14:13.4279295Z Get:12 http://azure.archive.ubuntu.com/ubuntu noble/main amd64 xfonts-utils amd64 1:7.7+6build3 [94.4 kB]
verify	安装锁定浏览器	2026-10-04T07:14:13.4428987Z Get:13 http://azure.archive.ubuntu.com/ubuntu noble/universe amd64 xfonts-cyrillic all 1:1.0.5+nmu1 [384 kB]
verify	安装锁定浏览器	2026-10-04T07:14:13.4594618Z Get:14 http://azure.archive.ubuntu.com/ubuntu noble/main amd64 xfonts-scalable all 1:1.0.3-1.3 [304 kB]
verify	安装锁定浏览器	2026-10-04T07:14:13.7121112Z Fetched 32.1 MB in 0s (73.3 MB/s)
verify	安装锁定浏览器	2026-10-04T07:14:13.7355374Z Selecting previously unselected package fonts-ipafont-gothic.
verify	安装锁定浏览器	2026-10-04T07:14:13.7683923Z (Reading database ... 
verify	安装锁定浏览器	2026-10-04T07:14:13.7684697Z (Reading database ... 5%
verify	安装锁定浏览器	2026-10-04T07:14:13.7685339Z (Reading database ... 10%
verify	安装锁定浏览器	2026-10-04T07:14:13.7686111Z (Reading database ... 15%
verify	安装锁定浏览器	2026-10-04T07:14:13.7686544Z (Reading database ... 20%
verify	安装锁定浏览器	2026-10-04T07:14:13.7687088Z (Reading database ... 25%
verify	安装锁定浏览器	2026-10-04T07:14:13.7687641Z (Reading database ... 30%
verify	安装锁定浏览器	2026-10-04T07:14:13.7688140Z (Reading database ... 35%
verify	安装锁定浏览器	2026-10-04T07:14:13.7688562Z (Reading database ... 40%
verify	安装锁定浏览器	2026-10-04T07:14:13.7689038Z (Reading database ... 45%
verify	安装锁定浏览器	2026-10-04T07:14:13.7689455Z (Reading database ... 50%
verify	安装锁定浏览器	2026-10-04T07:14:13.7733613Z (Reading database ... 55%
verify	安装锁定浏览器	2026-10-04T07:14:13.9096387Z (Reading database ... 60%
verify	安装锁定浏览器	2026-10-04T07:14:14.1007503Z (Reading database ... 65%
verify	安装锁定浏览器	2026-10-04T07:14:14.3060256Z (Reading database ... 70%
verify	安装锁定浏览器	2026-10-04T07:14:14.5059188Z (Reading database ... 75%
verify	安装锁定浏览器	2026-10-04T07:14:14.6485435Z (Reading database ... 80%
verify	安装锁定浏览器	2026-10-04T07:14:14.8544133Z (Reading database ... 85%
verify	安装锁定浏览器	2026-10-04T07:14:15.0579250Z (Reading database ... 90%
verify	安装锁定浏览器	2026-10-04T07:14:15.2125654Z (Reading database ... 95%
verify	安装锁定浏览器	2026-10-04T07:14:15.2126498Z (Reading database ... 100%
verify	安装锁定浏览器	2026-10-04T07:14:15.2127465Z (Reading database ... 202296 files and directories currently installed.)
verify	安装锁定浏览器	2026-10-04T07:14:15.2168065Z Preparing to unpack .../00-fonts-ipafont-gothic_00303-21ubuntu1_all.deb ...
verify	安装锁定浏览器	2026-10-04T07:14:15.2257590Z Unpacking fonts-ipafont-gothic (00303-21ubuntu1) ...
verify	安装锁定浏览器	2026-10-04T07:14:15.4553216Z Selecting previously unselected package fonts-freefont-ttf.
verify	安装锁定浏览器	2026-10-04T07:14:15.4683710Z Preparing to unpack .../01-fonts-freefont-ttf_20211204+svn4273-2_all.deb ...
verify	安装锁定浏览器	2026-10-04T07:14:15.4692663Z Unpacking fonts-freefont-ttf (20211204+svn4273-2) ...
verify	安装锁定浏览器	2026-10-04T07:14:15.5520118Z Selecting previously unselected package fonts-tlwg-loma-otf.
verify	安装锁定浏览器	2026-10-04T07:14:15.5647887Z Preparing to unpack .../02-fonts-tlwg-loma-otf_1%3a0.7.3-1_all.deb ...
verify	安装锁定浏览器	2026-10-04T07:14:15.5656327Z Unpacking fonts-tlwg-loma-otf (1:0.7.3-1) ...
verify	安装锁定浏览器	2026-10-04T07:14:15.5875344Z Selecting previously unselected package fonts-unifont.
verify	安装锁定浏览器	2026-10-04T07:14:15.6001198Z Preparing to unpack .../03-fonts-unifont_1%3a15.1.01-1build1_all.deb ...
verify	安装锁定浏览器	2026-10-04T07:14:15.6008643Z Unpacking fonts-unifont (1:15.1.01-1build1) ...
verify	安装锁定浏览器	2026-10-04T07:14:15.7047574Z Selecting previously unselected package fonts-wqy-zenhei.
verify	安装锁定浏览器	2026-10-04T07:14:15.7173143Z Preparing to unpack .../04-fonts-wqy-zenhei_0.9.45-8_all.deb ...
verify	安装锁定浏览器	2026-10-04T07:14:15.7272394Z Unpacking fonts-wqy-zenhei (0.9.45-8) ...
verify	安装锁定浏览器	2026-10-04T07:14:16.2032305Z Preparing to unpack .../05-libgl1-mesa-dri_25.2.8-0ubuntu0.24.04.4_amd64.deb ...
verify	安装锁定浏览器	2026-10-04T07:14:16.2174959Z Unpacking libgl1-mesa-dri:amd64 (25.2.8-0ubuntu0.24.04.4) over (25.2.8-0ubuntu0.24.04.2) ...
verify	安装锁定浏览器	2026-10-04T07:14:16.2671675Z Preparing to unpack .../06-libglx-mesa0_25.2.8-0ubuntu0.24.04.4_amd64.deb ...
verify	安装锁定浏览器	2026-10-04T07:14:16.2704460Z Unpacking libglx-mesa0:amd64 (25.2.8-0ubuntu0.24.04.4) over (25.2.8-0ubuntu0.24.04.2) ...
verify	安装锁定浏览器	2026-10-04T07:14:16.3061595Z Preparing to unpack .../07-libgbm1_25.2.8-0ubuntu0.24.04.4_amd64.deb ...
verify	安装锁定浏览器	2026-10-04T07:14:16.3087102Z Unpacking libgbm1:amd64 (25.2.8-0ubuntu0.24.04.4) over (25.2.8-0ubuntu0.24.04.2) ...
verify	安装锁定浏览器	2026-10-04T07:14:16.3451579Z Preparing to unpack .../08-mesa-libgallium_25.2.8-0ubuntu0.24.04.4_amd64.deb ...
verify	安装锁定浏览器	2026-10-04T07:14:16.3475396Z Unpacking mesa-libgallium:amd64 (25.2.8-0ubuntu0.24.04.4) over (25.2.8-0ubuntu0.24.04.2) ...
verify	安装锁定浏览器	2026-10-04T07:14:16.5102544Z Selecting previously unselected package xfonts-encodings.
verify	安装锁定浏览器	2026-10-04T07:14:16.5233152Z Preparing to unpack .../09-xfonts-encodings_1%3a1.0.5-0ubuntu2_all.deb ...
verify	安装锁定浏览器	2026-10-04T07:14:16.5240028Z Unpacking xfonts-encodings (1:1.0.5-0ubuntu2) ...
verify	安装锁定浏览器	2026-10-04T07:14:16.5523401Z Selecting previously unselected package xfonts-utils.
verify	安装锁定浏览器	2026-10-04T07:14:16.5658140Z Preparing to unpack .../10-xfonts-utils_1%3a7.7+6build3_amd64.deb ...
verify	安装锁定浏览器	2026-10-04T07:14:16.5664632Z Unpacking xfonts-utils (1:7.7+6build3) ...
verify	安装锁定浏览器	2026-10-04T07:14:16.6089831Z Selecting previously unselected package xfonts-cyrillic.
verify	安装锁定浏览器	2026-10-04T07:14:16.6221243Z Preparing to unpack .../11-xfonts-cyrillic_1%3a1.0.5+nmu1_all.deb ...
verify	安装锁定浏览器	2026-10-04T07:14:16.6226666Z Unpacking xfonts-cyrillic (1:1.0.5+nmu1) ...
verify	安装锁定浏览器	2026-10-04T07:14:16.6571971Z Selecting previously unselected package xfonts-scalable.
verify	安装锁定浏览器	2026-10-04T07:14:16.6698702Z Preparing to unpack .../12-xfonts-scalable_1%3a1.0.3-1.3_all.deb ...
verify	安装锁定浏览器	2026-10-04T07:14:16.6705447Z Unpacking xfonts-scalable (1:1.0.3-1.3) ...
verify	安装锁定浏览器	2026-10-04T07:14:16.7174469Z Setting up mesa-libgallium:amd64 (25.2.8-0ubuntu0.24.04.4) ...
verify	安装锁定浏览器	2026-10-04T07:14:16.7197996Z Setting up libgbm1:amd64 (25.2.8-0ubuntu0.24.04.4) ...
verify	安装锁定浏览器	2026-10-04T07:14:16.7217428Z Setting up libgl1-mesa-dri:amd64 (25.2.8-0ubuntu0.24.04.4) ...
verify	安装锁定浏览器	2026-10-04T07:14:16.7288519Z Setting up fonts-wqy-zenhei (0.9.45-8) ...
verify	安装锁定浏览器	2026-10-04T07:14:16.7402848Z Setting up fonts-freefont-ttf (20211204+svn4273-2) ...
verify	安装锁定浏览器	2026-10-04T07:14:16.7419395Z Setting up fonts-tlwg-loma-otf (1:0.7.3-1) ...
verify	安装锁定浏览器	2026-10-04T07:14:16.7438172Z Setting up xfonts-encodings (1:1.0.5-0ubuntu2) ...
verify	安装锁定浏览器	2026-10-04T07:14:16.7456767Z Setting up fonts-ipafont-gothic (00303-21ubuntu1) ...
verify	安装锁定浏览器	2026-10-04T07:14:16.7521819Z update-alternatives: using /usr/share/fonts/opentype/ipafont-gothic/ipag.ttf to provide /usr/share/fonts/truetype/fonts-japanese-gothic.ttf (fonts-japanese-gothic.ttf) in auto mode
verify	安装锁定浏览器	2026-10-04T07:14:16.7536154Z Setting up fonts-unifont (1:15.1.01-1build1) ...
verify	安装锁定浏览器	2026-10-04T07:14:16.7554307Z Setting up libglx-mesa0:amd64 (25.2.8-0ubuntu0.24.04.4) ...
verify	安装锁定浏览器	2026-10-04T07:14:16.7572886Z Setting up xfonts-utils (1:7.7+6build3) ...
verify	安装锁定浏览器	2026-10-04T07:14:16.7614932Z Setting up xfonts-cyrillic (1:1.0.5+nmu1) ...
verify	安装锁定浏览器	2026-10-04T07:14:16.7910209Z Setting up xfonts-scalable (1:1.0.3-1.3) ...
verify	安装锁定浏览器	2026-10-04T07:14:16.8204803Z Processing triggers for libc-bin (2.39-0ubuntu8.9) ...
verify	安装锁定浏览器	2026-10-04T07:14:16.8553984Z Processing triggers for man-db (2.12.0-4build2) ...
verify	安装锁定浏览器	2026-10-04T07:14:16.8579851Z Not building database; man-db/auto-update is not 'true'.
verify	安装锁定浏览器	2026-10-04T07:14:16.8593932Z Processing triggers for fontconfig (2.15.0-1.1ubuntu2) ...
verify	安装锁定浏览器	2026-10-04T07:14:17.6284562Z 
verify	安装锁定浏览器	2026-10-04T07:14:17.6285446Z Running kernel seems to be up-to-date.
verify	安装锁定浏览器	2026-10-04T07:14:17.6285887Z 
verify	安装锁定浏览器	2026-10-04T07:14:17.6286148Z No services need to be restarted.
verify	安装锁定浏览器	2026-10-04T07:14:17.6286425Z 
verify	安装锁定浏览器	2026-10-04T07:14:17.6286629Z No containers need to be restarted.
verify	安装锁定浏览器	2026-10-04T07:14:17.6286872Z 
verify	安装锁定浏览器	2026-10-04T07:14:17.6287125Z No user sessions are running outdated binaries.
verify	安装锁定浏览器	2026-10-04T07:14:17.6287444Z 
verify	安装锁定浏览器	2026-10-04T07:14:17.6287837Z No VM guests are running outdated hypervisor (qemu) binaries on this host.
verify	安装锁定浏览器	2026-10-04T07:14:18.5235616Z Downloading Chrome for Testing 153.0.8010.12 (playwright chromium v1243) from https://cdn.playwright.dev/builds/cft/153.0.8010.12/linux64/chrome-linux64.zip
verify	安装锁定浏览器	2026-10-04T07:14:18.9025457Z |                                                                                |   0% of 186.8 MiB
verify	安装锁定浏览器	2026-10-04T07:14:19.0824489Z |■■■■■■■■                                                                        |  10% of 186.8 MiB
verify	安装锁定浏览器	2026-10-04T07:14:19.1771589Z |■■■■■■■■■■■■■■■■                                                                |  20% of 186.8 MiB
verify	安装锁定浏览器	2026-10-04T07:14:19.2827769Z |■■■■■■■■■■■■■■■■■■■■■■■■                                                        |  30% of 186.8 MiB
verify	安装锁定浏览器	2026-10-04T07:14:19.3483822Z |■■■■■■■■■■■■■■■■■■■■■■■■■■■■■■■■                                                |  40% of 186.8 MiB
verify	安装锁定浏览器	2026-10-04T07:14:19.4362307Z |■■■■■■■■■■■■■■■■■■■■■■■■■■■■■■■■■■■■■■■■                                        |  50% of 186.8 MiB
verify	安装锁定浏览器	2026-10-04T07:14:19.5001966Z |■■■■■■■■■■■■■■■■■■■■■■■■■■■■■■■■■■■■■■■■■■■■■■■■                                |  60% of 186.8 MiB
verify	安装锁定浏览器	2026-10-04T07:14:19.5801601Z |■■■■■■■■■■■■■■■■■■■■■■■■■■■■■■■■■■■■■■■■■■■■■■■■■■■■■■■■                        |  70% of 186.8 MiB
verify	安装锁定浏览器	2026-10-04T07:14:19.6777194Z |■■■■■■■■■■■■■■■■■■■■■■■■■■■■■■■■■■■■■■■■■■■■■■■■■■■■■■■■■■■■■■■■                |  80% of 186.8 MiB
verify	安装锁定浏览器	2026-10-04T07:14:19.7369993Z |■■■■■■■■■■■■■■■■■■■■■■■■■■■■■■■■■■■■■■■■■■■■■■■■■■■■■■■■■■■■■■■■■■■■■■■■        |  90% of 186.8 MiB
verify	安装锁定浏览器	2026-10-04T07:14:19.8166238Z |■■■■■■■■■■■■■■■■■■■■■■■■■■■■■■■■■■■■■■■■■■■■■■■■■■■■■■■■■■■■■■■■■■■■■■■■■■■■■■■■| 100% of 186.8 MiB
verify	安装锁定浏览器	2026-10-04T07:14:22.9779043Z Chrome for Testing 153.0.8010.12 (playwright chromium v1243) downloaded to /home/runner/.cache/ms-playwright/chromium-1243
verify	安装锁定浏览器	2026-10-04T07:14:22.9783674Z Downloading FFmpeg (playwright ffmpeg v1011) from https://cdn.playwright.dev/dbazure/download/playwright/builds/ffmpeg/1011/ffmpeg-linux.zip
verify	安装锁定浏览器	2026-10-04T07:14:23.3220757Z |                                                                                |   0% of 2.3 MiB
verify	安装锁定浏览器	2026-10-04T07:14:23.3273439Z |■■■■■■■■                                                                        |  10% of 2.3 MiB
verify	安装锁定浏览器	2026-10-04T07:14:23.3297210Z |■■■■■■■■■■■■■■■■                                                                |  20% of 2.3 MiB
verify	安装锁定浏览器	2026-10-04T07:14:23.3319945Z |■■■■■■■■■■■■■■■■■■■■■■■■                                                        |  30% of 2.3 MiB
verify	安装锁定浏览器	2026-10-04T07:14:23.3335375Z |■■■■■■■■■■■■■■■■■■■■■■■■■■■■■■■■                                                |  40% of 2.3 MiB
verify	安装锁定浏览器	2026-10-04T07:14:23.3350215Z |■■■■■■■■■■■■■■■■■■■■■■■■■■■■■■■■■■■■■■■■                                        |  50% of 2.3 MiB
verify	安装锁定浏览器	2026-10-04T07:14:23.3360959Z |■■■■■■■■■■■■■■■■■■■■■■■■■■■■■■■■■■■■■■■■■■■■■■■■                                |  60% of 2.3 MiB
verify	安装锁定浏览器	2026-10-04T07:14:23.3375331Z |■■■■■■■■■■■■■■■■■■■■■■■■■■■■■■■■■■■■■■■■■■■■■■■■■■■■■■■■                        |  70% of 2.3 MiB
verify	安装锁定浏览器	2026-10-04T07:14:23.3393525Z |■■■■■■■■■■■■■■■■■■■■■■■■■■■■■■■■■■■■■■■■■■■■■■■■■■■■■■■■■■■■■■■■                |  80% of 2.3 MiB
verify	安装锁定浏览器	2026-10-04T07:14:23.3414915Z |■■■■■■■■■■■■■■■■■■■■■■■■■■■■■■■■■■■■■■■■■■■■■■■■■■■■■■■■■■■■■■■■■■■■■■■■        |  90% of 2.3 MiB
verify	安装锁定浏览器	2026-10-04T07:14:23.3422663Z |■■■■■■■■■■■■■■■■■■■■■■■■■■■■■■■■■■■■■■■■■■■■■■■■■■■■■■■■■■■■■■■■■■■■■■■■■■■■■■■■| 100% of 2.3 MiB
verify	安装锁定浏览器	2026-10-04T07:14:23.4055232Z FFmpeg (playwright ffmpeg v1011) downloaded to /home/runner/.cache/ms-playwright/ffmpeg-1011
verify	安装锁定浏览器	2026-10-04T07:14:23.4057776Z Downloading Chrome Headless Shell 153.0.8010.12 (playwright chromium-headless-shell v1243) from https://cdn.playwright.dev/builds/cft/153.0.8010.12/linux64/chrome-headless-shell-linux64.zip
verify	安装锁定浏览器	2026-10-04T07:14:23.7792507Z |                                                                                |   0% of 114.3 MiB
verify	安装锁定浏览器	2026-10-04T07:14:23.9111512Z |■■■■■■■■                                                                        |  10% of 114.3 MiB
verify	安装锁定浏览器	2026-10-04T07:14:23.9878251Z |■■■■■■■■■■■■■■■■                                                                |  20% of 114.3 MiB
verify	安装锁定浏览器	2026-10-04T07:14:24.0447052Z |■■■■■■■■■■■■■■■■■■■■■■■■                                                        |  30% of 114.3 MiB
verify	安装锁定浏览器	2026-10-04T07:14:24.1030675Z |■■■■■■■■■■■■■■■■■■■■■■■■■■■■■■■■                                                |  40% of 114.3 MiB
verify	安装锁定浏览器	2026-10-04T07:14:24.1959093Z |■■■■■■■■■■■■■■■■■■■■■■■■■■■■■■■■■■■■■■■■                                        |  50% of 114.3 MiB
verify	安装锁定浏览器	2026-10-04T07:14:24.2392295Z |■■■■■■■■■■■■■■■■■■■■■■■■■■■■■■■■■■■■■■■■■■■■■■■■                                |  60% of 114.3 MiB
verify	安装锁定浏览器	2026-10-04T07:14:24.3002876Z |■■■■■■■■■■■■■■■■■■■■■■■■■■■■■■■■■■■■■■■■■■■■■■■■■■■■■■■■                        |  70% of 114.3 MiB
verify	安装锁定浏览器	2026-10-04T07:14:24.3584393Z |■■■■■■■■■■■■■■■■■■■■■■■■■■■■■■■■■■■■■■■■■■■■■■■■■■■■■■■■■■■■■■■■                |  80% of 114.3 MiB
verify	安装锁定浏览器	2026-10-04T07:14:24.3950749Z |■■■■■■■■■■■■■■■■■■■■■■■■■■■■■■■■■■■■■■■■■■■■■■■■■■■■■■■■■■■■■■■■■■■■■■■■        |  90% of 114.3 MiB
verify	安装锁定浏览器	2026-10-04T07:14:24.4447306Z |■■■■■■■■■■■■■■■■■■■■■■■■■■■■■■■■■■■■■■■■■■■■■■■■■■■■■■■■■■■■■■■■■■■■■■■■■■■■■■■■| 100% of 114.3 MiB
verify	安装锁定浏览器	2026-10-04T07:14:26.7121023Z Chrome Headless Shell 153.0.8010.12 (playwright chromium-headless-shell v1243) downloaded to /home/runner/.cache/ms-playwright/chromium_headless_shell-1243
verify	真实公共目录与阅读浏览器回归	﻿2026-10-04T07:14:26.7485023Z ##[group]Run node tools/verify/run.mjs --cwd frontend -- env -u NO_COLOR npm run e2e -- catalogue.spec.ts reading.spec.ts
verify	真实公共目录与阅读浏览器回归	2026-10-04T07:14:26.7486570Z ^[[36;1mnode tools/verify/run.mjs --cwd frontend -- env -u NO_COLOR npm run e2e -- catalogue.spec.ts reading.spec.ts^[[0m
verify	真实公共目录与阅读浏览器回归	2026-10-04T07:14:26.7563712Z shell: /usr/bin/bash -e {0}
verify	真实公共目录与阅读浏览器回归	2026-10-04T07:14:26.7563992Z env:
verify	真实公共目录与阅读浏览器回归	2026-10-04T07:14:26.7564182Z   CGO_ENABLED: 0
verify	真实公共目录与阅读浏览器回归	2026-10-04T07:14:26.7564400Z   GOTOOLCHAIN: local
verify	真实公共目录与阅读浏览器回归	2026-10-04T07:14:26.7564647Z   NEXT_TELEMETRY_DISABLED: 1
verify	真实公共目录与阅读浏览器回归	2026-10-04T07:14:26.7565276Z   TEST_DATABASE_URL: ***127.0.0.1:5432/math_master_test_ci?sslmode=disable
verify	真实公共目录与阅读浏览器回归	2026-10-04T07:14:26.7565692Z ##[endgroup]
verify	真实公共目录与阅读浏览器回归	2026-10-04T07:14:26.8848364Z 
verify	真实公共目录与阅读浏览器回归	2026-10-04T07:14:26.8849096Z > math-master-frontend@0.1.0 e2e
verify	真实公共目录与阅读浏览器回归	2026-10-04T07:14:26.8850616Z > playwright test --config ../tests/e2e/playwright.config.ts catalogue.spec.ts reading.spec.ts
verify	真实公共目录与阅读浏览器回归	2026-10-04T07:14:26.8851369Z 
verify	真实公共目录与阅读浏览器回归	2026-10-04T07:14:29.3271372Z 
verify	真实公共目录与阅读浏览器回归	2026-10-04T07:14:29.3272244Z Running 16 tests using 1 worker
verify	真实公共目录与阅读浏览器回归	2026-10-04T07:14:29.3272807Z 
verify	真实公共目录与阅读浏览器回归	2026-10-04T07:14:31.5081909Z   ✓   1 [desktop] › ../tests/e2e/catalogue.spec.ts:3:5 › draftCatalogueShowsSixteenDomainsAndFiftySixTopics (1.5s)
verify	真实公共目录与阅读浏览器回归	2026-10-04T07:14:33.1561598Z   ✓   2 [desktop] › ../tests/e2e/catalogue.spec.ts:55:5 › englishChineseSearchAndHistoryWork (1.6s)
verify	真实公共目录与阅读浏览器回归	2026-10-04T07:14:34.2668664Z   ✓   3 [desktop] › ../tests/e2e/catalogue.spec.ts:87:5 › emptyAndUnavailableAreDistinct (1.1s)
verify	真实公共目录与阅读浏览器回归	2026-10-04T07:14:34.9544098Z   ✓   4 [desktop] › ../tests/e2e/catalogue.spec.ts:110:5 › keyboardCanReachEveryDomain (665ms)
verify	真实公共目录与阅读浏览器回归	2026-10-04T07:14:37.2184301Z   ✓   5 [desktop] › ../tests/e2e/reading.spec.ts:3:5 › publishedFixtureCanBeReadWithMathAndOriginalSvg (2.2s)
verify	真实公共目录与阅读浏览器回归	2026-10-04T07:14:47.1562374Z   ✓   6 [desktop] › ../tests/e2e/reading.spec.ts:72:5 › withdrawalStopsNewReadsAndAssetRequests (9.9s)
verify	真实公共目录与阅读浏览器回归	2026-10-04T07:14:47.8734408Z   ✓   7 [desktop] › ../tests/e2e/reading.spec.ts:150:5 › longNamesAndMultiPrerequisitesFitBothViewports (705ms)
verify	真实公共目录与阅读浏览器回归	2026-10-04T07:14:48.4723393Z   ✓   8 [desktop] › ../tests/e2e/reading.spec.ts:183:5 › clientResponsesDoNotExposeInternalConfiguration (584ms)
verify	真实公共目录与阅读浏览器回归	2026-10-04T07:14:49.8413306Z   ✓   9 [mobile] › ../tests/e2e/catalogue.spec.ts:3:5 › draftCatalogueShowsSixteenDomainsAndFiftySixTopics (816ms)
verify	真实公共目录与阅读浏览器回归	2026-10-04T07:14:51.7130356Z   ✓  10 [mobile] › ../tests/e2e/catalogue.spec.ts:55:5 › englishChineseSearchAndHistoryWork (1.9s)
verify	真实公共目录与阅读浏览器回归	2026-10-04T07:14:52.6672038Z   ✓  11 [mobile] › ../tests/e2e/catalogue.spec.ts:87:5 › emptyAndUnavailableAreDistinct (939ms)
verify	真实公共目录与阅读浏览器回归	2026-10-04T07:14:53.3528288Z   ✓  12 [mobile] › ../tests/e2e/catalogue.spec.ts:110:5 › keyboardCanReachEveryDomain (666ms)
verify	真实公共目录与阅读浏览器回归	2026-10-04T07:14:55.1144208Z   ✓  13 [mobile] › ../tests/e2e/reading.spec.ts:3:5 › publishedFixtureCanBeReadWithMathAndOriginalSvg (1.7s)
verify	真实公共目录与阅读浏览器回归	2026-10-04T07:15:02.4205936Z   ✓  14 [mobile] › ../tests/e2e/reading.spec.ts:72:5 › withdrawalStopsNewReadsAndAssetRequests (7.3s)
verify	真实公共目录与阅读浏览器回归	2026-10-04T07:15:03.0613325Z   ✓  15 [mobile] › ../tests/e2e/reading.spec.ts:150:5 › longNamesAndMultiPrerequisitesFitBothViewports (628ms)
verify	真实公共目录与阅读浏览器回归	2026-10-04T07:15:03.6431114Z   ✓  16 [mobile] › ../tests/e2e/reading.spec.ts:183:5 › clientResponsesDoNotExposeInternalConfiguration (571ms)
verify	真实公共目录与阅读浏览器回归	2026-10-04T07:15:04.0082201Z 
verify	真实公共目录与阅读浏览器回归	2026-10-04T07:15:04.0082839Z   16 passed (36.5s)
verify	真实账户与权限浏览器回归	﻿2026-10-04T07:15:04.0695711Z ##[group]Run node tools/verify/run.mjs --cwd frontend -- env -u NO_COLOR npm run e2e -- auth.spec.ts auth-security.spec.ts
verify	真实账户与权限浏览器回归	2026-10-04T07:15:04.0696645Z ^[[36;1mnode tools/verify/run.mjs --cwd frontend -- env -u NO_COLOR npm run e2e -- auth.spec.ts auth-security.spec.ts^[[0m
verify	真实账户与权限浏览器回归	2026-10-04T07:15:04.0760032Z shell: /usr/bin/bash -e {0}
verify	真实账户与权限浏览器回归	2026-10-04T07:15:04.0760308Z env:
verify	真实账户与权限浏览器回归	2026-10-04T07:15:04.0760503Z   CGO_ENABLED: 0
verify	真实账户与权限浏览器回归	2026-10-04T07:15:04.0760744Z   GOTOOLCHAIN: local
verify	真实账户与权限浏览器回归	2026-10-04T07:15:04.0760982Z   NEXT_TELEMETRY_DISABLED: 1
verify	真实账户与权限浏览器回归	2026-10-04T07:15:04.0761593Z   TEST_DATABASE_URL: ***127.0.0.1:5432/math_master_test_ci?sslmode=disable
verify	真实账户与权限浏览器回归	2026-10-04T07:15:04.0761978Z ##[endgroup]
verify	真实账户与权限浏览器回归	2026-10-04T07:15:04.2122027Z 
verify	真实账户与权限浏览器回归	2026-10-04T07:15:04.2122948Z > math-master-frontend@0.1.0 e2e
verify	真实账户与权限浏览器回归	2026-10-04T07:15:04.2123860Z > playwright test --config ../tests/e2e/playwright.config.ts auth.spec.ts auth-security.spec.ts
verify	真实账户与权限浏览器回归	2026-10-04T07:15:04.2124383Z 
verify	真实账户与权限浏览器回归	2026-10-04T07:15:06.5874528Z 
verify	真实账户与权限浏览器回归	2026-10-04T07:15:06.5875232Z Running 12 tests using 1 worker
verify	真实账户与权限浏览器回归	2026-10-04T07:15:06.5875713Z 
verify	真实账户与权限浏览器回归	2026-10-04T07:15:07.8002372Z   ✓   1 [desktop] › ../tests/e2e/auth-security.spec.ts:3:5 › csrfCrossOriginAndForgedRolesCannotChangeIdentity (719ms)
verify	真实账户与权限浏览器回归	2026-10-04T07:15:09.0682330Z [WebServer] ⨯ Error: The destination stream closed early.
verify	真实账户与权限浏览器回归	2026-10-04T07:15:09.0683355Z [WebServer]     at ignore-listed frames {
verify	真实账户与权限浏览器回归	2026-10-04T07:15:09.0683973Z [WebServer]   digest: '3520987528'
verify	真实账户与权限浏览器回归	2026-10-04T07:15:09.0684425Z [WebServer] }
verify	真实账户与权限浏览器回归	2026-10-04T07:15:09.0877312Z [WebServer] ⨯ Error: The destination stream closed early.
verify	真实账户与权限浏览器回归	2026-10-04T07:15:09.0878036Z [WebServer]     at ignore-listed frames {
verify	真实账户与权限浏览器回归	2026-10-04T07:15:09.0878707Z [WebServer]   digest: '3520987528'
verify	真实账户与权限浏览器回归	2026-10-04T07:15:09.0879206Z [WebServer] }
verify	真实账户与权限浏览器回归	2026-10-04T07:15:09.5028507Z   ✓   2 [desktop] › ../tests/e2e/auth-security.spec.ts:21:5 › crossSiteWriteIsRejectedAndFailureRecoveryRetainsSession (1.7s)
verify	真实账户与权限浏览器回归	2026-10-04T07:15:09.5637803Z   ✓   3 [desktop] › ../tests/e2e/auth-security.spec.ts:41:5 › TestControlFailureIsSanitized (46ms)
verify	真实账户与权限浏览器回归	2026-10-04T07:15:11.0446171Z   ✓   4 [desktop] › ../tests/e2e/auth.spec.ts:3:5 › registrationLoginAndSignOutUseRealIdentity (1.5s)
verify	真实账户与权限浏览器回归	2026-10-04T07:15:13.0183053Z   ✓   5 [desktop] › ../tests/e2e/auth.spec.ts:33:5 › passwordChangeRevokesAnotherBrowserSession (1.9s)
verify	真实账户与权限浏览器回归	2026-10-04T07:15:16.8764491Z   ✓   6 [desktop] › ../tests/e2e/auth.spec.ts:51:5 › administratorVerifiesRolesAndResetsVerifiedOwner (3.8s)
verify	真实账户与权限浏览器回归	2026-10-04T07:15:18.0361744Z   ✓   7 [mobile] › ../tests/e2e/auth-security.spec.ts:3:5 › csrfCrossOriginAndForgedRolesCannotChangeIdentity (615ms)
verify	真实账户与权限浏览器回归	2026-10-04T07:15:18.9894269Z [WebServer] ⨯ Error: The destination stream closed early.
verify	真实账户与权限浏览器回归	2026-10-04T07:15:18.9895675Z [WebServer]     at ignore-listed frames {
verify	真实账户与权限浏览器回归	2026-10-04T07:15:18.9898106Z [WebServer]   digest: '3520987528'
verify	真实账户与权限浏览器回归	2026-10-04T07:15:18.9898862Z [WebServer] }
verify	真实账户与权限浏览器回归	2026-10-04T07:15:18.9979499Z [WebServer] ⨯ Error: The destination stream closed early.
verify	真实账户与权限浏览器回归	2026-10-04T07:15:18.9980974Z [WebServer]     at ignore-listed frames {
verify	真实账户与权限浏览器回归	2026-10-04T07:15:18.9981873Z [WebServer]   digest: '3520987528'
verify	真实账户与权限浏览器回归	2026-10-04T07:15:18.9982676Z [WebServer] }
verify	真实账户与权限浏览器回归	2026-10-04T07:15:19.3897903Z   ✓   8 [mobile] › ../tests/e2e/auth-security.spec.ts:21:5 › crossSiteWriteIsRejectedAndFailureRecoveryRetainsSession (1.3s)
verify	真实账户与权限浏览器回归	2026-10-04T07:15:19.4544699Z   ✓   9 [mobile] › ../tests/e2e/auth-security.spec.ts:41:5 › TestControlFailureIsSanitized (50ms)
verify	真实账户与权限浏览器回归	2026-10-04T07:15:20.8575486Z   ✓  10 [mobile] › ../tests/e2e/auth.spec.ts:3:5 › registrationLoginAndSignOutUseRealIdentity (1.4s)
verify	真实账户与权限浏览器回归	2026-10-04T07:15:22.2535856Z   ✓  11 [mobile] › ../tests/e2e/auth.spec.ts:33:5 › passwordChangeRevokesAnotherBrowserSession (1.4s)
verify	真实账户与权限浏览器回归	2026-10-04T07:15:24.7878588Z   ✓  12 [mobile] › ../tests/e2e/auth.spec.ts:51:5 › administratorVerifiesRolesAndResetsVerifiedOwner (2.5s)
verify	真实账户与权限浏览器回归	2026-10-04T07:15:25.0082965Z 
verify	真实账户与权限浏览器回归	2026-10-04T07:15:25.0089304Z   12 passed (20.3s)
verify	真实内容编写与冲突回归	﻿2026-10-04T07:15:25.0854719Z ##[group]Run node tools/verify/run.mjs --cwd frontend -- env -u NO_COLOR npm run e2e -- content-authoring.spec.ts
verify	真实内容编写与冲突回归	2026-10-04T07:15:25.0856058Z ^[[36;1mnode tools/verify/run.mjs --cwd frontend -- env -u NO_COLOR npm run e2e -- content-authoring.spec.ts^[[0m
verify	真实内容编写与冲突回归	2026-10-04T07:15:25.0925574Z shell: /usr/bin/bash -e {0}
verify	真实内容编写与冲突回归	2026-10-04T07:15:25.0925844Z env:
verify	真实内容编写与冲突回归	2026-10-04T07:15:25.0926035Z   CGO_ENABLED: 0
verify	真实内容编写与冲突回归	2026-10-04T07:15:25.0926258Z   GOTOOLCHAIN: local
verify	真实内容编写与冲突回归	2026-10-04T07:15:25.0926495Z   NEXT_TELEMETRY_DISABLED: 1
verify	真实内容编写与冲突回归	2026-10-04T07:15:25.0927117Z   TEST_DATABASE_URL: ***127.0.0.1:5432/math_master_test_ci?sslmode=disable
verify	真实内容编写与冲突回归	2026-10-04T07:15:25.0927514Z ##[endgroup]
verify	真实内容编写与冲突回归	2026-10-04T07:15:25.2213196Z 
verify	真实内容编写与冲突回归	2026-10-04T07:15:25.2213756Z > math-master-frontend@0.1.0 e2e
verify	真实内容编写与冲突回归	2026-10-04T07:15:25.2214879Z > playwright test --config ../tests/e2e/playwright.config.ts content-authoring.spec.ts
verify	真实内容编写与冲突回归	2026-10-04T07:15:25.2215537Z 
verify	真实内容编写与冲突回归	2026-10-04T07:15:27.5996214Z 
verify	真实内容编写与冲突回归	2026-10-04T07:15:27.5996968Z Running 4 tests using 1 worker
verify	真实内容编写与冲突回归	2026-10-04T07:15:27.5997376Z 
verify	真实内容编写与冲突回归	2026-10-04T07:15:31.5721513Z   ✓  1 [desktop] › ../tests/e2e/content-authoring.spec.ts:4:5 › contentStructuredAuthoringPreviewExportAndFrozenSubmission (3.5s)
verify	真实内容编写与冲突回归	2026-10-04T07:15:34.3668748Z   ✓  2 [desktop] › ../tests/e2e/content-authoring.spec.ts:6:5 › contentSaveConflictRetainsUnsavedInput (2.8s)
verify	真实内容编写与冲突回归	2026-10-04T07:15:38.6162072Z   ✓  3 [mobile] › ../tests/e2e/content-authoring.spec.ts:4:5 › contentStructuredAuthoringPreviewExportAndFrozenSubmission (3.7s)
verify	真实内容编写与冲突回归	2026-10-04T07:15:41.0823045Z   ✓  4 [mobile] › ../tests/e2e/content-authoring.spec.ts:6:5 › contentSaveConflictRetainsUnsavedInput (2.4s)
verify	真实内容编写与冲突回归	2026-10-04T07:15:41.2390847Z 
verify	真实内容编写与冲突回归	2026-10-04T07:15:41.2396001Z   4 passed (15.5s)
verify	真实独立复核回归	﻿2026-10-04T07:15:41.3254460Z ##[group]Run node tools/verify/run.mjs --cwd frontend -- env -u NO_COLOR npm run e2e -- content-review.spec.ts
verify	真实独立复核回归	2026-10-04T07:15:41.3255275Z ^[[36;1mnode tools/verify/run.mjs --cwd frontend -- env -u NO_COLOR npm run e2e -- content-review.spec.ts^[[0m
verify	真实独立复核回归	2026-10-04T07:15:41.3318698Z shell: /usr/bin/bash -e {0}
verify	真实独立复核回归	2026-10-04T07:15:41.3318969Z env:
verify	真实独立复核回归	2026-10-04T07:15:41.3319157Z   CGO_ENABLED: 0
verify	真实独立复核回归	2026-10-04T07:15:41.3319364Z   GOTOOLCHAIN: local
verify	真实独立复核回归	2026-10-04T07:15:41.3319873Z   NEXT_TELEMETRY_DISABLED: 1
verify	真实独立复核回归	2026-10-04T07:15:41.3320508Z   TEST_DATABASE_URL: ***127.0.0.1:5432/math_master_test_ci?sslmode=disable
verify	真实独立复核回归	2026-10-04T07:15:41.3320891Z ##[endgroup]
verify	真实独立复核回归	2026-10-04T07:15:41.4572226Z 
verify	真实独立复核回归	2026-10-04T07:15:41.4572913Z > math-master-frontend@0.1.0 e2e
verify	真实独立复核回归	2026-10-04T07:15:41.4573717Z > playwright test --config ../tests/e2e/playwright.config.ts content-review.spec.ts
verify	真实独立复核回归	2026-10-04T07:15:41.4574191Z 
verify	真实独立复核回归	2026-10-04T07:15:43.8004438Z 
verify	真实独立复核回归	2026-10-04T07:15:43.8005155Z Running 4 tests using 1 worker
verify	真实独立复核回归	2026-10-04T07:15:43.8005587Z 
verify	真实独立复核回归	2026-10-04T07:15:48.7061203Z   ✓  1 [desktop] › ../tests/e2e/content-review.spec.ts:4:5 › contentIndependentAccountApprovesFixedBody (4.4s)
verify	真实独立复核回归	2026-10-04T07:15:53.6537328Z   ✓  2 [desktop] › ../tests/e2e/content-review.spec.ts:9:5 › contentReturnRestoresWorkspaceAndPreservesFrozenBody (4.9s)
verify	真实独立复核回归	2026-10-04T07:15:58.5078564Z   ✓  3 [mobile] › ../tests/e2e/content-review.spec.ts:4:5 › contentIndependentAccountApprovesFixedBody (4.3s)
verify	真实独立复核回归	2026-10-04T07:16:03.3382254Z   ✓  4 [mobile] › ../tests/e2e/content-review.spec.ts:9:5 › contentReturnRestoresWorkspaceAndPreservesFrozenBody (4.8s)
verify	真实独立复核回归	2026-10-04T07:16:03.5138039Z 
verify	真实独立复核回归	2026-10-04T07:16:03.5161197Z   4 passed (21.5s)
verify	真实发布与撤回回归	﻿2026-10-04T07:16:03.5695516Z ##[group]Run node tools/verify/run.mjs --cwd frontend -- env -u NO_COLOR npm run e2e -- content-release.spec.ts
verify	真实发布与撤回回归	2026-10-04T07:16:03.5696362Z ^[[36;1mnode tools/verify/run.mjs --cwd frontend -- env -u NO_COLOR npm run e2e -- content-release.spec.ts^[[0m
verify	真实发布与撤回回归	2026-10-04T07:16:03.5760014Z shell: /usr/bin/bash -e {0}
verify	真实发布与撤回回归	2026-10-04T07:16:03.5760295Z env:
verify	真实发布与撤回回归	2026-10-04T07:16:03.5760675Z   CGO_ENABLED: 0
verify	真实发布与撤回回归	2026-10-04T07:16:03.5760887Z   GOTOOLCHAIN: local
verify	真实发布与撤回回归	2026-10-04T07:16:03.5761124Z   NEXT_TELEMETRY_DISABLED: 1
verify	真实发布与撤回回归	2026-10-04T07:16:03.5761729Z   TEST_DATABASE_URL: ***127.0.0.1:5432/math_master_test_ci?sslmode=disable
verify	真实发布与撤回回归	2026-10-04T07:16:03.5762114Z ##[endgroup]
verify	真实发布与撤回回归	2026-10-04T07:16:03.7057660Z 
verify	真实发布与撤回回归	2026-10-04T07:16:03.7058261Z > math-master-frontend@0.1.0 e2e
verify	真实发布与撤回回归	2026-10-04T07:16:03.7059326Z > playwright test --config ../tests/e2e/playwright.config.ts content-release.spec.ts
verify	真实发布与撤回回归	2026-10-04T07:16:03.7060379Z 
verify	真实发布与撤回回归	2026-10-04T07:16:06.0605816Z 
verify	真实发布与撤回回归	2026-10-04T07:16:06.0606526Z Running 4 tests using 1 worker
verify	真实发布与撤回回归	2026-10-04T07:16:06.0606895Z 
verify	真实发布与撤回回归	2026-10-04T07:16:13.5850510Z   ✓  1 [desktop] › ../tests/e2e/content-release.spec.ts:4:5 › contentPublicationReauthCancelActivationAndWithdrawal (7.0s)
verify	真实发布与撤回回归	2026-10-04T07:16:23.4415156Z [WebServer] 2026/10/04 07:16:23 ERROR Private API request failed request_id=9c92efab1e56a32d475a04bbc546cfcb error_code=SERVICE_UNAVAILABLE
verify	真实发布与撤回回归	2026-10-04T07:16:26.5549326Z [WebServer] ⨯ Error: The destination stream closed early.
verify	真实发布与撤回回归	2026-10-04T07:16:26.5552735Z [WebServer]     at ignore-listed frames {
verify	真实发布与撤回回归	2026-10-04T07:16:26.5553858Z [WebServer]   digest: '3520987528'
verify	真实发布与撤回回归	2026-10-04T07:16:26.5554458Z [WebServer] }
verify	真实发布与撤回回归	2026-10-04T07:16:26.5575921Z   ✓  2 [desktop] › ../tests/e2e/content-release.spec.ts:6:5 › contentLargeHistoryKeepsPublicationPaginationAndWithdrawalUsable (13.0s)
verify	真实发布与撤回回归	2026-10-04T07:16:33.5150178Z   ✓  3 [mobile] › ../tests/e2e/content-release.spec.ts:4:5 › contentPublicationReauthCancelActivationAndWithdrawal (6.3s)
verify	真实发布与撤回回归	2026-10-04T07:16:43.2881801Z [WebServer] 2026/10/04 07:16:43 ERROR Private API request failed request_id=76cde18cf93f41f7ad7d47f643be1829 error_code=SERVICE_UNAVAILABLE
verify	真实发布与撤回回归	2026-10-04T07:16:47.3631193Z   ✓  4 [mobile] › ../tests/e2e/content-release.spec.ts:6:5 › contentLargeHistoryKeepsPublicationPaginationAndWithdrawalUsable (13.8s)
verify	真实发布与撤回回归	2026-10-04T07:16:47.6283799Z 
verify	真实发布与撤回回归	2026-10-04T07:16:47.6288423Z   4 passed (43.4s)
verify	真实内容权限与超时回归	﻿2026-10-04T07:16:47.7238302Z ##[group]Run node tools/verify/run.mjs --cwd frontend -- env -u NO_COLOR npm run e2e -- content-security.spec.ts
verify	真实内容权限与超时回归	2026-10-04T07:16:47.7239165Z ^[[36;1mnode tools/verify/run.mjs --cwd frontend -- env -u NO_COLOR npm run e2e -- content-security.spec.ts^[[0m
verify	真实内容权限与超时回归	2026-10-04T07:16:47.7305969Z shell: /usr/bin/bash -e {0}
verify	真实内容权限与超时回归	2026-10-04T07:16:47.7306249Z env:
verify	真实内容权限与超时回归	2026-10-04T07:16:47.7306444Z   CGO_ENABLED: 0
verify	真实内容权限与超时回归	2026-10-04T07:16:47.7306665Z   GOTOOLCHAIN: local
verify	真实内容权限与超时回归	2026-10-04T07:16:47.7306911Z   NEXT_TELEMETRY_DISABLED: 1
verify	真实内容权限与超时回归	2026-10-04T07:16:47.7307699Z   TEST_DATABASE_URL: ***127.0.0.1:5432/math_master_test_ci?sslmode=disable
verify	真实内容权限与超时回归	2026-10-04T07:16:47.7308093Z ##[endgroup]
verify	真实内容权限与超时回归	2026-10-04T07:16:47.8637034Z 
verify	真实内容权限与超时回归	2026-10-04T07:16:47.8637586Z > math-master-frontend@0.1.0 e2e
verify	真实内容权限与超时回归	2026-10-04T07:16:47.8638678Z > playwright test --config ../tests/e2e/playwright.config.ts content-security.spec.ts
verify	真实内容权限与超时回归	2026-10-04T07:16:47.8639353Z 
verify	真实内容权限与超时回归	2026-10-04T07:16:50.2024337Z 
verify	真实内容权限与超时回归	2026-10-04T07:16:50.2025082Z Running 6 tests using 1 worker
verify	真实内容权限与超时回归	2026-10-04T07:16:50.2025353Z 
verify	真实内容权限与超时回归	2026-10-04T07:16:54.3486483Z   ✓  1 [desktop] › ../tests/e2e/content-security.spec.ts:4:5 › contentScopedAssetsRolesAndInheritedAuthorCannotApprove (3.6s)
verify	真实内容权限与超时回归	2026-10-04T07:17:07.3081323Z   ✓  2 [desktop] › ../tests/e2e/content-security.spec.ts:5:5 › contentTimeoutManualSameKeyRetryCommitsOnce (12.9s)
verify	真实内容权限与超时回归	2026-10-04T07:17:08.4334479Z   ✓  3 [desktop] › ../tests/e2e/content-security.spec.ts:7:5 › contentServiceFaultRecoversWithoutLeakingProofIntoHTML (1.1s)
verify	真实内容权限与超时回归	2026-10-04T07:17:12.6673857Z   ✓  4 [mobile] › ../tests/e2e/content-security.spec.ts:4:5 › contentScopedAssetsRolesAndInheritedAuthorCannotApprove (3.7s)
verify	真实内容权限与超时回归	2026-10-04T07:17:25.4391152Z   ✓  5 [mobile] › ../tests/e2e/content-security.spec.ts:5:5 › contentTimeoutManualSameKeyRetryCommitsOnce (12.8s)
verify	真实内容权限与超时回归	2026-10-04T07:17:26.5796531Z   ✓  6 [mobile] › ../tests/e2e/content-security.spec.ts:7:5 › contentServiceFaultRecoversWithoutLeakingProofIntoHTML (1.1s)
verify	真实内容权限与超时回归	2026-10-04T07:17:26.7869340Z 
verify	真实内容权限与超时回归	2026-10-04T07:17:26.7875863Z   6 passed (38.4s)
verify	真实题库编写与CLI认领回归	﻿2026-10-04T07:17:26.8467716Z ##[group]Run node tools/verify/run.mjs --cwd frontend -- env -u NO_COLOR npm run e2e -- question-authoring.spec.ts
verify	真实题库编写与CLI认领回归	2026-10-04T07:17:26.8468757Z ^[[36;1mnode tools/verify/run.mjs --cwd frontend -- env -u NO_COLOR npm run e2e -- question-authoring.spec.ts^[[0m
verify	真实题库编写与CLI认领回归	2026-10-04T07:17:26.8534025Z shell: /usr/bin/bash -e {0}
verify	真实题库编写与CLI认领回归	2026-10-04T07:17:26.8534307Z env:
verify	真实题库编写与CLI认领回归	2026-10-04T07:17:26.8534543Z   CGO_ENABLED: 0
verify	真实题库编写与CLI认领回归	2026-10-04T07:17:26.8534761Z   GOTOOLCHAIN: local
verify	真实题库编写与CLI认领回归	2026-10-04T07:17:26.8535006Z   NEXT_TELEMETRY_DISABLED: 1
verify	真实题库编写与CLI认领回归	2026-10-04T07:17:26.8535639Z   TEST_DATABASE_URL: ***127.0.0.1:5432/math_master_test_ci?sslmode=disable
verify	真实题库编写与CLI认领回归	2026-10-04T07:17:26.8536022Z ##[endgroup]
verify	真实题库编写与CLI认领回归	2026-10-04T07:17:26.9832126Z 
verify	真实题库编写与CLI认领回归	2026-10-04T07:17:26.9832937Z > math-master-frontend@0.1.0 e2e
verify	真实题库编写与CLI认领回归	2026-10-04T07:17:26.9834120Z > playwright test --config ../tests/e2e/playwright.config.ts question-authoring.spec.ts
verify	真实题库编写与CLI认领回归	2026-10-04T07:17:26.9834818Z 
verify	真实题库编写与CLI认领回归	2026-10-04T07:17:29.3802795Z 
verify	真实题库编写与CLI认领回归	2026-10-04T07:17:29.3845684Z Running 8 tests using 1 worker
verify	真实题库编写与CLI认领回归	2026-10-04T07:17:29.3846336Z 
verify	真实题库编写与CLI认领回归	2026-10-04T07:17:33.7200561Z   ✓  1 [desktop] › ../tests/e2e/question-authoring.spec.ts:4:5 › questionAuthoringRealStackAndResponsiveFrozenPages (3.8s)
verify	真实题库编写与CLI认领回归	2026-10-04T07:17:41.0722024Z   ✓  2 [desktop] › ../tests/e2e/question-authoring.spec.ts:33:5 › questionPublicationKeyboardDialogAndResponsiveDiff (7.3s)
verify	真实题库编写与CLI认领回归	2026-10-04T07:17:44.1020923Z   ✓  3 [desktop] › ../tests/e2e/question-authoring.spec.ts:35:5 › questionWrongAnswersParameterRangeAndConflictKeepInput (3.0s)
verify	真实题库编写与CLI认领回归	2026-10-04T07:17:46.6471451Z   ✓  4 [desktop] › ../tests/e2e/question-authoring.spec.ts:68:5 › questionCLIImportAdoptionDoesNotCreateApproval (2.5s)
verify	真实题库编写与CLI认领回归	2026-10-04T07:17:50.3131908Z   ✓  5 [mobile] › ../tests/e2e/question-authoring.spec.ts:4:5 › questionAuthoringRealStackAndResponsiveFrozenPages (3.1s)
verify	真实题库编写与CLI认领回归	2026-10-04T07:17:55.4600205Z [WebServer] ⨯ Error: The destination stream closed early.
verify	真实题库编写与CLI认领回归	2026-10-04T07:17:55.4601745Z [WebServer]     at ignore-listed frames {
verify	真实题库编写与CLI认领回归	2026-10-04T07:17:55.4602779Z [WebServer]   digest: '3520987528'
verify	真实题库编写与CLI认领回归	2026-10-04T07:17:55.4603484Z [WebServer] }
verify	真实题库编写与CLI认领回归	2026-10-04T07:17:56.0983113Z   ✓  6 [mobile] › ../tests/e2e/question-authoring.spec.ts:33:5 › questionPublicationKeyboardDialogAndResponsiveDiff (5.8s)
verify	真实题库编写与CLI认领回归	2026-10-04T07:17:58.9912917Z   ✓  7 [mobile] › ../tests/e2e/question-authoring.spec.ts:35:5 › questionWrongAnswersParameterRangeAndConflictKeepInput (2.9s)
verify	真实题库编写与CLI认领回归	2026-10-04T07:18:01.2962432Z   ✓  8 [mobile] › ../tests/e2e/question-authoring.spec.ts:68:5 › questionCLIImportAdoptionDoesNotCreateApproval (2.3s)
verify	真实题库编写与CLI认领回归	2026-10-04T07:18:01.5554987Z 
verify	真实题库编写与CLI认领回归	2026-10-04T07:18:01.5561082Z   8 passed (34.1s)
verify	真实题库独立复核回归	﻿2026-10-04T07:18:01.6227891Z ##[group]Run node tools/verify/run.mjs --cwd frontend -- env -u NO_COLOR npm run e2e -- question-review.spec.ts
verify	真实题库独立复核回归	2026-10-04T07:18:01.6228825Z ^[[36;1mnode tools/verify/run.mjs --cwd frontend -- env -u NO_COLOR npm run e2e -- question-review.spec.ts^[[0m
verify	真实题库独立复核回归	2026-10-04T07:18:01.6293127Z shell: /usr/bin/bash -e {0}
verify	真实题库独立复核回归	2026-10-04T07:18:01.6293399Z env:
verify	真实题库独立复核回归	2026-10-04T07:18:01.6293593Z   CGO_ENABLED: 0
verify	真实题库独立复核回归	2026-10-04T07:18:01.6293806Z   GOTOOLCHAIN: local
verify	真实题库独立复核回归	2026-10-04T07:18:01.6294047Z   NEXT_TELEMETRY_DISABLED: 1
verify	真实题库独立复核回归	2026-10-04T07:18:01.6294640Z   TEST_DATABASE_URL: ***127.0.0.1:5432/math_master_test_ci?sslmode=disable
verify	真实题库独立复核回归	2026-10-04T07:18:01.6295053Z ##[endgroup]
verify	真实题库独立复核回归	2026-10-04T07:18:01.7569919Z 
verify	真实题库独立复核回归	2026-10-04T07:18:01.7570614Z > math-master-frontend@0.1.0 e2e
verify	真实题库独立复核回归	2026-10-04T07:18:01.7571802Z > playwright test --config ../tests/e2e/playwright.config.ts question-review.spec.ts
verify	真实题库独立复核回归	2026-10-04T07:18:01.7572531Z 
verify	真实题库独立复核回归	2026-10-04T07:18:04.0820633Z 
verify	真实题库独立复核回归	2026-10-04T07:18:04.0821358Z Running 4 tests using 1 worker
verify	真实题库独立复核回归	2026-10-04T07:18:04.0821882Z 
verify	真实题库独立复核回归	2026-10-04T07:18:09.0318865Z [WebServer] ⨯ Error: The destination stream closed early.
verify	真实题库独立复核回归	2026-10-04T07:18:09.0320349Z [WebServer]     at ignore-listed frames {
verify	真实题库独立复核回归	2026-10-04T07:18:09.0321002Z [WebServer]   digest: '3520987528'
verify	真实题库独立复核回归	2026-10-04T07:18:09.0321475Z [WebServer] }
verify	真实题库独立复核回归	2026-10-04T07:18:10.2987479Z   ✓  1 [desktop] › ../tests/e2e/question-review.spec.ts:5:5 › questionRealAuthorCannotReviewAndDistinctReviewerSeesAllFrozenPages (5.7s)
verify	真实题库独立复核回归	2026-10-04T07:18:15.5286203Z   ✓  2 [desktop] › ../tests/e2e/question-review.spec.ts:6:5 › questionReturnedWorkspaceReopensButOriginalSubmissionStaysFrozen (5.2s)
verify	真实题库独立复核回归	2026-10-04T07:18:20.2417163Z [WebServer] ⨯ Error: The destination stream closed early.
verify	真实题库独立复核回归	2026-10-04T07:18:20.2420495Z [WebServer]     at ignore-listed frames {
verify	真实题库独立复核回归	2026-10-04T07:18:20.2421343Z [WebServer]   digest: '3520987528'
verify	真实题库独立复核回归	2026-10-04T07:18:20.2423366Z [WebServer] }
verify	真实题库独立复核回归	2026-10-04T07:18:21.5775507Z   ✓  3 [mobile] › ../tests/e2e/question-review.spec.ts:5:5 › questionRealAuthorCannotReviewAndDistinctReviewerSeesAllFrozenPages (5.5s)
verify	真实题库独立复核回归	2026-10-04T07:18:26.4841423Z   ✓  4 [mobile] › ../tests/e2e/question-review.spec.ts:6:5 › questionReturnedWorkspaceReopensButOriginalSubmissionStaysFrozen (4.9s)
verify	真实题库独立复核回归	2026-10-04T07:18:26.6670268Z 
verify	真实题库独立复核回归	2026-10-04T07:18:26.6675012Z   4 passed (24.4s)
verify	真实题库双快照发布与撤回回归	﻿2026-10-04T07:18:26.7364637Z ##[group]Run node tools/verify/run.mjs --cwd frontend -- env -u NO_COLOR npm run e2e -- question-release.spec.ts
verify	真实题库双快照发布与撤回回归	2026-10-04T07:18:26.7365474Z ^[[36;1mnode tools/verify/run.mjs --cwd frontend -- env -u NO_COLOR npm run e2e -- question-release.spec.ts^[[0m
verify	真实题库双快照发布与撤回回归	2026-10-04T07:18:26.7427635Z shell: /usr/bin/bash -e {0}
verify	真实题库双快照发布与撤回回归	2026-10-04T07:18:26.7427927Z env:
verify	真实题库双快照发布与撤回回归	2026-10-04T07:18:26.7428118Z   CGO_ENABLED: 0
verify	真实题库双快照发布与撤回回归	2026-10-04T07:18:26.7428327Z   GOTOOLCHAIN: local
verify	真实题库双快照发布与撤回回归	2026-10-04T07:18:26.7428573Z   NEXT_TELEMETRY_DISABLED: 1
verify	真实题库双快照发布与撤回回归	2026-10-04T07:18:26.7429240Z   TEST_DATABASE_URL: ***127.0.0.1:5432/math_master_test_ci?sslmode=disable
verify	真实题库双快照发布与撤回回归	2026-10-04T07:18:26.7429911Z ##[endgroup]
verify	真实题库双快照发布与撤回回归	2026-10-04T07:18:26.8711178Z 
verify	真实题库双快照发布与撤回回归	2026-10-04T07:18:26.8711811Z > math-master-frontend@0.1.0 e2e
verify	真实题库双快照发布与撤回回归	2026-10-04T07:18:26.8712680Z > playwright test --config ../tests/e2e/playwright.config.ts question-release.spec.ts
verify	真实题库双快照发布与撤回回归	2026-10-04T07:18:26.8713100Z 
verify	真实题库双快照发布与撤回回归	2026-10-04T07:18:29.2214927Z 
verify	真实题库双快照发布与撤回回归	2026-10-04T07:18:29.2215694Z Running 8 tests using 1 worker
verify	真实题库双快照发布与撤回回归	2026-10-04T07:18:29.2215967Z 
verify	真实题库双快照发布与撤回回归	2026-10-04T07:18:36.0281937Z   ✓  1 [desktop] › ../tests/e2e/question-release.spec.ts:5:9 › questionAtomicPermanentWithdrawal-instance (6.3s)
verify	真实题库双快照发布与撤回回归	2026-10-04T07:18:42.0930570Z   ✓  2 [desktop] › ../tests/e2e/question-release.spec.ts:5:9 › questionAtomicPermanentWithdrawal-template (6.1s)
verify	真实题库双快照发布与撤回回归	2026-10-04T07:18:47.8373324Z   ✓  3 [desktop] › ../tests/e2e/question-release.spec.ts:6:5 › questionEitherHeadMakesPreparedActivationStale (5.7s)
verify	真实题库双快照发布与撤回回归	2026-10-04T07:18:53.4145748Z [WebServer] ⨯ Error: The destination stream closed early.
verify	真实题库双快照发布与撤回回归	2026-10-04T07:18:53.4147068Z [WebServer]     at ignore-listed frames {
verify	真实题库双快照发布与撤回回归	2026-10-04T07:18:53.4147644Z [WebServer]   digest: '3520987528'
verify	真实题库双快照发布与撤回回归	2026-10-04T07:18:53.4148068Z [WebServer] }
verify	真实题库双快照发布与撤回回归	2026-10-04T07:18:55.4462121Z   ✓  4 [desktop] › ../tests/e2e/question-release.spec.ts:11:5 › questionTemplateReplacementRetiresInstancesWithoutPermanentWithdrawal (7.6s)
verify	真实题库双快照发布与撤回回归	2026-10-04T07:19:01.9162472Z   ✓  5 [mobile] › ../tests/e2e/question-release.spec.ts:5:9 › questionAtomicPermanentWithdrawal-instance (5.9s)
verify	真实题库双快照发布与撤回回归	2026-10-04T07:19:07.8265153Z   ✓  6 [mobile] › ../tests/e2e/question-release.spec.ts:5:9 › questionAtomicPermanentWithdrawal-template (5.9s)
verify	真实题库双快照发布与撤回回归	2026-10-04T07:19:13.7385556Z   ✓  7 [mobile] › ../tests/e2e/question-release.spec.ts:6:5 › questionEitherHeadMakesPreparedActivationStale (5.9s)
verify	真实题库双快照发布与撤回回归	2026-10-04T07:19:21.4081266Z   ✓  8 [mobile] › ../tests/e2e/question-release.spec.ts:11:5 › questionTemplateReplacementRetiresInstancesWithoutPermanentWithdrawal (7.7s)
verify	真实题库双快照发布与撤回回归	2026-10-04T07:19:21.6658008Z 
verify	真实题库双快照发布与撤回回归	2026-10-04T07:19:21.6691123Z   8 passed (54.3s)
verify	真实题库权限预算与未确认写入回归	﻿2026-10-04T07:19:21.7731992Z ##[group]Run node tools/verify/run.mjs --cwd frontend -- env -u NO_COLOR npm run e2e -- question-security.spec.ts
verify	真实题库权限预算与未确认写入回归	2026-10-04T07:19:21.7732846Z ^[[36;1mnode tools/verify/run.mjs --cwd frontend -- env -u NO_COLOR npm run e2e -- question-security.spec.ts^[[0m
verify	真实题库权限预算与未确认写入回归	2026-10-04T07:19:21.7795230Z shell: /usr/bin/bash -e {0}
verify	真实题库权限预算与未确认写入回归	2026-10-04T07:19:21.7795495Z env:
verify	真实题库权限预算与未确认写入回归	2026-10-04T07:19:21.7795686Z   CGO_ENABLED: 0
verify	真实题库权限预算与未确认写入回归	2026-10-04T07:19:21.7795899Z   GOTOOLCHAIN: local
verify	真实题库权限预算与未确认写入回归	2026-10-04T07:19:21.7796134Z   NEXT_TELEMETRY_DISABLED: 1
verify	真实题库权限预算与未确认写入回归	2026-10-04T07:19:21.7796708Z   TEST_DATABASE_URL: ***127.0.0.1:5432/math_master_test_ci?sslmode=disable
verify	真实题库权限预算与未确认写入回归	2026-10-04T07:19:21.7797087Z ##[endgroup]
verify	真实题库权限预算与未确认写入回归	2026-10-04T07:19:21.9086074Z 
verify	真实题库权限预算与未确认写入回归	2026-10-04T07:19:21.9086766Z > math-master-frontend@0.1.0 e2e
verify	真实题库权限预算与未确认写入回归	2026-10-04T07:19:21.9087619Z > playwright test --config ../tests/e2e/playwright.config.ts question-security.spec.ts
verify	真实题库权限预算与未确认写入回归	2026-10-04T07:19:21.9088332Z 
verify	真实题库权限预算与未确认写入回归	2026-10-04T07:19:24.2813494Z 
verify	真实题库权限预算与未确认写入回归	2026-10-04T07:19:24.2814360Z Running 8 tests using 1 worker
verify	真实题库权限预算与未确认写入回归	2026-10-04T07:19:24.2814796Z 
verify	真实题库权限预算与未确认写入回归	2026-10-04T07:19:28.5406628Z   ✓  1 [desktop] › ../tests/e2e/question-security.spec.ts:4:5 › questionLearnerPrivate404RoleRevocationAndMissingMigration (3.8s)
verify	真实题库权限预算与未确认写入回归	2026-10-04T07:19:41.1747545Z   ✓  2 [desktop] › ../tests/e2e/question-security.spec.ts:6:9 › questionUnconfirmedWriteManualSameKeyReplay-timeout (12.6s)
verify	真实题库权限预算与未确认写入回归	2026-10-04T07:19:43.4443757Z   ✓  3 [desktop] › ../tests/e2e/question-security.spec.ts:6:9 › questionUnconfirmedWriteManualSameKeyReplay-cancel (2.3s)
verify	真实题库权限预算与未确认写入回归	2026-10-04T07:19:45.9360875Z [WebServer] 2026/10/04 07:19:45 ERROR Private API request failed request_id=277f4ba79966701362b0721287dcb0b7 error_code=SERVICE_UNAVAILABLE
verify	真实题库权限预算与未确认写入回归	2026-10-04T07:19:46.3194124Z   ✓  4 [desktop] › ../tests/e2e/question-security.spec.ts:12:5 › questionSharedActualSlotsAndEnvelopeBudget (2.9s)
verify	真实题库权限预算与未确认写入回归	2026-10-04T07:19:50.7688822Z   ✓  5 [mobile] › ../tests/e2e/question-security.spec.ts:4:5 › questionLearnerPrivate404RoleRevocationAndMissingMigration (3.9s)
verify	真实题库权限预算与未确认写入回归	2026-10-04T07:20:03.8933521Z   ✓  6 [mobile] › ../tests/e2e/question-security.spec.ts:6:9 › questionUnconfirmedWriteManualSameKeyReplay-timeout (13.1s)
verify	真实题库权限预算与未确认写入回归	2026-10-04T07:20:06.1402080Z   ✓  7 [mobile] › ../tests/e2e/question-security.spec.ts:6:9 › questionUnconfirmedWriteManualSameKeyReplay-cancel (2.2s)
verify	真实题库权限预算与未确认写入回归	2026-10-04T07:20:08.0916301Z [WebServer] 2026/10/04 07:20:08 ERROR Private API request failed request_id=d088bba7c2506b451e15a7938b3d6dfa error_code=SERVICE_UNAVAILABLE
verify	真实题库权限预算与未确认写入回归	2026-10-04T07:20:08.4570310Z   ✓  8 [mobile] › ../tests/e2e/question-security.spec.ts:12:5 › questionSharedActualSlotsAndEnvelopeBudget (2.3s)
verify	真实题库权限预算与未确认写入回归	2026-10-04T07:20:08.7052384Z 
verify	真实题库权限预算与未确认写入回归	2026-10-04T07:20:08.7055814Z   8 passed (46.3s)
verify	真实学习进度与固定路线回归	﻿2026-10-04T07:20:08.7915852Z ##[group]Run node tools/verify/run.mjs --cwd frontend -- env -u NO_COLOR npm run e2e -- learning-progress.spec.ts
verify	真实学习进度与固定路线回归	2026-10-04T07:20:08.7917291Z ^[[36;1mnode tools/verify/run.mjs --cwd frontend -- env -u NO_COLOR npm run e2e -- learning-progress.spec.ts^[[0m
verify	真实学习进度与固定路线回归	2026-10-04T07:20:08.7987426Z shell: /usr/bin/bash -e {0}
verify	真实学习进度与固定路线回归	2026-10-04T07:20:08.7987705Z env:
verify	真实学习进度与固定路线回归	2026-10-04T07:20:08.7987899Z   CGO_ENABLED: 0
verify	真实学习进度与固定路线回归	2026-10-04T07:20:08.7988113Z   GOTOOLCHAIN: local
verify	真实学习进度与固定路线回归	2026-10-04T07:20:08.7988351Z   NEXT_TELEMETRY_DISABLED: 1
verify	真实学习进度与固定路线回归	2026-10-04T07:20:08.7988938Z   TEST_DATABASE_URL: ***127.0.0.1:5432/math_master_test_ci?sslmode=disable
verify	真实学习进度与固定路线回归	2026-10-04T07:20:08.7989324Z ##[endgroup]
verify	真实学习进度与固定路线回归	2026-10-04T07:20:08.9238392Z 
verify	真实学习进度与固定路线回归	2026-10-04T07:20:08.9240995Z > math-master-frontend@0.1.0 e2e
verify	真实学习进度与固定路线回归	2026-10-04T07:20:08.9242116Z > playwright test --config ../tests/e2e/playwright.config.ts learning-progress.spec.ts
verify	真实学习进度与固定路线回归	2026-10-04T07:20:08.9242641Z 
verify	真实学习进度与固定路线回归	2026-10-04T07:20:11.3277321Z 
verify	真实学习进度与固定路线回归	2026-10-04T07:20:11.3278222Z Running 4 tests using 1 worker
verify	真实学习进度与固定路线回归	2026-10-04T07:20:11.3278797Z 
verify	真实学习进度与固定路线回归	2026-10-04T07:20:16.8085464Z   ✓  1 [desktop] › ../tests/e2e/learning-progress.spec.ts:3:5 › explicit reading and route enrollment keep read, passed and unlocked counts separate (5.0s)
verify	真实学习进度与固定路线回归	2026-10-04T07:20:23.2828665Z   ✓  2 [desktop] › ../tests/e2e/learning-progress.spec.ts:4:5 › new and withdrawn routes preserve each enrolled version and denominator (6.5s)
verify	真实学习进度与固定路线回归	2026-10-04T07:20:26.2662479Z [WebServer] ⨯ Error: The destination stream closed early.
verify	真实学习进度与固定路线回归	2026-10-04T07:20:26.2668414Z [WebServer]     at ignore-listed frames {
verify	真实学习进度与固定路线回归	2026-10-04T07:20:26.2669482Z [WebServer]   digest: '3520987528'
verify	真实学习进度与固定路线回归	2026-10-04T07:20:26.2670466Z [WebServer] }
verify	真实学习进度与固定路线回归	2026-10-04T07:20:28.7475024Z   ✓  3 [mobile] › ../tests/e2e/learning-progress.spec.ts:3:5 › explicit reading and route enrollment keep read, passed and unlocked counts separate (4.9s)
verify	真实学习进度与固定路线回归	2026-10-04T07:20:35.7747069Z   ✓  4 [mobile] › ../tests/e2e/learning-progress.spec.ts:4:5 › new and withdrawn routes preserve each enrolled version and denominator (7.0s)
verify	真实学习进度与固定路线回归	2026-10-04T07:20:35.9310060Z 
verify	真实学习进度与固定路线回归	2026-10-04T07:20:35.9316254Z   4 passed (26.5s)
verify	真实练习与五题整体提交回归	﻿2026-10-04T07:20:36.0137726Z ##[group]Run node tools/verify/run.mjs --cwd frontend -- env -u NO_COLOR npm run e2e -- learning-practice.spec.ts learning-assessment.spec.ts
verify	真实练习与五题整体提交回归	2026-10-04T07:20:36.0153608Z ^[[36;1mnode tools/verify/run.mjs --cwd frontend -- env -u NO_COLOR npm run e2e -- learning-practice.spec.ts learning-assessment.spec.ts^[[0m
verify	真实练习与五题整体提交回归	2026-10-04T07:20:36.0215942Z shell: /usr/bin/bash -e {0}
verify	真实练习与五题整体提交回归	2026-10-04T07:20:36.0216217Z env:
verify	真实练习与五题整体提交回归	2026-10-04T07:20:36.0216410Z   CGO_ENABLED: 0
verify	真实练习与五题整体提交回归	2026-10-04T07:20:36.0216620Z   GOTOOLCHAIN: local
verify	真实练习与五题整体提交回归	2026-10-04T07:20:36.0216856Z   NEXT_TELEMETRY_DISABLED: 1
verify	真实练习与五题整体提交回归	2026-10-04T07:20:36.0217527Z   TEST_DATABASE_URL: ***127.0.0.1:5432/math_master_test_ci?sslmode=disable
verify	真实练习与五题整体提交回归	2026-10-04T07:20:36.0217924Z ##[endgroup]
verify	真实练习与五题整体提交回归	2026-10-04T07:20:36.1592030Z 
verify	真实练习与五题整体提交回归	2026-10-04T07:20:36.1592466Z > math-master-frontend@0.1.0 e2e
verify	真实练习与五题整体提交回归	2026-10-04T07:20:36.1593327Z > playwright test --config ../tests/e2e/playwright.config.ts learning-practice.spec.ts learning-assessment.spec.ts
verify	真实练习与五题整体提交回归	2026-10-04T07:20:36.1593866Z 
verify	真实练习与五题整体提交回归	2026-10-04T07:20:38.5091664Z 
verify	真实练习与五题整体提交回归	2026-10-04T07:20:38.5092440Z Running 8 tests using 1 worker
verify	真实练习与五题整体提交回归	2026-10-04T07:20:38.5092719Z 
verify	真实练习与五题整体提交回归	2026-10-04T07:20:45.1948316Z   ✓  1 [desktop] › ../tests/e2e/learning-assessment.spec.ts:2:5 › four correct unlock direct successors and a failed review preserves historical unlocks (6.2s)
verify	真实练习与五题整体提交回归	2026-10-04T07:20:48.6372446Z   ✓  2 [desktop] › ../tests/e2e/learning-assessment.spec.ts:3:5 › invalid five-answer submission persists nothing, then three correct fail as one result (3.4s)
verify	真实练习与五题整体提交回归	2026-10-04T07:20:52.1579063Z   ✓  3 [desktop] › ../tests/e2e/learning-practice.spec.ts:2:5 › practice without a blueprint can be revealed but grants no qualification (3.5s)
verify	真实练习与五题整体提交回归	2026-10-04T07:20:55.0745891Z   ✓  4 [desktop] › ../tests/e2e/learning-practice.spec.ts:3:5 › invalid practice format keeps the attempt active and a later answer preserves raw spelling (2.9s)
verify	真实练习与五题整体提交回归	2026-10-04T07:20:58.5802173Z [WebServer] ⨯ Error: The destination stream closed early.
verify	真实练习与五题整体提交回归	2026-10-04T07:20:58.5814623Z [WebServer]     at ignore-listed frames {
verify	真实练习与五题整体提交回归	2026-10-04T07:20:58.5815502Z [WebServer]   digest: '3520987528'
verify	真实练习与五题整体提交回归	2026-10-04T07:20:58.5816555Z [WebServer] }
verify	真实练习与五题整体提交回归	2026-10-04T07:21:02.3049036Z   ✓  5 [mobile] › ../tests/e2e/learning-assessment.spec.ts:2:5 › four correct unlock direct successors and a failed review preserves historical unlocks (6.7s)
verify	真实练习与五题整体提交回归	2026-10-04T07:21:05.7519252Z   ✓  6 [mobile] › ../tests/e2e/learning-assessment.spec.ts:3:5 › invalid five-answer submission persists nothing, then three correct fail as one result (3.4s)
verify	真实练习与五题整体提交回归	2026-10-04T07:21:09.0496680Z   ✓  7 [mobile] › ../tests/e2e/learning-practice.spec.ts:2:5 › practice without a blueprint can be revealed but grants no qualification (3.3s)
verify	真实练习与五题整体提交回归	2026-10-04T07:21:11.9508770Z   ✓  8 [mobile] › ../tests/e2e/learning-practice.spec.ts:3:5 › invalid practice format keeps the attempt active and a later answer preserves raw spelling (2.9s)
verify	真实练习与五题整体提交回归	2026-10-04T07:21:12.1943278Z 
verify	真实练习与五题整体提交回归	2026-10-04T07:21:12.1948417Z   8 passed (35.5s)
verify	真实诊断曝光权限与手动重试回归	﻿2026-10-04T07:21:12.2978507Z ##[group]Run node tools/verify/run.mjs --cwd frontend -- env -u NO_COLOR npm run e2e -- learning-diagnostic.spec.ts learning-security.spec.ts
verify	真实诊断曝光权限与手动重试回归	2026-10-04T07:21:12.2979529Z ^[[36;1mnode tools/verify/run.mjs --cwd frontend -- env -u NO_COLOR npm run e2e -- learning-diagnostic.spec.ts learning-security.spec.ts^[[0m
verify	真实诊断曝光权限与手动重试回归	2026-10-04T07:21:12.3043283Z shell: /usr/bin/bash -e {0}
verify	真实诊断曝光权限与手动重试回归	2026-10-04T07:21:12.3043551Z env:
verify	真实诊断曝光权限与手动重试回归	2026-10-04T07:21:12.3043741Z   CGO_ENABLED: 0
verify	真实诊断曝光权限与手动重试回归	2026-10-04T07:21:12.3043955Z   GOTOOLCHAIN: local
verify	真实诊断曝光权限与手动重试回归	2026-10-04T07:21:12.3044189Z   NEXT_TELEMETRY_DISABLED: 1
verify	真实诊断曝光权限与手动重试回归	2026-10-04T07:21:12.3044775Z   TEST_DATABASE_URL: ***127.0.0.1:5432/math_master_test_ci?sslmode=disable
verify	真实诊断曝光权限与手动重试回归	2026-10-04T07:21:12.3045155Z ##[endgroup]
verify	真实诊断曝光权限与手动重试回归	2026-10-04T07:21:12.4331980Z 
verify	真实诊断曝光权限与手动重试回归	2026-10-04T07:21:12.4332653Z > math-master-frontend@0.1.0 e2e
verify	真实诊断曝光权限与手动重试回归	2026-10-04T07:21:12.4333953Z > playwright test --config ../tests/e2e/playwright.config.ts learning-diagnostic.spec.ts learning-security.spec.ts
verify	真实诊断曝光权限与手动重试回归	2026-10-04T07:21:14.7890678Z 
verify	真实诊断曝光权限与手动重试回归	2026-10-04T07:21:14.7890738Z 
verify	真实诊断曝光权限与手动重试回归	2026-10-04T07:21:14.7891453Z Running 8 tests using 1 worker
verify	真实诊断曝光权限与手动重试回归	2026-10-04T07:21:14.7891720Z 
verify	真实诊断曝光权限与手动重试回归	2026-10-04T07:21:18.9307775Z   ✓  1 [desktop] › ../tests/e2e/learning-diagnostic.spec.ts:2:5 › diagnostic qualifies only the locked target, without ancestor reading or qualification (3.6s)
verify	真实诊断曝光权限与手动重试回归	2026-10-04T07:21:24.8428527Z   ✓  2 [desktop] › ../tests/e2e/learning-diagnostic.spec.ts:3:5 › recent five are excluded across blueprints, preview exposure makes grading affected and next pool unavailable (5.9s)
verify	真实诊断曝光权限与手动重试回归	2026-10-04T07:21:29.1404427Z   ✓  3 [desktop] › ../tests/e2e/learning-security.spec.ts:2:5 › other UUIDs and fixed SVG are private; withdrawal hides answers while preserving original score (4.3s)
verify	真实诊断曝光权限与手动重试回归	2026-10-04T07:21:44.0425181Z   ✓  4 [desktop] › ../tests/e2e/learning-security.spec.ts:3:5 › lost committed response needs same-key manual retry; a switched account never replays an old answer (14.9s)
verify	真实诊断曝光权限与手动重试回归	2026-10-04T07:21:48.2765076Z   ✓  5 [mobile] › ../tests/e2e/learning-diagnostic.spec.ts:2:5 › diagnostic qualifies only the locked target, without ancestor reading or qualification (3.7s)
verify	真实诊断曝光权限与手动重试回归	2026-10-04T07:21:53.7747644Z   ✓  6 [mobile] › ../tests/e2e/learning-diagnostic.spec.ts:3:5 › recent five are excluded across blueprints, preview exposure makes grading affected and next pool unavailable (5.5s)
verify	真实诊断曝光权限与手动重试回归	2026-10-04T07:21:58.2608032Z   ✓  7 [mobile] › ../tests/e2e/learning-security.spec.ts:2:5 › other UUIDs and fixed SVG are private; withdrawal hides answers while preserving original score (4.5s)
verify	真实诊断曝光权限与手动重试回归	2026-10-04T07:22:12.3905518Z   ✓  8 [mobile] › ../tests/e2e/learning-security.spec.ts:3:5 › lost committed response needs same-key manual retry; a switched account never replays an old answer (14.1s)
verify	真实诊断曝光权限与手动重试回归	2026-10-04T07:22:12.6414292Z 
verify	真实诊断曝光权限与手动重试回归	2026-10-04T07:22:12.6430936Z   8 passed (59.7s)
verify	真实单选混合检测与跨标签页账户回归	﻿2026-10-04T07:22:12.7457665Z ##[group]Run node tools/verify/run.mjs --cwd frontend -- env -u NO_COLOR npm run e2e -- learning-review-regressions.spec.ts
verify	真实单选混合检测与跨标签页账户回归	2026-10-04T07:22:12.7458565Z ^[[36;1mnode tools/verify/run.mjs --cwd frontend -- env -u NO_COLOR npm run e2e -- learning-review-regressions.spec.ts^[[0m
verify	真实单选混合检测与跨标签页账户回归	2026-10-04T07:22:12.7521012Z shell: /usr/bin/bash -e {0}
verify	真实单选混合检测与跨标签页账户回归	2026-10-04T07:22:12.7521275Z env:
verify	真实单选混合检测与跨标签页账户回归	2026-10-04T07:22:12.7521466Z   CGO_ENABLED: 0
verify	真实单选混合检测与跨标签页账户回归	2026-10-04T07:22:12.7521679Z   GOTOOLCHAIN: local
verify	真实单选混合检测与跨标签页账户回归	2026-10-04T07:22:12.7521921Z   NEXT_TELEMETRY_DISABLED: 1
verify	真实单选混合检测与跨标签页账户回归	2026-10-04T07:22:12.7522515Z   TEST_DATABASE_URL: ***127.0.0.1:5432/math_master_test_ci?sslmode=disable
verify	真实单选混合检测与跨标签页账户回归	2026-10-04T07:22:12.7522906Z ##[endgroup]
verify	真实单选混合检测与跨标签页账户回归	2026-10-04T07:22:12.8803488Z 
verify	真实单选混合检测与跨标签页账户回归	2026-10-04T07:22:12.8804163Z > math-master-frontend@0.1.0 e2e
verify	真实单选混合检测与跨标签页账户回归	2026-10-04T07:22:12.8805434Z > playwright test --config ../tests/e2e/playwright.config.ts learning-review-regressions.spec.ts
verify	真实单选混合检测与跨标签页账户回归	2026-10-04T07:22:12.8806270Z 
verify	真实单选混合检测与跨标签页账户回归	2026-10-04T07:22:15.2238739Z 
verify	真实单选混合检测与跨标签页账户回归	2026-10-04T07:22:15.2239287Z Running 6 tests using 1 worker
verify	真实单选混合检测与跨标签页账户回归	2026-10-04T07:22:15.2239989Z 
verify	真实单选混合检测与跨标签页账户回归	2026-10-04T07:22:18.6241448Z [WebServer] ⨯ Error: The destination stream closed early.
verify	真实单选混合检测与跨标签页账户回归	2026-10-04T07:22:18.6244058Z [WebServer]     at ignore-listed frames {
verify	真实单选混合检测与跨标签页账户回归	2026-10-04T07:22:18.6245049Z [WebServer]   digest: '3520987528'
verify	真实单选混合检测与跨标签页账户回归	2026-10-04T07:22:18.6245755Z [WebServer] }
verify	真实单选混合检测与跨标签页账户回归	2026-10-04T07:22:19.0262017Z   ✓  1 [desktop] › ../tests/e2e/learning-review-regressions.spec.ts:5:5 › a published single-choice practice renders and submits its choice through the strict contract (3.3s)
verify	真实单选混合检测与跨标签页账户回归	2026-10-04T07:22:23.3674754Z   ✓  2 [desktop] › ../tests/e2e/learning-review-regressions.spec.ts:21:5 › an unread unlocked lesson can pass a mixed normal check before explicit reading grants qualification (4.3s)
verify	真实单选混合检测与跨标签页账户回归	2026-10-04T07:22:26.4824835Z   ✓  3 [desktop] › ../tests/e2e/learning-review-regressions.spec.ts:52:5 › another tab changing the shared account clears the original tab's unsent private draft (3.1s)
verify	真实单选混合检测与跨标签页账户回归	2026-10-04T07:22:30.7663267Z   ✓  4 [mobile] › ../tests/e2e/learning-review-regressions.spec.ts:5:5 › a published single-choice practice renders and submits its choice through the strict contract (3.8s)
verify	真实单选混合检测与跨标签页账户回归	2026-10-04T07:22:35.2608997Z   ✓  5 [mobile] › ../tests/e2e/learning-review-regressions.spec.ts:21:5 › an unread unlocked lesson can pass a mixed normal check before explicit reading grants qualification (4.5s)
verify	真实单选混合检测与跨标签页账户回归	2026-10-04T07:22:38.2683513Z   ✓  6 [mobile] › ../tests/e2e/learning-review-regressions.spec.ts:52:5 › another tab changing the shared account clears the original tab's unsent private draft (3.0s)
verify	真实单选混合检测与跨标签页账户回归	2026-10-04T07:22:38.4801432Z 
verify	真实单选混合检测与跨标签页账户回归	2026-10-04T07:22:38.4806477Z   6 passed (25.1s)
verify	真实反馈来源补充与分页回归	﻿2026-10-04T07:22:38.5428434Z ##[group]Run node tools/verify/run.mjs --cwd frontend -- env -u NO_COLOR npm run e2e -- feedback-user.spec.ts
verify	真实反馈来源补充与分页回归	2026-10-04T07:22:38.5429401Z ^[[36;1mnode tools/verify/run.mjs --cwd frontend -- env -u NO_COLOR npm run e2e -- feedback-user.spec.ts^[[0m
verify	真实反馈来源补充与分页回归	2026-10-04T07:22:38.5492272Z shell: /usr/bin/bash -e {0}
verify	真实反馈来源补充与分页回归	2026-10-04T07:22:38.5492541Z env:
verify	真实反馈来源补充与分页回归	2026-10-04T07:22:38.5492732Z   CGO_ENABLED: 0
verify	真实反馈来源补充与分页回归	2026-10-04T07:22:38.5492945Z   GOTOOLCHAIN: local
verify	真实反馈来源补充与分页回归	2026-10-04T07:22:38.5493178Z   NEXT_TELEMETRY_DISABLED: 1
verify	真实反馈来源补充与分页回归	2026-10-04T07:22:38.5493759Z   TEST_DATABASE_URL: ***127.0.0.1:5432/math_master_test_ci?sslmode=disable
verify	真实反馈来源补充与分页回归	2026-10-04T07:22:38.5494138Z ##[endgroup]
verify	真实反馈来源补充与分页回归	2026-10-04T07:22:38.6807857Z 
verify	真实反馈来源补充与分页回归	2026-10-04T07:22:38.6808556Z > math-master-frontend@0.1.0 e2e
verify	真实反馈来源补充与分页回归	2026-10-04T07:22:38.6809310Z > playwright test --config ../tests/e2e/playwright.config.ts feedback-user.spec.ts
verify	真实反馈来源补充与分页回归	2026-10-04T07:22:38.6810039Z 
verify	真实反馈来源补充与分页回归	2026-10-04T07:22:41.0948061Z 
verify	真实反馈来源补充与分页回归	2026-10-04T07:22:41.0948925Z Running 14 tests using 1 worker
verify	真实反馈来源补充与分页回归	2026-10-04T07:22:41.0951369Z 
verify	真实反馈来源补充与分页回归	2026-10-04T07:22:52.0209244Z   ✓   1 [desktop] › ../tests/e2e/feedback-user.spec.ts:4:5 › real lesson parts, path, own practice, fifth assessment item and site retain exact source (10.4s)
verify	真实反馈来源补充与分页回归	2026-10-04T07:22:59.7037408Z   ✓   2 [desktop] › ../tests/e2e/feedback-user.spec.ts:5:5 › waiting details and terminal objections reopen with current metadata (7.7s)
verify	真实反馈来源补充与分页回归	2026-10-04T07:23:04.6106381Z   ✓   3 [desktop] › ../tests/e2e/feedback-user.spec.ts:6:5 › discussion pagination stays bounded after fifty events (4.9s)
verify	真实反馈来源补充与分页回归	2026-10-04T07:23:07.7017538Z   ✓   4 [desktop] › ../tests/e2e/feedback-user.spec.ts:7:5 › feedback outage preserves public server-rendered lesson (3.1s)
verify	真实反馈来源补充与分页回归	2026-10-04T07:23:10.2505205Z   ✓   5 [desktop] › ../tests/e2e/feedback-user.spec.ts:9:5 › maximum Chinese body and long English title remain plain text and fit the screen (2.5s)
verify	真实反馈来源补充与分页回归	2026-10-04T07:23:12.4121809Z   ✓   6 [desktop] › ../tests/e2e/feedback-user.spec.ts:11:5 › temporary client identity failure recovers through the offered Reload page action (2.1s)
verify	真实反馈来源补充与分页回归	2026-10-04T07:23:15.9252740Z   ✓   7 [desktop] › ../tests/e2e/feedback-user.spec.ts:19:5 › a real new publication refreshes a stale target without losing the draft or sending automatically (3.5s)
verify	真实反馈来源补充与分页回归	2026-10-04T07:23:26.4720031Z   ✓   8 [mobile] › ../tests/e2e/feedback-user.spec.ts:4:5 › real lesson parts, path, own practice, fifth assessment item and site retain exact source (10.0s)
verify	真实反馈来源补充与分页回归	2026-10-04T07:23:34.4246844Z   ✓   9 [mobile] › ../tests/e2e/feedback-user.spec.ts:5:5 › waiting details and terminal objections reopen with current metadata (7.9s)
verify	真实反馈来源补充与分页回归	2026-10-04T07:23:39.2766443Z   ✓  10 [mobile] › ../tests/e2e/feedback-user.spec.ts:6:5 › discussion pagination stays bounded after fifty events (4.8s)
verify	真实反馈来源补充与分页回归	2026-10-04T07:23:42.8792782Z   ✓  11 [mobile] › ../tests/e2e/feedback-user.spec.ts:7:5 › feedback outage preserves public server-rendered lesson (3.6s)
verify	真实反馈来源补充与分页回归	2026-10-04T07:23:46.1659085Z   ✓  12 [mobile] › ../tests/e2e/feedback-user.spec.ts:9:5 › maximum Chinese body and long English title remain plain text and fit the screen (3.3s)
verify	真实反馈来源补充与分页回归	2026-10-04T07:23:48.3114676Z   ✓  13 [mobile] › ../tests/e2e/feedback-user.spec.ts:11:5 › temporary client identity failure recovers through the offered Reload page action (2.1s)
verify	真实反馈来源补充与分页回归	2026-10-04T07:23:51.3056145Z   ✓  14 [mobile] › ../tests/e2e/feedback-user.spec.ts:19:5 › a real new publication refreshes a stale target without losing the draft or sending automatically (3.0s)
verify	真实反馈来源补充与分页回归	2026-10-04T07:23:51.6608531Z 
verify	真实反馈来源补充与分页回归	2026-10-04T07:23:51.6630344Z   14 passed (1.2m)
verify	真实独立处理撤回与修订回归	﻿2026-10-04T07:23:51.7411835Z ##[group]Run node tools/verify/run.mjs --cwd frontend -- env -u NO_COLOR npm run e2e -- feedback-review.spec.ts
verify	真实独立处理撤回与修订回归	2026-10-04T07:23:51.7412675Z ^[[36;1mnode tools/verify/run.mjs --cwd frontend -- env -u NO_COLOR npm run e2e -- feedback-review.spec.ts^[[0m
verify	真实独立处理撤回与修订回归	2026-10-04T07:23:51.7476377Z shell: /usr/bin/bash -e {0}
verify	真实独立处理撤回与修订回归	2026-10-04T07:23:51.7476648Z env:
verify	真实独立处理撤回与修订回归	2026-10-04T07:23:51.7476840Z   CGO_ENABLED: 0
verify	真实独立处理撤回与修订回归	2026-10-04T07:23:51.7477053Z   GOTOOLCHAIN: local
verify	真实独立处理撤回与修订回归	2026-10-04T07:23:51.7477300Z   NEXT_TELEMETRY_DISABLED: 1
verify	真实独立处理撤回与修订回归	2026-10-04T07:23:51.7477901Z   TEST_DATABASE_URL: ***127.0.0.1:5432/math_master_test_ci?sslmode=disable
verify	真实独立处理撤回与修订回归	2026-10-04T07:23:51.7478489Z ##[endgroup]
verify	真实独立处理撤回与修订回归	2026-10-04T07:23:51.8801105Z 
verify	真实独立处理撤回与修订回归	2026-10-04T07:23:51.8801794Z > math-master-frontend@0.1.0 e2e
verify	真实独立处理撤回与修订回归	2026-10-04T07:23:51.8802706Z > playwright test --config ../tests/e2e/playwright.config.ts feedback-review.spec.ts
verify	真实独立处理撤回与修订回归	2026-10-04T07:23:51.8803130Z 
verify	真实独立处理撤回与修订回归	2026-10-04T07:23:54.2228533Z 
verify	真实独立处理撤回与修订回归	2026-10-04T07:23:54.2229280Z Running 8 tests using 1 worker
verify	真实独立处理撤回与修订回归	2026-10-04T07:23:54.2229789Z 
verify	真实独立处理撤回与修订回归	2026-10-04T07:24:00.7903186Z   ✓  1 [desktop] › ../tests/e2e/feedback-review.spec.ts:4:5 › independent handler resolves with a basis and same-state reply preserves it (6.1s)
verify	真实独立处理撤回与修订回归	2026-10-04T07:24:06.9046045Z   ✓  2 [desktop] › ../tests/e2e/feedback-review.spec.ts:5:5 › actual withdrawal and new generated identity are references without learning regrading (6.1s)
verify	真实独立处理撤回与修订回归	2026-10-04T07:24:10.7253465Z   ✓  3 [desktop] › ../tests/e2e/feedback-review.spec.ts:6:5 › duplicate reference remains hidden to report owner even through the review URL (3.8s)
verify	真实独立处理撤回与修订回归	2026-10-04T07:24:15.7551544Z   ✓  4 [desktop] › ../tests/e2e/feedback-review.spec.ts:7:5 › review filters replace visible rows through client navigation and browser back (5.0s)
verify	真实独立处理撤回与修订回归	2026-10-04T07:24:22.6177989Z   ✓  5 [mobile] › ../tests/e2e/feedback-review.spec.ts:4:5 › independent handler resolves with a basis and same-state reply preserves it (6.3s)
verify	真实独立处理撤回与修订回归	2026-10-04T07:24:29.0840907Z   ✓  6 [mobile] › ../tests/e2e/feedback-review.spec.ts:5:5 › actual withdrawal and new generated identity are references without learning regrading (6.5s)
verify	真实独立处理撤回与修订回归	2026-10-04T07:24:33.1038469Z   ✓  7 [mobile] › ../tests/e2e/feedback-review.spec.ts:6:5 › duplicate reference remains hidden to report owner even through the review URL (4.0s)
verify	真实独立处理撤回与修订回归	2026-10-04T07:24:37.3887182Z   ✓  8 [mobile] › ../tests/e2e/feedback-review.spec.ts:7:5 › review filters replace visible rows through client navigation and browser back (4.3s)
verify	真实独立处理撤回与修订回归	2026-10-04T07:24:37.6435647Z 
verify	真实独立处理撤回与修订回归	2026-10-04T07:24:37.6436467Z   8 passed (45.3s)
verify	真实反馈权限曝光与同键重试回归	﻿2026-10-04T07:24:37.7401666Z ##[group]Run node tools/verify/run.mjs --cwd frontend -- env -u NO_COLOR npm run e2e -- feedback-security.spec.ts
verify	真实反馈权限曝光与同键重试回归	2026-10-04T07:24:37.7403122Z ^[[36;1mnode tools/verify/run.mjs --cwd frontend -- env -u NO_COLOR npm run e2e -- feedback-security.spec.ts^[[0m
verify	真实反馈权限曝光与同键重试回归	2026-10-04T07:24:37.7474987Z shell: /usr/bin/bash -e {0}
verify	真实反馈权限曝光与同键重试回归	2026-10-04T07:24:37.7475270Z env:
verify	真实反馈权限曝光与同键重试回归	2026-10-04T07:24:37.7475462Z   CGO_ENABLED: 0
verify	真实反馈权限曝光与同键重试回归	2026-10-04T07:24:37.7475679Z   GOTOOLCHAIN: local
verify	真实反馈权限曝光与同键重试回归	2026-10-04T07:24:37.7475923Z   NEXT_TELEMETRY_DISABLED: 1
verify	真实反馈权限曝光与同键重试回归	2026-10-04T07:24:37.7476517Z   TEST_DATABASE_URL: ***127.0.0.1:5432/math_master_test_ci?sslmode=disable
verify	真实反馈权限曝光与同键重试回归	2026-10-04T07:24:37.7476906Z ##[endgroup]
verify	真实反馈权限曝光与同键重试回归	2026-10-04T07:24:37.8736211Z 
verify	真实反馈权限曝光与同键重试回归	2026-10-04T07:24:37.8736739Z > math-master-frontend@0.1.0 e2e
verify	真实反馈权限曝光与同键重试回归	2026-10-04T07:24:37.8737453Z > playwright test --config ../tests/e2e/playwright.config.ts feedback-security.spec.ts
verify	真实反馈权限曝光与同键重试回归	2026-10-04T07:24:37.8737863Z 
verify	真实反馈权限曝光与同键重试回归	2026-10-04T07:24:40.2321613Z 
verify	真实反馈权限曝光与同键重试回归	2026-10-04T07:24:40.2322418Z Running 8 tests using 1 worker
verify	真实反馈权限曝光与同键重试回归	2026-10-04T07:24:40.2322714Z 
verify	真实反馈权限曝光与同键重试回归	2026-10-04T07:24:44.0100151Z   ✓  1 [desktop] › ../tests/e2e/feedback-security.spec.ts:4:5 › anonymous, other owner, editor-only and self-handler enforce private boundaries (3.3s)
verify	真实反馈权限曝光与同键重试回归	2026-10-04T07:24:50.4749102Z   ✓  2 [desktop] › ../tests/e2e/feedback-security.spec.ts:5:5 › all readers block original-template overlap; later discussion records exposure and renders pure text (6.5s)
verify	真实反馈权限曝光与同键重试回归	2026-10-04T07:25:05.0632423Z   ✓  3 [desktop] › ../tests/e2e/feedback-security.spec.ts:6:5 › lost committed response retries once with the same key and cross-tab switch clears drafts (14.6s)
verify	真实反馈权限曝光与同键重试回归	2026-10-04T07:25:08.2968424Z   ✓  4 [desktop] › ../tests/e2e/feedback-security.spec.ts:8:5 › a confirmed create with a failed metadata read keeps its original key and cannot create a second report (3.2s)
verify	真实反馈权限曝光与同键重试回归	2026-10-04T07:25:12.3534853Z   ✓  5 [mobile] › ../tests/e2e/feedback-security.spec.ts:4:5 › anonymous, other owner, editor-only and self-handler enforce private boundaries (3.5s)
verify	真实反馈权限曝光与同键重试回归	2026-10-04T07:25:20.0939797Z   ✓  6 [mobile] › ../tests/e2e/feedback-security.spec.ts:5:5 › all readers block original-template overlap; later discussion records exposure and renders pure text (7.7s)
verify	真实反馈权限曝光与同键重试回归	2026-10-04T07:25:34.8906594Z   ✓  7 [mobile] › ../tests/e2e/feedback-security.spec.ts:6:5 › lost committed response retries once with the same key and cross-tab switch clears drafts (14.8s)
verify	真实反馈权限曝光与同键重试回归	2026-10-04T07:25:38.1831466Z   ✓  8 [mobile] › ../tests/e2e/feedback-security.spec.ts:8:5 › a confirmed create with a failed metadata read keeps its original key and cannot create a second report (3.3s)
verify	真实反馈权限曝光与同键重试回归	2026-10-04T07:25:38.4487882Z 
verify	真实反馈权限曝光与同键重试回归	2026-10-04T07:25:38.4493328Z   8 passed (1.0m)
verify	真实纠错通过重测与通知回归	﻿2026-10-04T07:25:38.5476792Z ##[group]Run node tools/verify/run.mjs --cwd frontend -- env -u NO_COLOR npm run e2e -- correction-user.spec.ts
verify	真实纠错通过重测与通知回归	2026-10-04T07:25:38.5477627Z ^[[36;1mnode tools/verify/run.mjs --cwd frontend -- env -u NO_COLOR npm run e2e -- correction-user.spec.ts^[[0m
verify	真实纠错通过重测与通知回归	2026-10-04T07:25:38.5541023Z shell: /usr/bin/bash -e {0}
verify	真实纠错通过重测与通知回归	2026-10-04T07:25:38.5541293Z env:
verify	真实纠错通过重测与通知回归	2026-10-04T07:25:38.5541483Z   CGO_ENABLED: 0
verify	真实纠错通过重测与通知回归	2026-10-04T07:25:38.5541696Z   GOTOOLCHAIN: local
verify	真实纠错通过重测与通知回归	2026-10-04T07:25:38.5541934Z   NEXT_TELEMETRY_DISABLED: 1
verify	真实纠错通过重测与通知回归	2026-10-04T07:25:38.5542547Z   TEST_DATABASE_URL: ***127.0.0.1:5432/math_master_test_ci?sslmode=disable
verify	真实纠错通过重测与通知回归	2026-10-04T07:25:38.5542934Z ##[endgroup]
verify	真实纠错通过重测与通知回归	2026-10-04T07:25:38.6790728Z 
verify	真实纠错通过重测与通知回归	2026-10-04T07:25:38.6791401Z > math-master-frontend@0.1.0 e2e
verify	真实纠错通过重测与通知回归	2026-10-04T07:25:38.6792165Z > playwright test --config ../tests/e2e/playwright.config.ts correction-user.spec.ts
verify	真实纠错通过重测与通知回归	2026-10-04T07:25:38.6792604Z 
verify	真实纠错通过重测与通知回归	2026-10-04T07:25:41.1119221Z 
verify	真实纠错通过重测与通知回归	2026-10-04T07:25:41.1120421Z Running 6 tests using 1 worker
verify	真实纠错通过重测与通知回归	2026-10-04T07:25:41.1121068Z 
verify	真实纠错通过重测与通知回归	2026-10-04T07:25:47.2392496Z   ✓  1 [desktop] › ../tests/e2e/correction-user.spec.ts:3:5 › real withdrawal restricts immediately; approved equivalent basis restores current evidence and keeps original history (5.6s)
verify	真实纠错通过重测与通知回归	2026-10-04T07:25:50.2612479Z   ✓  2 [desktop] › ../tests/e2e/correction-user.spec.ts:4:5 › an approved plan with no exact withdrawn mapping honestly requires retaking (3.0s)
verify	真实纠错通过重测与通知回归	2026-10-04T07:25:54.5260903Z   ✓  3 [desktop] › ../tests/e2e/correction-user.spec.ts:6:5 › corrected template illustrations load through owned effective results and stop after replacement withdrawal (4.2s)
verify	真实纠错通过重测与通知回归	2026-10-04T07:26:00.1692617Z   ✓  4 [mobile] › ../tests/e2e/correction-user.spec.ts:3:5 › real withdrawal restricts immediately; approved equivalent basis restores current evidence and keeps original history (5.1s)
verify	真实纠错通过重测与通知回归	2026-10-04T07:26:03.0063304Z   ✓  5 [mobile] › ../tests/e2e/correction-user.spec.ts:4:5 › an approved plan with no exact withdrawn mapping honestly requires retaking (2.8s)
verify	真实纠错通过重测与通知回归	2026-10-04T07:26:07.2469483Z   ✓  6 [mobile] › ../tests/e2e/correction-user.spec.ts:6:5 › corrected template illustrations load through owned effective results and stop after replacement withdrawal (4.2s)
verify	真实纠错通过重测与通知回归	2026-10-04T07:26:07.5053795Z 
verify	真实纠错通过重测与通知回归	2026-10-04T07:26:07.5054430Z   6 passed (28.3s)
verify	真实独立纠错批准与同键恢复回归	﻿2026-10-04T07:26:07.6132994Z ##[group]Run node tools/verify/run.mjs --cwd frontend -- env -u NO_COLOR npm run e2e -- correction-review.spec.ts
verify	真实独立纠错批准与同键恢复回归	2026-10-04T07:26:07.6133815Z ^[[36;1mnode tools/verify/run.mjs --cwd frontend -- env -u NO_COLOR npm run e2e -- correction-review.spec.ts^[[0m
verify	真实独立纠错批准与同键恢复回归	2026-10-04T07:26:07.6198682Z shell: /usr/bin/bash -e {0}
verify	真实独立纠错批准与同键恢复回归	2026-10-04T07:26:07.6198962Z env:
verify	真实独立纠错批准与同键恢复回归	2026-10-04T07:26:07.6199167Z   CGO_ENABLED: 0
verify	真实独立纠错批准与同键恢复回归	2026-10-04T07:26:07.6199391Z   GOTOOLCHAIN: local
verify	真实独立纠错批准与同键恢复回归	2026-10-04T07:26:07.6199907Z   NEXT_TELEMETRY_DISABLED: 1
verify	真实独立纠错批准与同键恢复回归	2026-10-04T07:26:07.6200520Z   TEST_DATABASE_URL: ***127.0.0.1:5432/math_master_test_ci?sslmode=disable
verify	真实独立纠错批准与同键恢复回归	2026-10-04T07:26:07.6200929Z ##[endgroup]
verify	真实独立纠错批准与同键恢复回归	2026-10-04T07:26:07.7509774Z 
verify	真实独立纠错批准与同键恢复回归	2026-10-04T07:26:07.7510555Z > math-master-frontend@0.1.0 e2e
verify	真实独立纠错批准与同键恢复回归	2026-10-04T07:26:07.7511394Z > playwright test --config ../tests/e2e/playwright.config.ts correction-review.spec.ts
verify	真实独立纠错批准与同键恢复回归	2026-10-04T07:26:07.7511877Z 
verify	真实独立纠错批准与同键恢复回归	2026-10-04T07:26:10.1051708Z 
verify	真实独立纠错批准与同键恢复回归	2026-10-04T07:26:10.1052406Z Running 4 tests using 1 worker
verify	真实独立纠错批准与同键恢复回归	2026-10-04T07:26:10.1052823Z 
verify	真实独立纠错批准与同键恢复回归	2026-10-04T07:26:15.2517442Z   ✓  1 [desktop] › ../tests/e2e/correction-review.spec.ts:5:5 › real plan author cannot self-approve; a distinct reviewer approves its frozen basis (4.6s)
verify	真实独立纠错批准与同键恢复回归	2026-10-04T07:26:18.9225491Z   ✓  2 [desktop] › ../tests/e2e/correction-review.spec.ts:6:5 › confirmed POST followed by failed GET preserves its original key and account switch clears drafts (3.7s)
verify	真实独立纠错批准与同键恢复回归	2026-10-04T07:26:23.9599553Z   ✓  3 [mobile] › ../tests/e2e/correction-review.spec.ts:5:5 › real plan author cannot self-approve; a distinct reviewer approves its frozen basis (4.5s)
verify	真实独立纠错批准与同键恢复回归	2026-10-04T07:26:27.1446597Z   ✓  4 [mobile] › ../tests/e2e/correction-review.spec.ts:6:5 › confirmed POST followed by failed GET preserves its original key and account switch clears drafts (3.2s)
verify	真实独立纠错批准与同键恢复回归	2026-10-04T07:26:27.2753035Z 
verify	真实独立纠错批准与同键恢复回归	2026-10-04T07:26:27.2758015Z   4 passed (19.0s)
verify	真实通知归属曝光边界与手动重试回归	﻿2026-10-04T07:26:27.3379256Z ##[group]Run node tools/verify/run.mjs --cwd frontend -- env -u NO_COLOR npm run e2e -- notification-security.spec.ts
verify	真实通知归属曝光边界与手动重试回归	2026-10-04T07:26:27.3380521Z ^[[36;1mnode tools/verify/run.mjs --cwd frontend -- env -u NO_COLOR npm run e2e -- notification-security.spec.ts^[[0m
verify	真实通知归属曝光边界与手动重试回归	2026-10-04T07:26:27.3444555Z shell: /usr/bin/bash -e {0}
verify	真实通知归属曝光边界与手动重试回归	2026-10-04T07:26:27.3444835Z env:
verify	真实通知归属曝光边界与手动重试回归	2026-10-04T07:26:27.3445036Z   CGO_ENABLED: 0
verify	真实通知归属曝光边界与手动重试回归	2026-10-04T07:26:27.3445263Z   GOTOOLCHAIN: local
verify	真实通知归属曝光边界与手动重试回归	2026-10-04T07:26:27.3445527Z   NEXT_TELEMETRY_DISABLED: 1
verify	真实通知归属曝光边界与手动重试回归	2026-10-04T07:26:27.3446138Z   TEST_DATABASE_URL: ***127.0.0.1:5432/math_master_test_ci?sslmode=disable
verify	真实通知归属曝光边界与手动重试回归	2026-10-04T07:26:27.3446552Z ##[endgroup]
verify	真实通知归属曝光边界与手动重试回归	2026-10-04T07:26:27.4764459Z 
verify	真实通知归属曝光边界与手动重试回归	2026-10-04T07:26:27.4765146Z > math-master-frontend@0.1.0 e2e
verify	真实通知归属曝光边界与手动重试回归	2026-10-04T07:26:27.4766009Z > playwright test --config ../tests/e2e/playwright.config.ts notification-security.spec.ts
verify	真实通知归属曝光边界与手动重试回归	2026-10-04T07:26:27.4766501Z 
verify	真实通知归属曝光边界与手动重试回归	2026-10-04T07:26:29.8177421Z 
verify	真实通知归属曝光边界与手动重试回归	2026-10-04T07:26:29.8178255Z Running 6 tests using 1 worker
verify	真实通知归属曝光边界与手动重试回归	2026-10-04T07:26:29.8178704Z 
verify	真实通知归属曝光边界与手动重试回归	2026-10-04T07:26:33.8807562Z   ✓  1 [desktop] › ../tests/e2e/notification-security.spec.ts:4:5 › other owners cannot read correction results or notifications; same-key reads keep the first timestamp (3.5s)
verify	真实通知归属曝光边界与手动重试回归	2026-10-04T07:26:39.6397488Z   ✓  2 [desktop] › ../tests/e2e/notification-security.spec.ts:5:5 › accurate replacement template and broad grading scope both block active assessment answer exposure (5.7s)
verify	真实通知归属曝光边界与手动重试回归	2026-10-04T07:26:53.6077327Z   ✓  3 [desktop] › ../tests/e2e/notification-security.spec.ts:6:5 › unconfirmed notification read retains its key and silent SSR owner change removes old notification text (14.0s)
verify	真实通知归属曝光边界与手动重试回归	2026-10-04T07:26:57.2379066Z   ✓  4 [mobile] › ../tests/e2e/notification-security.spec.ts:4:5 › other owners cannot read correction results or notifications; same-key reads keep the first timestamp (3.1s)
verify	真实通知归属曝光边界与手动重试回归	2026-10-04T07:27:03.4065619Z   ✓  5 [mobile] › ../tests/e2e/notification-security.spec.ts:5:5 › accurate replacement template and broad grading scope both block active assessment answer exposure (6.1s)
verify	真实通知归属曝光边界与手动重试回归	2026-10-04T07:27:17.0942449Z   ✓  6 [mobile] › ../tests/e2e/notification-security.spec.ts:6:5 › unconfirmed notification read retains its key and silent SSR owner change removes old notification text (13.7s)
verify	真实通知归属曝光边界与手动重试回归	2026-10-04T07:27:17.2912157Z 
verify	真实通知归属曝光边界与手动重试回归	2026-10-04T07:27:17.2918979Z   6 passed (49.3s)
verify	首批完整草稿阅读双视口验证	﻿2026-10-04T07:27:17.3584739Z ##[group]Run node tools/verify/run.mjs --cwd frontend -- env -u NO_COLOR npm run e2e -- content-acceptance-reading.spec.ts
verify	首批完整草稿阅读双视口验证	2026-10-04T07:27:17.3585689Z ^[[36;1mnode tools/verify/run.mjs --cwd frontend -- env -u NO_COLOR npm run e2e -- content-acceptance-reading.spec.ts^[[0m
verify	首批完整草稿阅读双视口验证	2026-10-04T07:27:17.3650177Z shell: /usr/bin/bash -e {0}
verify	首批完整草稿阅读双视口验证	2026-10-04T07:27:17.3650457Z env:
verify	首批完整草稿阅读双视口验证	2026-10-04T07:27:17.3650650Z   CGO_ENABLED: 0
verify	首批完整草稿阅读双视口验证	2026-10-04T07:27:17.3650867Z   GOTOOLCHAIN: local
verify	首批完整草稿阅读双视口验证	2026-10-04T07:27:17.3651110Z   NEXT_TELEMETRY_DISABLED: 1
verify	首批完整草稿阅读双视口验证	2026-10-04T07:27:17.3651730Z   TEST_DATABASE_URL: ***127.0.0.1:5432/math_master_test_ci?sslmode=disable
verify	首批完整草稿阅读双视口验证	2026-10-04T07:27:17.3652138Z ##[endgroup]
verify	首批完整草稿阅读双视口验证	2026-10-04T07:27:17.5026169Z 
verify	首批完整草稿阅读双视口验证	2026-10-04T07:27:17.5026966Z > math-master-frontend@0.1.0 e2e
verify	首批完整草稿阅读双视口验证	2026-10-04T07:27:17.5028394Z > playwright test --config ../tests/e2e/playwright.config.ts content-acceptance-reading.spec.ts
verify	首批完整草稿阅读双视口验证	2026-10-04T07:27:17.5029153Z 
verify	首批完整草稿阅读双视口验证	2026-10-04T07:27:19.8336682Z 
verify	首批完整草稿阅读双视口验证	2026-10-04T07:27:19.8337643Z Running 8 tests using 1 worker
verify	首批完整草稿阅读双视口验证	2026-10-04T07:27:19.8338139Z 
verify	首批完整草稿阅读双视口验证	2026-10-04T07:27:26.6420462Z   ✓  1 [desktop] › ../tests/e2e/content-acceptance-reading.spec.ts:4:5 › thirty-node route has English names and Chinese terms (6.3s)
verify	首批完整草稿阅读双视口验证	2026-10-04T07:27:36.4847364Z   ✓  2 [desktop] › ../tests/e2e/content-acceptance-reading.spec.ts:5:5 › all nine original mathematical SVGs load in actual lessons (9.8s)
verify	首批完整草稿阅读双视口验证	2026-10-04T07:27:43.0605779Z   ✓  3 [desktop] › ../tests/e2e/content-acceptance-reading.spec.ts:6:5 › fixed version two keeps formal formulas and counterexample visible (6.6s)
verify	首批完整草稿阅读双视口验证	2026-10-04T07:27:49.0908216Z   ✓  4 [desktop] › ../tests/e2e/content-acceptance-reading.spec.ts:7:5 › public lesson sources expose attribution without private provenance or answers (6.0s)
verify	首批完整草稿阅读双视口验证	2026-10-04T07:27:55.6987208Z   ✓  5 [mobile] › ../tests/e2e/content-acceptance-reading.spec.ts:4:5 › thirty-node route has English names and Chinese terms (6.1s)
verify	首批完整草稿阅读双视口验证	2026-10-04T07:28:05.4140945Z   ✓  6 [mobile] › ../tests/e2e/content-acceptance-reading.spec.ts:5:5 › all nine original mathematical SVGs load in actual lessons (9.7s)
verify	首批完整草稿阅读双视口验证	2026-10-04T07:28:12.1358482Z   ✓  7 [mobile] › ../tests/e2e/content-acceptance-reading.spec.ts:6:5 › fixed version two keeps formal formulas and counterexample visible (6.7s)
verify	首批完整草稿阅读双视口验证	2026-10-04T07:28:18.0977843Z   ✓  8 [mobile] › ../tests/e2e/content-acceptance-reading.spec.ts:7:5 › public lesson sources expose attribution without private provenance or answers (5.9s)
verify	首批完整草稿阅读双视口验证	2026-10-04T07:28:18.3737349Z 
verify	首批完整草稿阅读双视口验证	2026-10-04T07:28:18.3742615Z   8 passed (1.0m)
verify	首批完整草稿学习反馈双视口验证	﻿2026-10-04T07:28:18.4393653Z ##[group]Run node tools/verify/run.mjs --cwd frontend -- env -u NO_COLOR npm run e2e -- content-acceptance-learning.spec.ts
verify	首批完整草稿学习反馈双视口验证	2026-10-04T07:28:18.4394556Z ^[[36;1mnode tools/verify/run.mjs --cwd frontend -- env -u NO_COLOR npm run e2e -- content-acceptance-learning.spec.ts^[[0m
verify	首批完整草稿学习反馈双视口验证	2026-10-04T07:28:18.4456842Z shell: /usr/bin/bash -e {0}
verify	首批完整草稿学习反馈双视口验证	2026-10-04T07:28:18.4457112Z env:
verify	首批完整草稿学习反馈双视口验证	2026-10-04T07:28:18.4457303Z   CGO_ENABLED: 0
verify	首批完整草稿学习反馈双视口验证	2026-10-04T07:28:18.4457518Z   GOTOOLCHAIN: local
verify	首批完整草稿学习反馈双视口验证	2026-10-04T07:28:18.4457757Z   NEXT_TELEMETRY_DISABLED: 1
verify	首批完整草稿学习反馈双视口验证	2026-10-04T07:28:18.4458342Z   TEST_DATABASE_URL: ***127.0.0.1:5432/math_master_test_ci?sslmode=disable
verify	首批完整草稿学习反馈双视口验证	2026-10-04T07:28:18.4458729Z ##[endgroup]
verify	首批完整草稿学习反馈双视口验证	2026-10-04T07:28:18.5715076Z 
verify	首批完整草稿学习反馈双视口验证	2026-10-04T07:28:18.5715704Z > math-master-frontend@0.1.0 e2e
verify	首批完整草稿学习反馈双视口验证	2026-10-04T07:28:18.5717116Z > playwright test --config ../tests/e2e/playwright.config.ts content-acceptance-learning.spec.ts
verify	首批完整草稿学习反馈双视口验证	2026-10-04T07:28:18.5718217Z 
verify	首批完整草稿学习反馈双视口验证	2026-10-04T07:28:20.9319679Z 
verify	首批完整草稿学习反馈双视口验证	2026-10-04T07:28:20.9321005Z Running 8 tests using 1 worker
verify	首批完整草稿学习反馈双视口验证	2026-10-04T07:28:20.9321488Z 
verify	首批完整草稿学习反馈双视口验证	2026-10-04T07:28:31.0613102Z   ✓  1 [desktop] › ../tests/e2e/content-acceptance-learning.spec.ts:11:5 › three fails, four passes, and exact prerequisites unlock only their descendants (9.6s)
verify	首批完整草稿学习反馈双视口验证	2026-10-04T07:28:39.2693974Z   ✓  2 [desktop] › ../tests/e2e/content-acceptance-learning.spec.ts:12:5 › one practice exposure leaves a different five-question assessment available (8.2s)
verify	首批完整草稿学习反馈双视口验证	2026-10-04T07:28:46.6857749Z [WebServer] ⨯ Error: The destination stream closed early.
verify	首批完整草稿学习反馈双视口验证	2026-10-04T07:28:46.6858455Z [WebServer]     at ignore-listed frames {
verify	首批完整草稿学习反馈双视口验证	2026-10-04T07:28:46.6858942Z [WebServer]   digest: '3520987528'
verify	首批完整草稿学习反馈双视口验证	2026-10-04T07:28:46.6859217Z [WebServer] }
verify	首批完整草稿学习反馈双视口验证	2026-10-04T07:28:49.9422227Z   ✓  3 [desktop] › ../tests/e2e/content-acceptance-learning.spec.ts:13:5 › learned state, fixed-version review and explicit retake keep current qualification (10.7s)
verify	首批完整草稿学习反馈双视口验证	2026-10-04T07:28:59.3752133Z   ✓  4 [desktop] › ../tests/e2e/content-acceptance-learning.spec.ts:14:5 › feedback, withdrawal correction and full exposure show truthful readiness (9.4s)
verify	首批完整草稿学习反馈双视口验证	2026-10-04T07:29:10.0738626Z   ✓  5 [mobile] › ../tests/e2e/content-acceptance-learning.spec.ts:11:5 › three fails, four passes, and exact prerequisites unlock only their descendants (10.1s)
verify	首批完整草稿学习反馈双视口验证	2026-10-04T07:29:19.0683386Z   ✓  6 [mobile] › ../tests/e2e/content-acceptance-learning.spec.ts:12:5 › one practice exposure leaves a different five-question assessment available (9.0s)
verify	首批完整草稿学习反馈双视口验证	2026-10-04T07:29:26.2615788Z [WebServer] ⨯ Error: The destination stream closed early.
verify	首批完整草稿学习反馈双视口验证	2026-10-04T07:29:26.2624359Z [WebServer]     at ignore-listed frames {
verify	首批完整草稿学习反馈双视口验证	2026-10-04T07:29:26.2640317Z [WebServer]   digest: '3520987528'
verify	首批完整草稿学习反馈双视口验证	2026-10-04T07:29:26.2640890Z [WebServer] }
verify	首批完整草稿学习反馈双视口验证	2026-10-04T07:29:29.4639101Z   ✓  7 [mobile] › ../tests/e2e/content-acceptance-learning.spec.ts:13:5 › learned state, fixed-version review and explicit retake keep current qualification (10.4s)
verify	首批完整草稿学习反馈双视口验证	2026-10-04T07:29:38.7357024Z   ✓  8 [mobile] › ../tests/e2e/content-acceptance-learning.spec.ts:14:5 › feedback, withdrawal correction and full exposure show truthful readiness (9.3s)
verify	首批完整草稿学习反馈双视口验证	2026-10-04T07:29:38.9981751Z 
verify	首批完整草稿学习反馈双视口验证	2026-10-04T07:29:38.9987230Z   8 passed (1.3m)
verify	Post Run actions/setup-go@b7ad1dad31e06c5925ef5d2fc7ad053ef454303e	﻿2026-10-04T07:29:39.1126596Z Post job cleanup.
verify	Post Run actions/setup-go@b7ad1dad31e06c5925ef5d2fc7ad053ef454303e	2026-10-04T07:29:39.2576527Z [command]/opt/hostedtoolcache/go/1.27.1/x64/bin/go env GOMODCACHE
verify	Post Run actions/setup-go@b7ad1dad31e06c5925ef5d2fc7ad053ef454303e	2026-10-04T07:29:39.2630231Z [command]/opt/hostedtoolcache/go/1.27.1/x64/bin/go env GOCACHE
verify	Post Run actions/setup-go@b7ad1dad31e06c5925ef5d2fc7ad053ef454303e	2026-10-04T07:29:39.2663551Z /home/runner/go/pkg/mod
verify	Post Run actions/setup-go@b7ad1dad31e06c5925ef5d2fc7ad053ef454303e	2026-10-04T07:29:39.2694326Z /home/runner/.cache/go-build
verify	Post Run actions/setup-go@b7ad1dad31e06c5925ef5d2fc7ad053ef454303e	2026-10-04T07:29:39.2702420Z Cache hit occurred on the primary key setup-go-Linux-x64-ubuntu24-go-1.27.1-6f926d71642f0f7c618aaf48183d120ae01c676eeeea6094ca09a10a0292f233, not saving cache.
verify	Post Run actions/setup-node@820762786026740c76f36085b0efc47a31fe5020	﻿2026-10-04T07:29:39.2852931Z Post job cleanup.
verify	Post Run actions/setup-node@820762786026740c76f36085b0efc47a31fe5020	2026-10-04T07:29:39.4017330Z Cache hit occurred on the primary key node-cache-Linux-x64-npm-4b8bf646bdd8d719a125ff7a8482f3afbc87c55a97a657fd0df13d2ed946909b, not saving cache.
verify	Post Run actions/checkout@3d3c42e5aac5ba805825da76410c181273ba90b1	﻿2026-10-04T07:29:39.4144352Z Post job cleanup.
verify	Post Run actions/checkout@3d3c42e5aac5ba805825da76410c181273ba90b1	2026-10-04T07:29:39.5007845Z [command]/usr/bin/git version
verify	Post Run actions/checkout@3d3c42e5aac5ba805825da76410c181273ba90b1	2026-10-04T07:29:39.5066042Z git version 2.55.0
verify	Post Run actions/checkout@3d3c42e5aac5ba805825da76410c181273ba90b1	2026-10-04T07:29:39.5104746Z Temporarily overriding HOME='/home/runner/work/_temp/f3ade3b4-aa11-4fbb-aa7b-eaae13a75240' before making global git config changes
verify	Post Run actions/checkout@3d3c42e5aac5ba805825da76410c181273ba90b1	2026-10-04T07:29:39.5106374Z Adding repository directory to the temporary git global config as a safe directory
verify	Post Run actions/checkout@3d3c42e5aac5ba805825da76410c181273ba90b1	2026-10-04T07:29:39.5111637Z [command]/usr/bin/git config --global --add safe.directory /home/runner/work/math_master/math_master
verify	Post Run actions/checkout@3d3c42e5aac5ba805825da76410c181273ba90b1	2026-10-04T07:29:39.5146542Z Removing SSH command configuration
verify	Post Run actions/checkout@3d3c42e5aac5ba805825da76410c181273ba90b1	2026-10-04T07:29:39.5153595Z [command]/usr/bin/git config --local --name-only --get-regexp core\.sshCommand
verify	Post Run actions/checkout@3d3c42e5aac5ba805825da76410c181273ba90b1	2026-10-04T07:29:39.5192203Z [command]/usr/bin/git submodule foreach --recursive sh -c "git config --local --name-only --get-regexp 'core\.sshCommand' && git config --local --unset-all 'core.sshCommand' || :"
verify	Post Run actions/checkout@3d3c42e5aac5ba805825da76410c181273ba90b1	2026-10-04T07:29:39.5445788Z Removing HTTP extra header
verify	Post Run actions/checkout@3d3c42e5aac5ba805825da76410c181273ba90b1	2026-10-04T07:29:39.5451855Z [command]/usr/bin/git config --local --name-only --get-regexp http\.https\:\/\/github\.com\/\.extraheader
verify	Post Run actions/checkout@3d3c42e5aac5ba805825da76410c181273ba90b1	2026-10-04T07:29:39.5489082Z [command]/usr/bin/git submodule foreach --recursive sh -c "git config --local --name-only --get-regexp 'http\.https\:\/\/github\.com\/\.extraheader' && git config --local --unset-all 'http.https://github.com/.extraheader' || :"
verify	Post Run actions/checkout@3d3c42e5aac5ba805825da76410c181273ba90b1	2026-10-04T07:29:39.5744603Z Removing includeIf entries pointing to credentials config files
verify	Post Run actions/checkout@3d3c42e5aac5ba805825da76410c181273ba90b1	2026-10-04T07:29:39.5753813Z [command]/usr/bin/git config --local --name-only --get-regexp ^includeIf\.gitdir:
verify	Post Run actions/checkout@3d3c42e5aac5ba805825da76410c181273ba90b1	2026-10-04T07:29:39.5799147Z includeif.gitdir:/home/runner/work/math_master/math_master/.git.path
verify	Post Run actions/checkout@3d3c42e5aac5ba805825da76410c181273ba90b1	2026-10-04T07:29:39.5800676Z includeif.gitdir:/home/runner/work/math_master/math_master/.git/worktrees/*.path
verify	Post Run actions/checkout@3d3c42e5aac5ba805825da76410c181273ba90b1	2026-10-04T07:29:39.5801743Z includeif.gitdir:/github/workspace/.git.path
verify	Post Run actions/checkout@3d3c42e5aac5ba805825da76410c181273ba90b1	2026-10-04T07:29:39.5802797Z includeif.gitdir:/github/workspace/.git/worktrees/*.path
verify	Post Run actions/checkout@3d3c42e5aac5ba805825da76410c181273ba90b1	2026-10-04T07:29:39.5809445Z [command]/usr/bin/git config --local --get-all includeif.gitdir:/home/runner/work/math_master/math_master/.git.path
verify	Post Run actions/checkout@3d3c42e5aac5ba805825da76410c181273ba90b1	2026-10-04T07:29:39.5844459Z /home/runner/work/_temp/git-credentials-041e014c-2849-4dfc-82c6-4e25dcd73637.config
verify	Post Run actions/checkout@3d3c42e5aac5ba805825da76410c181273ba90b1	2026-10-04T07:29:39.5858724Z [command]/usr/bin/git config --local --unset includeif.gitdir:/home/runner/work/math_master/math_master/.git.path \/home\/runner\/work\/_temp\/git\-credentials\-041e014c\-2849\-4dfc\-82c6\-4e25dcd73637\.config
verify	Post Run actions/checkout@3d3c42e5aac5ba805825da76410c181273ba90b1	2026-10-04T07:29:39.5912567Z [command]/usr/bin/git config --local --get-all includeif.gitdir:/home/runner/work/math_master/math_master/.git/worktrees/*.path
verify	Post Run actions/checkout@3d3c42e5aac5ba805825da76410c181273ba90b1	2026-10-04T07:29:39.5940651Z /home/runner/work/_temp/git-credentials-041e014c-2849-4dfc-82c6-4e25dcd73637.config
verify	Post Run actions/checkout@3d3c42e5aac5ba805825da76410c181273ba90b1	2026-10-04T07:29:39.5959117Z [command]/usr/bin/git config --local --unset includeif.gitdir:/home/runner/work/math_master/math_master/.git/worktrees/*.path \/home\/runner\/work\/_temp\/git\-credentials\-041e014c\-2849\-4dfc\-82c6\-4e25dcd73637\.config
verify	Post Run actions/checkout@3d3c42e5aac5ba805825da76410c181273ba90b1	2026-10-04T07:29:39.6005193Z [command]/usr/bin/git config --local --get-all includeif.gitdir:/github/workspace/.git.path
verify	Post Run actions/checkout@3d3c42e5aac5ba805825da76410c181273ba90b1	2026-10-04T07:29:39.6033064Z /github/runner_temp/git-credentials-041e014c-2849-4dfc-82c6-4e25dcd73637.config
verify	Post Run actions/checkout@3d3c42e5aac5ba805825da76410c181273ba90b1	2026-10-04T07:29:39.6040881Z [command]/usr/bin/git config --local --unset includeif.gitdir:/github/workspace/.git.path \/github\/runner_temp\/git\-credentials\-041e014c\-2849\-4dfc\-82c6\-4e25dcd73637\.config
verify	Post Run actions/checkout@3d3c42e5aac5ba805825da76410c181273ba90b1	2026-10-04T07:29:39.6078284Z [command]/usr/bin/git config --local --get-all includeif.gitdir:/github/workspace/.git/worktrees/*.path
verify	Post Run actions/checkout@3d3c42e5aac5ba805825da76410c181273ba90b1	2026-10-04T07:29:39.6107697Z /github/runner_temp/git-credentials-041e014c-2849-4dfc-82c6-4e25dcd73637.config
verify	Post Run actions/checkout@3d3c42e5aac5ba805825da76410c181273ba90b1	2026-10-04T07:29:39.6117190Z [command]/usr/bin/git config --local --unset includeif.gitdir:/github/workspace/.git/worktrees/*.path \/github\/runner_temp\/git\-credentials\-041e014c\-2849\-4dfc\-82c6\-4e25dcd73637\.config
verify	Post Run actions/checkout@3d3c42e5aac5ba805825da76410c181273ba90b1	2026-10-04T07:29:39.6164271Z [command]/usr/bin/git submodule foreach --recursive git config --local --show-origin --name-only --get-regexp remote.origin.url
verify	Post Run actions/checkout@3d3c42e5aac5ba805825da76410c181273ba90b1	2026-10-04T07:29:39.6403139Z Removing credentials config '/home/runner/work/_temp/git-credentials-041e014c-2849-4dfc-82c6-4e25dcd73637.config'
verify	Stop containers	﻿2026-10-04T07:29:39.6526290Z Print service container logs: 9380e6430b9a474383eca09b40f6ec31_postgres1711_9f7a4a
verify	Stop containers	2026-10-04T07:29:39.6531070Z ##[command]/usr/bin/docker logs --details 02f6f51fd5fde2cd883284ad03c902e0dbbb378e794be000ce269a22f2425884
verify	Stop containers	2026-10-04T07:29:39.6662991Z  The files belonging to this database system will be owned by user "postgres".
verify	Stop containers	2026-10-04T07:29:39.6663894Z  This user must also own the server process.
verify	Stop containers	2026-10-04T07:29:39.6667828Z  initdb: warning: enabling "trust" authentication for local connections
verify	Stop containers	2026-10-04T07:29:39.6669205Z  initdb: hint: You can change this by editing pg_hba.conf or using the option -A, or --auth-local and --auth-host, the next time you run initdb.
verify	Stop containers	2026-10-04T07:29:39.6671192Z  2026-10-04 07:09:13.601 UTC [1] LOG:  starting PostgreSQL 17.11 (Debian 17.11-1.pgdg13+2) on x86_64-pc-linux-gnu, compiled by gcc (Debian 14.2.0-19) 14.2.0, 64-bit
verify	Stop containers	2026-10-04T07:29:39.6672644Z  2026-10-04 07:09:13.601 UTC [1] LOG:  listening on IPv4 address "0.0.0.0", port 5432
verify	Stop containers	2026-10-04T07:29:39.6673633Z  2026-10-04 07:09:13.601 UTC [1] LOG:  listening on IPv6 address "::", port 5432
verify	Stop containers	2026-10-04T07:29:39.6674312Z  2026-10-04 07:09:13.602 UTC [1] LOG:  listening on Unix socket "/var/run/postgresql/.s.PGSQL.5432"
verify	Stop containers	2026-10-04T07:29:39.6674902Z  2026-10-04 07:09:13.605 UTC [64] LOG:  database system was shut down at 2026-10-04 07:09:13 UTC
verify	Stop containers	2026-10-04T07:29:39.6675431Z  2026-10-04 07:09:13.609 UTC [1] LOG:  database system is ready to accept connections
verify	Stop containers	2026-10-04T07:29:39.6675924Z  2026-10-04 07:11:08.749 UTC [62] LOG:  checkpoint starting: immediate force wait
verify	Stop containers	2026-10-04T07:29:39.6677023Z  2026-10-04 07:11:08.753 UTC [62] LOG:  checkpoint complete: wrote 47 buffers (0.3%); 0 WAL file(s) added, 0 removed, 2 recycled; write=0.002 s, sync=0.001 s, total=0.005 s; sync files=14, longest=0.001 s, average=0.001 s; distance=26252 kB, estimate=26252 kB; lsn=0/32BAC20, redo lsn=0/32BABC8
verify	Stop containers	2026-10-04T07:29:39.6678142Z  2026-10-04 07:11:25.366 UTC [62] LOG:  checkpoint starting: immediate force wait
verify	Stop containers	2026-10-04T07:29:39.6679202Z  2026-10-04 07:11:25.371 UTC [62] LOG:  checkpoint complete: wrote 4 buffers (0.0%); 0 WAL file(s) added, 0 removed, 2 recycled; write=0.001 s, sync=0.001 s, total=0.005 s; sync files=4, longest=0.001 s, average=0.001 s; distance=43416 kB, estimate=43416 kB; lsn=0/5D20F00, redo lsn=0/5D20EA8
verify	Stop containers	2026-10-04T07:29:39.6680669Z  2026-10-04 07:11:29.378 UTC [62] LOG:  checkpoint starting: immediate force wait
verify	Stop containers	2026-10-04T07:29:39.6681766Z  2026-10-04 07:11:29.387 UTC [62] LOG:  checkpoint complete: wrote 5 buffers (0.0%); 0 WAL file(s) added, 0 removed, 1 recycled; write=0.001 s, sync=0.001 s, total=0.009 s; sync files=4, longest=0.001 s, average=0.001 s; distance=11769 kB, estimate=40252 kB; lsn=0/689F6B0, redo lsn=0/689F658
verify	Stop containers	2026-10-04T07:29:39.6683217Z  2026-10-04 07:11:31.386 UTC [62] LOG:  checkpoint starting: immediate force wait
verify	Stop containers	2026-10-04T07:29:39.6684638Z  2026-10-04 07:11:31.389 UTC [62] LOG:  checkpoint complete: wrote 4 buffers (0.0%); 0 WAL file(s) added, 0 removed, 1 recycled; write=0.001 s, sync=0.001 s, total=0.003 s; sync files=4, longest=0.001 s, average=0.001 s; distance=9766 kB, estimate=37203 kB; lsn=0/7229280, redo lsn=0/7229228
verify	Stop containers	2026-10-04T07:29:39.6685737Z  2026-10-04 07:11:34.098 UTC [62] LOG:  checkpoint starting: immediate force wait
verify	Stop containers	2026-10-04T07:29:39.6686820Z  2026-10-04 07:11:34.101 UTC [62] LOG:  checkpoint complete: wrote 4 buffers (0.0%); 0 WAL file(s) added, 0 removed, 0 recycled; write=0.001 s, sync=0.001 s, total=0.004 s; sync files=4, longest=0.001 s, average=0.001 s; distance=10530 kB, estimate=34536 kB; lsn=0/7C71CC8, redo lsn=0/7C71C70
verify	Stop containers	2026-10-04T07:29:39.6687924Z  2026-10-04 07:11:36.120 UTC [62] LOG:  checkpoint starting: immediate force wait
verify	Stop containers	2026-10-04T07:29:39.6688978Z  2026-10-04 07:11:36.123 UTC [62] LOG:  checkpoint complete: wrote 4 buffers (0.0%); 0 WAL file(s) added, 0 removed, 1 recycled; write=0.001 s, sync=0.001 s, total=0.004 s; sync files=4, longest=0.001 s, average=0.001 s; distance=9749 kB, estimate=32057 kB; lsn=0/85F7168, redo lsn=0/85F7110
verify	Stop containers	2026-10-04T07:29:39.6690799Z  2026-10-04 07:11:39.732 UTC [62] LOG:  checkpoint starting: immediate force wait
verify	Stop containers	2026-10-04T07:29:39.6693150Z  2026-10-04 07:11:39.735 UTC [62] LOG:  checkpoint complete: wrote 4 buffers (0.0%); 0 WAL file(s) added, 0 removed, 0 recycled; write=0.001 s, sync=0.001 s, total=0.003 s; sync files=4, longest=0.001 s, average=0.001 s; distance=8418 kB, estimate=29693 kB; lsn=0/8E2F990, redo lsn=0/8E2F938
verify	Stop containers	2026-10-04T07:29:39.6694310Z  2026-10-04 07:11:40.261 UTC [62] LOG:  checkpoint starting: immediate force wait
verify	Stop containers	2026-10-04T07:29:39.6707148Z  2026-10-04 07:11:40.277 UTC [62] LOG:  checkpoint complete: wrote 933 buffers (5.7%); 0 WAL file(s) added, 0 removed, 1 recycled; write=0.012 s, sync=0.002 s, total=0.016 s; sync files=301, longest=0.001 s, average=0.001 s; distance=12450 kB, estimate=27969 kB; lsn=0/9A58430, redo lsn=0/9A583D8
verify	Stop containers	2026-10-04T07:29:39.6708380Z  2026-10-04 07:11:40.299 UTC [62] LOG:  checkpoint starting: immediate force wait
verify	Stop containers	2026-10-04T07:29:39.6709517Z  2026-10-04 07:11:40.301 UTC [62] LOG:  checkpoint complete: wrote 2 buffers (0.0%); 0 WAL file(s) added, 0 removed, 0 recycled; write=0.001 s, sync=0.001 s, total=0.003 s; sync files=2, longest=0.001 s, average=0.001 s; distance=2 kB, estimate=25172 kB; lsn=0/9A58ED8, redo lsn=0/9A58E80
verify	Stop containers	2026-10-04T07:29:39.6710855Z  2026-10-04 07:11:40.908 UTC [62] LOG:  checkpoint starting: immediate force wait
verify	Stop containers	2026-10-04T07:29:39.6711937Z  2026-10-04 07:11:40.911 UTC [62] LOG:  checkpoint complete: wrote 4 buffers (0.0%); 0 WAL file(s) added, 0 removed, 1 recycled; write=0.001 s, sync=0.001 s, total=0.004 s; sync files=4, longest=0.001 s, average=0.001 s; distance=8348 kB, estimate=23490 kB; lsn=0/A2800E8, redo lsn=0/A280090
verify	Stop containers	2026-10-04T07:29:39.6713029Z  2026-10-04 07:11:42.434 UTC [62] LOG:  checkpoint starting: immediate force wait
verify	Stop containers	2026-10-04T07:29:39.6714140Z  2026-10-04 07:11:42.449 UTC [62] LOG:  checkpoint complete: wrote 932 buffers (5.7%); 0 WAL file(s) added, 0 removed, 0 recycled; write=0.012 s, sync=0.002 s, total=0.016 s; sync files=300, longest=0.001 s, average=0.001 s; distance=12446 kB, estimate=22385 kB; lsn=0/AEA7C98, redo lsn=0/AEA7C40
verify	Stop containers	2026-10-04T07:29:39.6715237Z  2026-10-04 07:11:42.471 UTC [62] LOG:  checkpoint starting: immediate force wait
verify	Stop containers	2026-10-04T07:29:39.6716296Z  2026-10-04 07:11:42.474 UTC [62] LOG:  checkpoint complete: wrote 2 buffers (0.0%); 0 WAL file(s) added, 0 removed, 0 recycled; write=0.001 s, sync=0.001 s, total=0.003 s; sync files=2, longest=0.001 s, average=0.001 s; distance=6 kB, estimate=20147 kB; lsn=0/AEA9728, redo lsn=0/AEA96D0
verify	Stop containers	2026-10-04T07:29:39.6717347Z  2026-10-04 07:11:44.782 UTC [62] LOG:  checkpoint starting: immediate force wait
verify	Stop containers	2026-10-04T07:29:39.6718414Z  2026-10-04 07:11:44.785 UTC [62] LOG:  checkpoint complete: wrote 4 buffers (0.0%); 0 WAL file(s) added, 0 removed, 1 recycled; write=0.001 s, sync=0.001 s, total=0.003 s; sync files=4, longest=0.001 s, average=0.001 s; distance=9935 kB, estimate=19126 kB; lsn=0/B85D6A8, redo lsn=0/B85D650
verify	Stop containers	2026-10-04T07:29:39.6719965Z  2026-10-04 07:13:59.202 UTC [62] LOG:  checkpoint starting: immediate force wait
verify	Stop containers	2026-10-04T07:29:39.6721063Z  2026-10-04 07:13:59.209 UTC [62] LOG:  checkpoint complete: wrote 5 buffers (0.0%); 0 WAL file(s) added, 0 removed, 16 recycled; write=0.001 s, sync=0.001 s, total=0.007 s; sync files=9, longest=0.001 s, average=0.001 s; distance=258350 kB, estimate=258350 kB; lsn=0/1B4A8FD8, redo lsn=0/1B4A8F80
verify	Stop containers	2026-10-04T07:29:39.6722145Z  2026-10-04 07:14:01.083 UTC [62] LOG:  checkpoint starting: immediate force wait
verify	Stop containers	2026-10-04T07:29:39.6723220Z  2026-10-04 07:14:01.086 UTC [62] LOG:  checkpoint complete: wrote 4 buffers (0.0%); 0 WAL file(s) added, 0 removed, 0 recycled; write=0.001 s, sync=0.001 s, total=0.003 s; sync files=4, longest=0.001 s, average=0.001 s; distance=9065 kB, estimate=233421 kB; lsn=0/1BD83690, redo lsn=0/1BD83638
verify	Stop containers	2026-10-04T07:29:39.6724329Z  2026-10-04 07:14:02.227 UTC [62] LOG:  checkpoint starting: immediate force wait
verify	Stop containers	2026-10-04T07:29:39.6725408Z  2026-10-04 07:14:02.230 UTC [62] LOG:  checkpoint complete: wrote 4 buffers (0.0%); 0 WAL file(s) added, 0 removed, 1 recycled; write=0.001 s, sync=0.001 s, total=0.003 s; sync files=4, longest=0.001 s, average=0.001 s; distance=8657 kB, estimate=210945 kB; lsn=0/1C5F7C70, redo lsn=0/1C5F7C18
verify	Stop containers	2026-10-04T07:29:39.6726643Z  2026-10-04 07:14:03.660 UTC [62] LOG:  checkpoint starting: immediate force wait
verify	Stop containers	2026-10-04T07:29:39.6727717Z  2026-10-04 07:14:03.663 UTC [62] LOG:  checkpoint complete: wrote 4 buffers (0.0%); 0 WAL file(s) added, 0 removed, 0 recycled; write=0.001 s, sync=0.001 s, total=0.004 s; sync files=4, longest=0.001 s, average=0.001 s; distance=8903 kB, estimate=190741 kB; lsn=0/1CEA9A68, redo lsn=0/1CEA9A10
verify	Stop containers	2026-10-04T07:29:39.6728790Z  2026-10-04 07:14:04.604 UTC [62] LOG:  checkpoint starting: immediate force wait
verify	Stop containers	2026-10-04T07:29:39.6730064Z  2026-10-04 07:14:04.607 UTC [62] LOG:  checkpoint complete: wrote 4 buffers (0.0%); 0 WAL file(s) added, 0 removed, 1 recycled; write=0.001 s, sync=0.001 s, total=0.004 s; sync files=4, longest=0.001 s, average=0.001 s; distance=8604 kB, estimate=172527 kB; lsn=0/1D710A78, redo lsn=0/1D710A20
verify	Stop containers	2026-10-04T07:29:39.6731163Z  2026-10-04 07:14:05.345 UTC [62] LOG:  checkpoint starting: immediate force wait
verify	Stop containers	2026-10-04T07:29:39.6732232Z  2026-10-04 07:14:05.348 UTC [62] LOG:  checkpoint complete: wrote 4 buffers (0.0%); 0 WAL file(s) added, 0 removed, 0 recycled; write=0.001 s, sync=0.001 s, total=0.003 s; sync files=4, longest=0.001 s, average=0.001 s; distance=8240 kB, estimate=156098 kB; lsn=0/1DF1CBB8, redo lsn=0/1DF1CB60
verify	Stop containers	2026-10-04T07:29:39.6733303Z  2026-10-04 07:15:03.722 UTC [62] LOG:  checkpoint starting: immediate force wait
verify	Stop containers	2026-10-04T07:29:39.6734387Z  2026-10-04 07:15:03.728 UTC [62] LOG:  checkpoint complete: wrote 4 buffers (0.0%); 0 WAL file(s) added, 0 removed, 2 recycled; write=0.001 s, sync=0.001 s, total=0.006 s; sync files=4, longest=0.001 s, average=0.001 s; distance=19770 kB, estimate=142465 kB; lsn=0/1F26B448, redo lsn=0/1F26B3F0
verify	Stop containers	2026-10-04T07:29:39.6735468Z  2026-10-04 07:15:24.863 UTC [62] LOG:  checkpoint starting: immediate force wait
verify	Stop containers	2026-10-04T07:29:39.6736558Z  2026-10-04 07:15:24.867 UTC [62] LOG:  checkpoint complete: wrote 4 buffers (0.0%); 0 WAL file(s) added, 0 removed, 0 recycled; write=0.001 s, sync=0.001 s, total=0.005 s; sync files=4, longest=0.001 s, average=0.001 s; distance=13700 kB, estimate=129589 kB; lsn=0/1FFCC4D0, redo lsn=0/1FFCC478
verify	Stop containers	2026-10-04T07:29:39.6737630Z  2026-10-04 07:15:41.145 UTC [62] LOG:  checkpoint starting: immediate force wait
verify	Stop containers	2026-10-04T07:29:39.6738700Z  2026-10-04 07:15:41.150 UTC [62] LOG:  checkpoint complete: wrote 5 buffers (0.0%); 0 WAL file(s) added, 0 removed, 1 recycled; write=0.001 s, sync=0.001 s, total=0.005 s; sync files=4, longest=0.001 s, average=0.001 s; distance=11547 kB, estimate=117785 kB; lsn=0/20B132F0, redo lsn=0/20B13298
verify	Stop containers	2026-10-04T07:29:39.6740194Z  2026-10-04 07:15:49.049 UTC [1656] LOG:  skipping analyze of "domains" --- lock not available
verify	Stop containers	2026-10-04T07:29:39.6740621Z  
verify	Stop containers	2026-10-04T07:29:39.6740910Z  The database cluster will be initialized with locale "en_US.utf8".
verify	Stop containers	2026-10-04T07:29:39.6741390Z  The default database encoding has accordingly been set to "UTF8".
verify	Stop containers	2026-10-04T07:29:39.6741827Z  The default text search configuration will be set to "english".
verify	Stop containers	2026-10-04T07:29:39.6742165Z  
verify	Stop containers	2026-10-04T07:29:39.6742369Z  Data page checksums are disabled.
verify	Stop containers	2026-10-04T07:29:39.6742621Z  
verify	Stop containers	2026-10-04T07:29:39.6742948Z  fixing permissions on existing directory /var/lib/postgresql/data ... ok
verify	Stop containers	2026-10-04T07:29:39.6743353Z  creating subdirectories ... ok
verify	Stop containers	2026-10-04T07:29:39.6743682Z  selecting dynamic shared memory implementation ... posix
verify	Stop containers	2026-10-04T07:29:39.6744043Z  selecting default "max_connections" ... 100
verify	Stop containers	2026-10-04T07:29:39.6744368Z  selecting default "shared_buffers" ... 128MB
verify	Stop containers	2026-10-04T07:29:39.6744670Z  selecting default time zone ... Etc/UTC
verify	Stop containers	2026-10-04T07:29:39.6744970Z  creating configuration files ... ok
verify	Stop containers	2026-10-04T07:29:39.6745251Z  running bootstrap script ... ok
verify	Stop containers	2026-10-04T07:29:39.6745553Z  performing post-bootstrap initialization ... ok
verify	Stop containers	2026-10-04T07:29:39.6745875Z  syncing data to disk ... ok
verify	Stop containers	2026-10-04T07:29:39.6746242Z  
verify	Stop containers	2026-10-04T07:29:39.6746419Z  
verify	Stop containers	2026-10-04T07:29:39.6746658Z  Success. You can now start the database server using:
verify	Stop containers	2026-10-04T07:29:39.6746969Z  
verify	Stop containers	2026-10-04T07:29:39.6747215Z      pg_ctl -D /var/lib/postgresql/data -l logfile start
verify	Stop containers	2026-10-04T07:29:39.6747530Z  
verify	Stop containers	2026-10-04T07:29:39.6748182Z  waiting for server to start....2026-10-04 07:09:13.295 UTC [48] LOG:  starting PostgreSQL 17.11 (Debian 17.11-1.pgdg13+2) on x86_64-pc-linux-gnu, compiled by gcc (Debian 14.2.0-19) 14.2.0, 64-bit
verify	Stop containers	2026-10-04T07:29:39.6749082Z  2026-10-04 07:09:13.296 UTC [48] LOG:  listening on Unix socket "/var/run/postgresql/.s.PGSQL.5432"
verify	Stop containers	2026-10-04T07:29:39.6749933Z  2026-10-04 07:09:13.298 UTC [51] LOG:  database system was shut down at 2026-10-04 07:09:13 UTC
verify	Stop containers	2026-10-04T07:29:39.6750550Z  2026-10-04 07:09:13.301 UTC [48] LOG:  database system is ready to accept connections
verify	Stop containers	2026-10-04T07:29:39.6750943Z   done
verify	Stop containers	2026-10-04T07:29:39.6751133Z  server started
verify	Stop containers	2026-10-04T07:29:39.6751345Z  CREATE DATABASE
verify	Stop containers	2026-10-04T07:29:39.6751542Z  
verify	Stop containers	2026-10-04T07:29:39.6751716Z  
verify	Stop containers	2026-10-04T07:29:39.6752054Z  /usr/local/bin/docker-entrypoint.sh: ignoring /docker-entrypoint-initdb.d/*
verify	Stop containers	2026-10-04T07:29:39.6752452Z  
verify	Stop containers	2026-10-04T07:29:39.6752822Z  waiting for server to shut down...2026-10-04 07:09:13.480 UTC [48] LOG:  received fast shutdown request
verify	Stop containers	2026-10-04T07:29:39.6753360Z  .2026-10-04 07:09:13.481 UTC [48] LOG:  aborting any active transactions
verify	Stop containers	2026-10-04T07:29:39.6753956Z  2026-10-04 07:09:13.483 UTC [48] LOG:  background worker "logical replication launcher" (PID 54) exited with exit code 1
verify	Stop containers	2026-10-04T07:29:39.6754498Z  2026-10-04 07:09:13.484 UTC [49] LOG:  shutting down
verify	Stop containers	2026-10-04T07:29:39.6754903Z  2026-10-04 07:09:13.484 UTC [49] LOG:  checkpoint starting: shutdown immediate
verify	Stop containers	2026-10-04T07:29:39.6755998Z  2026-10-04 07:09:13.498 UTC [49] LOG:  checkpoint complete: wrote 925 buffers (5.6%); 0 WAL file(s) added, 0 removed, 0 recycled; write=0.012 s, sync=0.002 s, total=0.015 s; sync files=301, longest=0.001 s, average=0.001 s; distance=4256 kB, estimate=4256 kB; lsn=0/19179B8, redo lsn=0/19179B8
verify	Stop containers	2026-10-04T07:29:39.6757064Z  2026-10-04 07:09:13.505 UTC [48] LOG:  database system is shut down
verify	Stop containers	2026-10-04T07:29:39.6757414Z   done
verify	Stop containers	2026-10-04T07:29:39.6757613Z  server stopped
verify	Stop containers	2026-10-04T07:29:39.6757819Z  
verify	Stop containers	2026-10-04T07:29:39.6758058Z  PostgreSQL init process complete; ready for start up.
verify	Stop containers	2026-10-04T07:29:39.6758364Z  
verify	Stop containers	2026-10-04T07:29:39.6758678Z  2026-10-04 07:16:03.420 UTC [62] LOG:  checkpoint starting: immediate force wait
verify	Stop containers	2026-10-04T07:29:39.6760007Z  2026-10-04 07:16:03.425 UTC [62] LOG:  checkpoint complete: wrote 4 buffers (0.0%); 0 WAL file(s) added, 1 removed, 0 recycled; write=0.001 s, sync=0.001 s, total=0.005 s; sync files=4, longest=0.001 s, average=0.001 s; distance=11658 kB, estimate=107172 kB; lsn=0/21675BD8, redo lsn=0/21675B80
verify	Stop containers	2026-10-04T07:29:39.6761337Z  2026-10-04 07:16:23.425 UTC [1714] LOG:  unexpected EOF on client connection with an open transaction
verify	Stop containers	2026-10-04T07:29:39.6761889Z  2026-10-04 07:16:47.512 UTC [62] LOG:  checkpoint starting: immediate force wait
verify	Stop containers	2026-10-04T07:29:39.6762986Z  2026-10-04 07:16:47.516 UTC [62] LOG:  checkpoint complete: wrote 4 buffers (0.0%); 0 WAL file(s) added, 1 removed, 2 recycled; write=0.001 s, sync=0.001 s, total=0.005 s; sync files=4, longest=0.001 s, average=0.001 s; distance=56894 kB, estimate=102144 kB; lsn=0/24E05618, redo lsn=0/24E055C0
verify	Stop containers	2026-10-04T07:29:39.6764069Z  2026-10-04 07:17:26.642 UTC [62] LOG:  checkpoint starting: immediate force wait
verify	Stop containers	2026-10-04T07:29:39.6765135Z  2026-10-04 07:17:26.648 UTC [62] LOG:  checkpoint complete: wrote 5 buffers (0.0%); 0 WAL file(s) added, 1 removed, 0 recycled; write=0.001 s, sync=0.001 s, total=0.006 s; sync files=4, longest=0.001 s, average=0.001 s; distance=12976 kB, estimate=93227 kB; lsn=0/25AB1928, redo lsn=0/25AB18D0
verify	Stop containers	2026-10-04T07:29:39.6766222Z  2026-10-04 07:18:01.369 UTC [62] LOG:  checkpoint starting: immediate force wait
verify	Stop containers	2026-10-04T07:29:39.6767293Z  2026-10-04 07:18:01.374 UTC [62] LOG:  checkpoint complete: wrote 4 buffers (0.0%); 0 WAL file(s) added, 1 removed, 0 recycled; write=0.001 s, sync=0.002 s, total=0.006 s; sync files=4, longest=0.001 s, average=0.001 s; distance=17198 kB, estimate=85624 kB; lsn=0/26B7D4C0, redo lsn=0/26B7D468
verify	Stop containers	2026-10-04T07:29:39.6768492Z  2026-10-04 07:18:26.572 UTC [62] LOG:  checkpoint starting: immediate force wait
verify	Stop containers	2026-10-04T07:29:39.6769782Z  2026-10-04 07:18:26.577 UTC [62] LOG:  checkpoint complete: wrote 5 buffers (0.0%); 0 WAL file(s) added, 1 removed, 0 recycled; write=0.001 s, sync=0.001 s, total=0.006 s; sync files=4, longest=0.001 s, average=0.001 s; distance=13501 kB, estimate=78412 kB; lsn=0/278ACCB0, redo lsn=0/278ACC58
verify	Stop containers	2026-10-04T07:29:39.6770874Z  2026-10-04 07:19:21.491 UTC [62] LOG:  checkpoint starting: immediate force wait
verify	Stop containers	2026-10-04T07:29:39.6771941Z  2026-10-04 07:19:21.496 UTC [62] LOG:  checkpoint complete: wrote 4 buffers (0.0%); 0 WAL file(s) added, 0 removed, 1 recycled; write=0.001 s, sync=0.001 s, total=0.006 s; sync files=4, longest=0.001 s, average=0.001 s; distance=20643 kB, estimate=72635 kB; lsn=0/28CD5B38, redo lsn=0/28CD5AE0
verify	Stop containers	2026-10-04T07:29:39.6773009Z  2026-10-04 07:20:08.526 UTC [62] LOG:  checkpoint starting: immediate force wait
verify	Stop containers	2026-10-04T07:29:39.6774080Z  2026-10-04 07:20:08.532 UTC [62] LOG:  checkpoint complete: wrote 5 buffers (0.0%); 0 WAL file(s) added, 1 removed, 0 recycled; write=0.001 s, sync=0.001 s, total=0.006 s; sync files=4, longest=0.001 s, average=0.001 s; distance=15096 kB, estimate=66881 kB; lsn=0/29B93DA0, redo lsn=0/29B93D48
verify	Stop containers	2026-10-04T07:29:39.6775143Z  2026-10-04 07:20:35.838 UTC [62] LOG:  checkpoint starting: immediate force wait
verify	Stop containers	2026-10-04T07:29:39.6776209Z  2026-10-04 07:20:35.843 UTC [62] LOG:  checkpoint complete: wrote 4 buffers (0.0%); 0 WAL file(s) added, 1 removed, 0 recycled; write=0.001 s, sync=0.001 s, total=0.006 s; sync files=4, longest=0.001 s, average=0.001 s; distance=16123 kB, estimate=61806 kB; lsn=0/2AB52D50, redo lsn=0/2AB52CF8
verify	Stop containers	2026-10-04T07:29:39.6777276Z  2026-10-04 07:21:12.014 UTC [62] LOG:  checkpoint starting: immediate force wait
verify	Stop containers	2026-10-04T07:29:39.6778353Z  2026-10-04 07:21:12.020 UTC [62] LOG:  checkpoint complete: wrote 5 buffers (0.0%); 0 WAL file(s) added, 1 removed, 1 recycled; write=0.001 s, sync=0.002 s, total=0.007 s; sync files=4, longest=0.001 s, average=0.001 s; distance=23432 kB, estimate=57968 kB; lsn=0/2C235140, redo lsn=0/2C2350E8
verify	Stop containers	2026-10-04T07:29:39.6779424Z  2026-10-04 07:22:12.456 UTC [62] LOG:  checkpoint starting: immediate force wait
verify	Stop containers	2026-10-04T07:29:39.6780723Z  2026-10-04 07:22:12.461 UTC [62] LOG:  checkpoint complete: wrote 5 buffers (0.0%); 0 WAL file(s) added, 0 removed, 1 recycled; write=0.001 s, sync=0.001 s, total=0.006 s; sync files=4, longest=0.001 s, average=0.001 s; distance=24027 kB, estimate=54574 kB; lsn=0/2D9AC120, redo lsn=0/2D9AC0C8
verify	Stop containers	2026-10-04T07:29:39.6781953Z  2026-10-04 07:22:38.347 UTC [62] LOG:  checkpoint starting: immediate force wait
verify	Stop containers	2026-10-04T07:29:39.6783037Z  2026-10-04 07:22:38.353 UTC [62] LOG:  checkpoint complete: wrote 5 buffers (0.0%); 0 WAL file(s) added, 0 removed, 1 recycled; write=0.001 s, sync=0.001 s, total=0.006 s; sync files=4, longest=0.001 s, average=0.001 s; distance=17974 kB, estimate=50914 kB; lsn=0/2EB39C78, redo lsn=0/2EB39C20
verify	Stop containers	2026-10-04T07:29:39.6784119Z  2026-10-04 07:23:51.376 UTC [62] LOG:  checkpoint starting: immediate force wait
verify	Stop containers	2026-10-04T07:29:39.6785184Z  2026-10-04 07:23:51.382 UTC [62] LOG:  checkpoint complete: wrote 5 buffers (0.0%); 0 WAL file(s) added, 0 removed, 2 recycled; write=0.001 s, sync=0.002 s, total=0.007 s; sync files=4, longest=0.001 s, average=0.001 s; distance=35766 kB, estimate=49399 kB; lsn=0/30E274A8, redo lsn=0/30E27450
verify	Stop containers	2026-10-04T07:29:39.6786262Z  2026-10-04 07:24:37.456 UTC [62] LOG:  checkpoint starting: immediate force wait
verify	Stop containers	2026-10-04T07:29:39.6787329Z  2026-10-04 07:24:37.464 UTC [62] LOG:  checkpoint complete: wrote 5 buffers (0.0%); 0 WAL file(s) added, 1 removed, 1 recycled; write=0.001 s, sync=0.001 s, total=0.009 s; sync files=4, longest=0.001 s, average=0.001 s; distance=24638 kB, estimate=46923 kB; lsn=0/32636E78, redo lsn=0/32636E20
verify	Stop containers	2026-10-04T07:29:39.6788511Z  2026-10-04 07:25:38.254 UTC [62] LOG:  checkpoint starting: immediate force wait
verify	Stop containers	2026-10-04T07:29:39.6789799Z  2026-10-04 07:25:38.259 UTC [62] LOG:  checkpoint complete: wrote 5 buffers (0.0%); 0 WAL file(s) added, 0 removed, 1 recycled; write=0.001 s, sync=0.001 s, total=0.006 s; sync files=4, longest=0.001 s, average=0.001 s; distance=23592 kB, estimate=44590 kB; lsn=0/33D40FD8, redo lsn=0/33D40F80
verify	Stop containers	2026-10-04T07:29:39.6790930Z  2026-10-04 07:26:07.408 UTC [62] LOG:  checkpoint starting: immediate force wait
verify	Stop containers	2026-10-04T07:29:39.6792016Z  2026-10-04 07:26:07.413 UTC [62] LOG:  checkpoint complete: wrote 5 buffers (0.0%); 0 WAL file(s) added, 1 removed, 1 recycled; write=0.001 s, sync=0.001 s, total=0.006 s; sync files=4, longest=0.001 s, average=0.001 s; distance=21857 kB, estimate=42317 kB; lsn=0/352995A8, redo lsn=0/35299550
verify	Stop containers	2026-10-04T07:29:39.6793162Z  2026-10-04 07:26:19.563 UTC [4210] LOG:  skipping analyze of "auth_preauth" --- lock not available
verify	Stop containers	2026-10-04T07:29:39.6793784Z  2026-10-04 07:26:19.563 UTC [4210] LOG:  skipping analyze of "auth_audit_events" --- lock not available
verify	Stop containers	2026-10-04T07:29:39.6794395Z  2026-10-04 07:26:19.563 UTC [4210] LOG:  skipping analyze of "auth_rate_limits" --- lock not available
verify	Stop containers	2026-10-04T07:29:39.6795023Z  2026-10-04 07:26:19.563 UTC [4210] LOG:  skipping analyze of "question_instances" --- lock not available
verify	Stop containers	2026-10-04T07:29:39.6795677Z  2026-10-04 07:26:19.563 UTC [4210] LOG:  skipping analyze of "question_submission_members" --- lock not available
verify	Stop containers	2026-10-04T07:29:39.6796349Z  2026-10-04 07:26:19.566 UTC [4210] LOG:  skipping analyze of "question_instance_coverage" --- lock not available
verify	Stop containers	2026-10-04T07:29:39.6797017Z  2026-10-04 07:26:19.566 UTC [4210] LOG:  skipping analyze of "question_publication_members" --- lock not available
verify	Stop containers	2026-10-04T07:29:39.6797658Z  2026-10-04 07:26:19.566 UTC [4210] LOG:  skipping vacuum of "pg_toast_280513" --- lock not available
verify	Stop containers	2026-10-04T07:29:39.6798246Z  2026-10-04 07:26:19.566 UTC [4210] LOG:  skipping vacuum of "pg_toast_280407" --- lock not available
verify	Stop containers	2026-10-04T07:29:39.6798827Z  2026-10-04 07:26:19.566 UTC [4210] LOG:  skipping vacuum of "pg_toast_280634" --- lock not available
verify	Stop containers	2026-10-04T07:29:39.6799352Z  2026-10-04 07:26:27.199 UTC [62] LOG:  checkpoint starting: immediate force wait
verify	Stop containers	2026-10-04T07:29:39.6800625Z  2026-10-04 07:26:27.203 UTC [62] LOG:  checkpoint complete: wrote 5 buffers (0.0%); 0 WAL file(s) added, 0 removed, 1 recycled; write=0.001 s, sync=0.001 s, total=0.005 s; sync files=4, longest=0.001 s, average=0.001 s; distance=15037 kB, estimate=39589 kB; lsn=0/36148CD8, redo lsn=0/36148C80
verify	Stop containers	2026-10-04T07:29:39.6801706Z  2026-10-04 07:27:17.153 UTC [62] LOG:  checkpoint starting: immediate force wait
verify	Stop containers	2026-10-04T07:29:39.6802940Z  2026-10-04 07:27:17.157 UTC [62] LOG:  checkpoint complete: wrote 4 buffers (0.0%); 0 WAL file(s) added, 0 removed, 1 recycled; write=0.001 s, sync=0.001 s, total=0.005 s; sync files=4, longest=0.001 s, average=0.001 s; distance=23365 kB, estimate=37966 kB; lsn=0/3781A168, redo lsn=0/3781A110
verify	Stop containers	2026-10-04T07:29:39.6804005Z  2026-10-04 07:28:18.178 UTC [62] LOG:  checkpoint starting: immediate force wait
verify	Stop containers	2026-10-04T07:29:39.6805116Z  2026-10-04 07:28:18.183 UTC [62] LOG:  checkpoint complete: wrote 5 buffers (0.0%); 0 WAL file(s) added, 0 removed, 8 recycled; write=0.001 s, sync=0.001 s, total=0.005 s; sync files=4, longest=0.001 s, average=0.001 s; distance=128970 kB, estimate=128970 kB; lsn=0/3F60CC08, redo lsn=0/3F60CBB0
verify	Stop containers	2026-10-04T07:29:39.6806201Z  2026-10-04 07:29:38.811 UTC [62] LOG:  checkpoint starting: immediate force wait
verify	Stop containers	2026-10-04T07:29:39.6807281Z  2026-10-04 07:29:38.816 UTC [62] LOG:  checkpoint complete: wrote 6 buffers (0.0%); 0 WAL file(s) added, 0 removed, 8 recycled; write=0.002 s, sync=0.002 s, total=0.006 s; sync files=4, longest=0.001 s, average=0.001 s; distance=132933 kB, estimate=132933 kB; lsn=0/477DE2E0, redo lsn=0/477DE288
verify	Stop containers	2026-10-04T07:29:39.6814210Z Stop and remove container: 9380e6430b9a474383eca09b40f6ec31_postgres1711_9f7a4a
verify	Stop containers	2026-10-04T07:29:39.6819980Z ##[command]/usr/bin/docker rm --force 02f6f51fd5fde2cd883284ad03c902e0dbbb378e794be000ce269a22f2425884
verify	Stop containers	2026-10-04T07:29:39.8466631Z 02f6f51fd5fde2cd883284ad03c902e0dbbb378e794be000ce269a22f2425884
verify	Stop containers	2026-10-04T07:29:39.8497639Z Remove container network: github_network_3070d4e8d7244dd3ba7ce21969cfd0c8
verify	Stop containers	2026-10-04T07:29:39.8502463Z ##[command]/usr/bin/docker network rm github_network_3070d4e8d7244dd3ba7ce21969cfd0c8
verify	Stop containers	2026-10-04T07:29:39.9395658Z github_network_3070d4e8d7244dd3ba7ce21969cfd0c8
verify	Complete job	﻿2026-10-04T07:29:39.9469940Z Cleaning up orphan processes
